-3102	2	18	world	history	Kali Yuga, the fourth and final yuga of Hinduism, starts with the death of Krishna.
-3000	0	0	world	history	Writing begins in Sumer (cuneiform) and Egypt (hieroglyphs)
-2600	0	0	india	history	Harappan (Indus Valley) cities such as Mohenjo-daro and Harappa flourish
-2560	0	0	world	history	Great Pyramid of Giza built for Pharaoh Khufu
-1754	0	0	world	history	Code of Hammurabi written in Babylon
-1500	0	0	india	history	Early Vedic period begins in northern India
-1000	0	0	india	history	Later Vedic period; iron begins to be used in the Ganga plains
-776	0	0	world	history	First recorded ancient Olympic Games in Greece
-753	0	0	world	history	Traditional founding of Rome
-753	4	21	world	history	Romulus founds Rome (traditional date).
-600	0	0	india	history	Sixteen Mahajanapadas; Gautama Buddha and Mahavira teach (6th c. BCE)
-585	9	13	world	history	Lucius Tarquinius Priscus, king of Rome, celebrates a triumph for his victories over the Sabines, and the surrender of Collatia.
-567	5	25	world	history	Servius Tullius, the king of Rome, celebrates a triumph for his victory over the Etruscans.
-518	0	0	india	history	Persian emperor Darius I conquers the Indus region
-509	0	0	world	history	Roman Republic established
-509	9	13	world	history	The Temple of Jupiter Optimus Maximus on Rome's Capitoline Hill is dedicated on the ides of September.
-503	4	4	world	history	Roman consul Agrippa Menenius Lanatus celebrates a triumph for a military victory over the Sabines.
-490	0	0	world	history	Battle of Marathon: Athens defeats Persia
-362	7	4	world	history	Battle of Mantinea: The Thebans, led by Epaminondas, defeat the Spartans.
-356	7	21	world	history	The Temple of Artemis in Ephesus, one of the Seven Wonders of the World, is destroyed by arson.
-331	0	0	world	history	Alexander the Great defeats Darius III at Gaugamela
-326	0	0	india	history	Alexander defeats Porus at the Battle of the Hydaspes
-321	0	0	india	history	Chandragupta Maurya founds the Maurya Empire with Kautilya's help
-261	0	0	india	history	Kalinga war; Ashoka turns to Buddhism and dhamma
-250	0	0	world	science	Archimedes discovers the principle of buoyancy (c. 250 BCE)
-241	3	10	world	history	First Punic War: Battle of the Aegates: The Romans sink the Carthaginian fleet bringing the First Punic War to an end.
-240	0	0	world	science	Eratosthenes measures the Earth's circumference
-221	0	0	world	history	Qin Shi Huang unifies China
-217	6	22	world	history	Battle of Raphia: Ptolemy IV Philopator of Egypt defeats Antiochus III the Great of the Seleucid kingdom.
-216	8	2	world	history	The Carthaginian army led by Hannibal defeats a numerically superior Roman army at the Battle of Cannae.
-185	0	0	india	history	Pushyamitra Shunga ends Maurya rule
-168	6	22	world	science	Battle of Pydna: Romans under Lucius Aemilius Paullus defeat Macedonian King Perseus who surrenders after the battle, ending the Third Macedonian War.
-100	0	0	india	history	Sangam age in the Tamil country (c. 300 BCE to 300 CE)
-61	9	29	world	history	Pompey the Great celebrates his third triumph for victories over the pirates and the end of the Mithridatic Wars on his 45th birthday.
-52	10	3	world	history	Gallic Wars: Vercingetorix, leader of the Gauls, surrenders to the Romans under Julius Caesar, ending the siege and battle of Alesia.
-49	1	10	world	history	Julius Caesar crosses the Rubicon, signalling the start of civil war.
-48	8	9	world	history	Caesar's Civil War: Battle of Pharsalus: Julius Caesar decisively defeats Pompey at Pharsalus and Pompey flees to Egypt.
-48	10	2	world	history	Julius Caesar arrives in Ptolemaic Egypt in his pursuit of Pompey and learns of the latter's death.
-47	8	2	world	history	Julius Caesar defeats Pharnaces II of Pontus in the battle of Zela.
-46	1	4	world	history	Julius Caesar fights Titus Labienus in the Battle of Ruspina.
-46	4	6	world	history	Julius Caesar defeats Caecilius Metellus Scipio and Marcus Porcius Cato (Cato the Younger) at the Battle of Thapsus.
-45	3	17	world	history	In his last victory, Julius Caesar defeats the Pompeian forces of Titus Labienus and Pompey the Younger in the Battle of Munda.
-44	3	15	world	history	Julius Caesar assassinated (15 March)
-44	9	2	world	history	Pharaoh Cleopatra VII of Egypt declares her son co-ruler as Ptolemy XV Caesarion.
-44	9	2	world	science	Cicero launches the first of his Philippicae (oratorical attacks) on Mark Antony. He will make 14 of them over the following months.
-43	4	14	world	history	Legions loyal to the Roman Senate, commanded by Gaius Pansa, defeat the forces of Mark Antony in the Battle of Forum Gallorum.
-38	1	17	world	history	Octavian divorces his wife Scribonia and marries Livia Drusilla, ending the fragile peace between the Second Triumvirate and Sextus Pompey.
-31	9	2	world	history	Final War of the Roman Republic: Battle of Actium: Off the western coast of Greece, forces of Octavian defeat troops under Mark Antony and Cleopatra.
-29	8	13	world	history	Octavian holds the first of three consecutive triumphs in Rome to celebrate the victory over the Dalmatian tribes.
-29	8	14	world	history	Octavian holds the second of three consecutive triumphs in Rome to celebrate the victory over the Dalmatian tribes.
-28	5	10	world	history	A sunspot is observed by Han dynasty astronomers during the reign of Emperor Cheng of Han, one of the earliest dated sunspot observations in China.
-27	0	0	world	history	Augustus becomes the first Roman emperor
-27	1	16	world	history	Gaius Julius Caesar Octavianus is granted the title Augustus by the Roman Senate, marking the beginning of the Roman Empire.
-2	2	5	world	history	Caesar Augustus is granted the title pater patriae by the Roman Senate.
8	8	3	world	history	Roman Empire general Tiberius defeats the Dalmatae on the river Bosna.
14	9	8	world	history	The funeral of Augustus takes place. His body is cremated and placed in his mausoleum.
14	9	17	world	history	The Roman Senate decides to deify the late emperor Augustus.
17	5	26	world	history	Germanicus celebrates a triumph in Rome for his victories over the Cherusci, Chatti, and other German tribes west of the Elbe.
25	8	5	world	history	Guangwu claims the throne as Emperor of China, restoring the Han dynasty after the collapse of the short-lived Xin dynasty.
25	11	27	world	history	Luoyang is declared capital of the Eastern Han dynasty by Emperor Guangwu of Han.
38	9	23	world	history	Drusilla, Caligula's sister who died in June, with whom the emperor is said to have an incestuous relationship, is deified.
41	1	24	world	history	Claudius is proclaimed Roman emperor by the Praetorian Guard after they assassinate the previous emperor, his nephew Caligula.
41	1	25	world	history	After a night of negotiation, Claudius is accepted as Roman emperor by the Senate.
51	3	4	world	history	Nero, later to become Roman emperor, is given the title princeps iuventutis (head of the youth).
62	2	5	world	history	An earthquake with an estimated intensity between IX or X on the Mercalli scale occurs in Pompeii, Italy.
65	4	19	world	history	The freedman Milichus betrays Piso's plot to kill the Emperor Nero and all of the conspirators are arrested.
69	1	2	world	history	The Roman legions in Germania Superior refuse to swear loyalty to Galba. They rebel and proclaim Vitellius as emperor.
69	1	3	world	history	The Roman legions on the Rhine refuse to declare their allegiance to Galba, instead proclaiming their legate, Aulus Vitellius, as emperor.
69	1	10	world	history	Lucius Calpurnius Piso Licinianus is appointed by Galba as deputy Roman Emperor.
69	4	14	world	history	Vitellius, commanding Rhine-based armies, defeats Roman emperor Otho in the First Battle of Bedriacum to take power over Rome.
69	8	1	world	history	Batavian rebellion: The Batavians in Germania Inferior (Netherlands) revolt under the leadership of Gaius Julius Civilis.
69	12	20	world	history	Antonius Primus enters Rome to claim the title of Emperor for Nero's former general Vespasian.
69	12	21	world	history	The Roman Senate declares Vespasian emperor of Rome, the last in the Year of the Four Emperors.
69	12	22	world	history	Vespasian is proclaimed Emperor of Rome; his predecessor, Vitellius, attempts to abdicate but is captured and killed at the Gemonian stairs.
70	7	15	world	history	First Jewish–Roman War: Titus and his armies breach the walls of Jerusalem. (17th of Tammuz in the Hebrew calendar).
70	8	30	world	history	Titus ends the siege of Jerusalem after destroying Herod's Temple.
70	9	8	world	history	After the capture of Herod's Palace the previous day, a Roman army under Titus secures and plunders the city of Jerusalem.
78	0	0	india	history	Start of the Shaka era, India's national calendar era (c. 78 CE)
79	8	23	world	history	Mount Vesuvius begins stirring, on the feast day of Vulcan, the Roman god of fire.
81	9	14	world	history	Domitian became Emperor of the Roman Empire upon the death of his brother Titus.
96	9	18	world	history	Emperor Domitian is assassinated as a result of a plot by his wife Domitia and two Praetorian prefects. Nerva is then proclaimed as his successor.
97	10	28	world	history	Roman emperor Nerva is forced by the Praetorian Guard to adopt general Marcus Ulpius Trajanus as his heir and successor.
98	1	27	world	history	Trajan succeeds his adoptive father Nerva as Roman emperor.
98	1	28	world	history	On the death of Nerva, Trajan is declared Roman emperor in Cologne, the seat of his government in lower Germany.
109	6	24	world	history	Roman emperor Trajan inaugurates the Aqua Traiana, an aqueduct that channels water from Lake Bracciano, 40 kilometres (25 miles) northwest of Rome.
113	5	12	world	history	Roman emperor Trajan dedicates a column celebrating and depicting his victory over the Dacians.
120	0	0	india	history	Kanishka's Kushana empire; Gandhara art and Mahayana Buddhism spread (c. 127 CE)
138	2	25	world	history	Roman emperor Hadrian adopts Antoninus Pius as his son, effectively making him his successor.
150	0	0	world	science	Ptolemy writes the Almagest
176	11	27	world	history	Emperor Marcus Aurelius grants his son Commodus the rank of "Imperator" and makes him Supreme Commander of the Roman legions.
180	3	17	world	history	Commodus becomes sole emperor of the Roman Empire at the age of eighteen, following the death of his father, Marcus Aurelius.
193	1	1	world	history	The Senate chooses Pertinax against his will to succeed Commodus as Roman emperor.
218	6	8	world	history	Battle of Antioch: With the support of the Syrian legions, Elagabalus defeats the forces of emperor Macrinus.
220	12	11	world	history	Emperor Xian of Han is forced to abdicate the throne by Cao Cao's son Cao Pi, ending the Han dynasty.
221	5	15	world	history	Liu Bei, Chinese warlord, proclaims himself emperor of Shu Han, the successor of the Han dynasty.
224	4	28	world	history	The Battle of Hormozdgan is fought. Ardashir I defeats and kills Artabanus V, effectively ending the Parthian Empire.
236	1	10	world	history	Pope Fabian succeeds Anterus to become the twentieth pope of Rome.
238	4	10	world	history	During the year of Six Emperors, forces of Gordian I and Gordian II are defeated by those of Maximinus Thrax in the battle of Carthage.
238	7	29	world	history	The Praetorian guard revolts against emperors Balbinus and Pupienus and arrests them.
240	4	12	world	history	Shapur I becomes co-emperor of the Sasanian Empire with his father Ardashir I.
250	1	3	world	history	Emperor Decius orders everyone in the Roman Empire (except Jews) to make sacrifices to the Roman gods.
254	5	12	world	history	Pope Stephen I succeeds Pope Lucius I, becoming the 23rd pope of the Catholic Church, and immediately takes a stand against Novatianism.
259	7	22	world	history	Election of Pope Dionysius after the death of Pope Sixtus II in the persecutions of Emperor Valerian in the previous year.
293	5	21	world	history	Roman Emperors Diocletian and Maximian appoint Galerius as Caesar to Diocletian, beginning the period of four rulers known as the Tetrarchy.
301	9	3	world	history	San Marino, one of the smallest nations in the world and the world's oldest republic still in existence, is founded by Saint Marinus.
307	1	8	world	history	Sima Chi becomes emperor of the Jin dynasty in succession to his brother, Sima Zhong, despite a challenge from his other brother, Sima Ying.
307	3	31	world	history	After divorcing his wife Minervina, Constantine marries Fausta, daughter of the retired Roman emperor Maximian.
310	10	21	world	history	Sixty-five days after being exiled by the Emperor Maxentius to Sicily, Pope Eusebius dies.
311	4	30	world	history	The Diocletianic Persecution of Christians in the Roman Empire ends.
311	7	2	world	history	Beginning of the papacy of Pope Miltiades.
312	10	27	world	history	Constantine the Great is said to have received his famous Vision of the Cross.
315	7	25	world	history	The Arch of Constantine is completed near the Colosseum in Rome to commemorate Constantine I's victory over Maxentius at the Milvian Bridge.
316	10	8	world	history	Constantine I defeats Licinius, who loses his European territories.
320	0	0	india	history	Chandragupta I founds the Gupta Empire
324	7	3	world	history	Battle of Adrianople: Constantine I defeats Licinius, who flees to Byzantium.
335	11	7	world	history	Athanasius, 20th pope of Alexandria, is banished to Trier on the charge that he prevented a grain fleet from sailing to Constantinople.
337	9	9	world	history	Constantine II, Constantius II, and Constans succeed their father Constantine I as co-emperors. The Roman Empire is divided between the three Augusti.
357	4	28	world	history	Emperor Constantius II enters Rome for the first time to celebrate his victory over Magnus Magnentius.
365	11	1	world	history	Roman Emperor Valentinian I learns the Alemanni have crossed the Rhine and invaded Gaul.
366	1	2	world	history	The Alemanni cross the frozen Rhine in large numbers, invading the Roman Empire.
367	8	24	world	history	Gratian, son of Roman Emperor Valentinian I, is named co-Augustus at the age of eight by his father.
378	1	16	world	history	General Siyaj K'ak' conquers Tikal, enlarging the domain of King Spearthrower Owl of Teotihuacán.
379	1	19	world	history	Emperor Gratian elevates Flavius Theodosius at Sirmium to Augustus, and gives him authority over all the eastern provinces of the Roman Empire.
380	0	0	india	history	Chandragupta II (Vikramaditya) rules; Kalidasa's age
380	11	24	world	history	Theodosius I makes his adventus, or formal entry, into Constantinople.
382	10	3	world	history	Roman Emperor Theodosius I concludes a peace treaty with the Goths and settles them in the Balkans.
393	1	23	world	history	Roman emperor Theodosius I proclaims his eight-year-old son Honorius co-emperor.
395	11	27	world	history	Rufinus, praetorian prefect of the East, is murdered by Gothic mercenaries under Gainas.
401	11	18	world	history	The Visigoths, led by king Alaric I, cross the Alps and invade northern Italy.
402	4	6	world	history	Stilicho defeats the Visigoths under Alaric in the Battle of Pollentia.
406	8	23	world	history	The Western Roman army under Stilicho corners and defeats the Ostrogothic army in the battle of Faesulae.
406	12	31	world	history	Vandals, Alans and Suebians cross the Rhine, beginning an invasion of Gaul.
409	10	13	world	history	Vandals and Alans cross the Pyrenees and appear in Hispania.
417	1	1	world	history	Emperor Honorius forces Galla Placidia into marriage to Constantius, his famous general (magister militum) (probable).
417	1	27	world	history	Pope Innocent I declares Pelagius and his follower Caelestius excommunicated unless they return to orthodoxy.
421	6	7	world	history	Emperor Theodosius II marries Aelia Eudocia at Constantinople (Byzantine Empire).
431	6	22	world	history	The Council of Ephesus, the third ecumenical council, begins, dealing with Nestorianism.
440	9	29	world	history	Consecration of pope Leo I, later called Leo the Great, following the death of pope Sixtus III in the month before.
447	11	6	world	history	A powerful earthquake destroys large portions of the Walls of Constantinople, including 57 towers.
455	5	31	world	history	Emperor Petronius Maximus is stoned to death by an angry mob while fleeing Rome.
455	7	9	world	history	The elderly noble Avitus is proclaimed Roman emperor by Gothic king Theoderic II in Toulouse.
461	8	2	world	history	Western Roman Emperor Majorian is arrested near Tortona (northern Italy) and deposed by the Suebian general Ricimer.
461	8	7	world	history	Roman Emperor Majorian is beheaded near the river Iria in north-west Italy following his arrest and deposition by the magister militum Ricimer.
473	3	3	world	history	Gundobad (nephew of Ricimer) nominates Glycerius as emperor of the Western Roman Empire.
473	10	25	world	history	Emperor Leo I acclaims his grandson Leo II as Caesar of the East Roman Empire.
475	1	12	world	history	Byzantine Emperor Zeno is forced to flee his capital at Constantinople, and his general, Basiliscus gains control of the empire.
475	8	28	world	history	The Roman general Orestes forces western Roman Emperor Julius Nepos to flee his capital city, Ravenna.
476	0	0	world	history	Fall of the Western Roman Empire
476	8	23	world	history	Odoacer, chieftain of the Germanic tribes (Herulic – Scirian foederati), is proclaimed rex Italiae ("King of Italy") by his troops.
476	9	4	world	history	Romulus Augustulus is deposed when Odoacer proclaims himself "King of Italy", thus ending the Western Roman Empire.
484	7	19	world	history	Leontius, Roman usurper, is crowned Eastern emperor at Tarsus (modern Turkey). He is recognized in Antioch and makes it his capital.
484	12	28	world	history	Alaric II succeeds his father Euric and becomes king of the Visigoths. He establishes his capital at Aire-sur-l'Adour (Southern Gaul).
489	8	28	world	history	Theodoric, king of the Ostrogoths, defeats Odoacer at the Battle of Isonzo, forcing his way into Italy.
489	9	30	world	history	The Ostrogoths under Theoderic the Great defeat the forces of Odoacer for the second time.
498	11	22	world	history	After the death of Anastasius II, Symmachus is elected Pope in the Lateran Palace, while Laurentius is elected Pope in Santa Maria Maggiore.
499	0	0	india	science	Aryabhata writes the Aryabhatiya, with zero as a place value and the Earth's rotation
505	0	0	india	science	Varahamihira completes the Pancha-Siddhantika on astronomy
523	8	13	world	history	John I becomes the new Pope after the death of Pope Hormisdas.
524	6	25	world	history	The Franks are defeated by the Burgundians in the Battle of Vézeronce.
529	4	7	world	history	First Corpus Juris Civilis, a fundamental work in jurisprudence, is issued by Eastern Roman Emperor Justinian I.
531	4	19	world	history	Battle of Callinicum: A Byzantine army under Belisarius is defeated by the Persians at Raqqa (northern Syria).
533	9	13	world	history	Belisarius of the Byzantine Empire defeats Gelimer and the Vandals at the Battle of Ad Decimum, near Carthage, North Africa.
546	12	17	world	history	Siege of Rome: The Ostrogoths under king Totila plunder the city, by bribing the Eastern Roman garrison.
550	1	16	world	history	The Ostrogoths, under King Totila, conquer Rome after a long siege, by bribing the Isaurian garrison.
570	0	0	world	history	Prophet Muhammad born at Mecca (c. 570)
574	12	7	world	history	Byzantine Emperor Justin II, suffering recurring seizures of insanity, adopts his general Tiberius and proclaims him as Caesar.
582	8	13	world	history	Maurice is crowned Emperor of the Byzantine Empire by the dying emperor Tiberius.
587	11	28	world	history	Treaty of Andelot: King Guntram of Burgundy recognizes Childebert II as his heir.
589	5	15	world	history	King Authari marries Theodelinda, daughter of the Bavarian duke Garibald I. A Catholic, she has great influence among the Lombard nobility.
602	11	27	world	history	Byzantine Emperor Maurice is forced to watch as the usurper Phocas executes his five sons before Maurice is beheaded himself.
604	9	13	world	history	Consecration of pope Sabinian following the death of pope Gregory I earlier that year.
606	0	0	india	history	Harshavardhana becomes king of Kannauj
610	8	7	world	history	Byzantine–Sasanian War of 602–628: Sassanid troops under general Shahrbaraz conquer the town of Zenobia.
613	1	22	world	history	Eight-month-old Heraclius Constantine is crowned as co-emperor (Caesar) by his father Heraclius at Constantinople.
619	11	2	world	history	A qaghan of the Western Turkic Khaganate is assassinated in a Chinese palace by Eastern Turkic rivals after the approval of Tang emperor Gaozu.
622	0	0	world	history	The Hijra; start of the Islamic calendar
626	7	2	world	history	Li Shimin, the future Emperor Taizong of Tang, ambushes and kills his rival brothers Li Yuanji and Li Jiancheng in the Xuanwu Gate Incident.
626	8	7	world	history	The Avar and Slav armies leave the siege of Constantinople.
626	9	4	world	history	Li Shimin, posthumously known as Emperor Taizong of Tang, assumes the throne over the Tang dynasty of China.
627	4	12	world	history	King Edwin of Northumbria is converted to Christianity by Paulinus, Bishop of York.
627	12	12	world	history	Battle of Nineveh: A Byzantine army under Emperor Heraclius defeats Emperor Khosrau II's Persian forces, commanded by General Rhahzadh.
628	2	25	world	history	Khosrow II, the last great Shah of the Sasanian Empire (Iran), is overthrown by his son Kavadh II.
629	0	0	india	history	Chinese pilgrim Xuanzang begins his journey to India
630	1	11	world	history	Conquest of Mecca: Muhammad and his followers conquer the city, and the Quraysh association of clans surrenders.
632	8	28	world	history	Fatimah, daughter of the Islamic prophet Muhammad, dies, with her cause of death being a controversial topic among the Sunni Muslims and Shia Muslims.
634	0	0	karnataka	history	Pulakeshin II of the Chalukyas of Badami defeats Harsha; Aihole inscription
634	9	19	world	history	Siege of Damascus: The Rashidun Arabs under Khalid ibn al-Walid capture Damascus from the Byzantine Empire.
636	8	15	world	history	Arab–Byzantine wars: The Battle of Yarmouk between the Byzantine Empire and the Rashidun Caliphate begins.
640	7	6	world	history	Battle of Heliopolis: The Muslim Arab army under 'Amr ibn al-'As defeat the Byzantine forces near Heliopolis (Egypt).
657	7	26	world	history	First Fitna: In the Battle of Siffin, troops led by Ali ibn Abu Talib clash with those led by Muawiyah I.
663	8	28	world	history	Silla–Tang armies crush the Baekje restoration attempt and force Yamato Japan to withdraw from Korea in the Battle of Baekgang.
673	9	3	world	history	King Wamba of the Visigoths puts down a revolt by Hilderic, governor of Nîmes (France) and rival for the throne.
684	8	18	world	history	Battle of Marj Rahit: Umayyad partisans defeat the supporters of Ibn al-Zubayr and cement Umayyad control of Syria.
686	8	6	world	history	The Umayyad forces suffer a decisive defeat against the pro-Alid forces under Ibrahim ibn al-Ashtar in the battle of Khazir.
711	4	27	world	history	Islamic conquest of Hispania: Moorish troops led by Tariq ibn Ziyad land at Gibraltar to begin their invasion of the Iberian Peninsula (Al-Andalus).
711	7	19	world	history	Umayyad conquest of Hispania: Battle of Guadalete: Umayyad forces under Tariq ibn Ziyad defeat the Visigoths led by King Roderic.
737	9	30	world	history	The Türgesh drive back an Umayyad invasion of Khuttal, follow them south of the Oxus, and capture their baggage train.
753	0	0	karnataka	history	Rashtrakutas under Dantidurga overthrow the Badami Chalukyas
755	12	16	world	history	An Lushan revolts against Chancellor Yang Guozhong at Yanjing, initiating the An Lushan Rebellion during the Tang dynasty of China.
756	2	5	world	history	An Lushan proclaims himself Emperor of China, founding the short-lived state of Yan.
756	5	15	world	history	Abd al-Rahman I, the founder of the Arab dynasty that ruled the greater part of Iberia for nearly three centuries, becomes emir of Cordova, Spain.
762	9	25	world	history	Led by Muhammad al-Nafs al-Zakiyya, the Hasanid branch of the Alids begins the Alid Revolt against the Abbasid Caliphate.
763	1	21	world	history	Following the Battle of Bakhamra between Alids and Abbasids near Kufa, the Alid rebellion ends with the death of Ibrahim, brother of Isa ibn Musa.
786	6	11	world	history	A Hasanid Alid uprising in Mecca is crushed by the Abbasids at the Battle of Fakhkh.
787	9	24	world	history	The Second Council of Nicaea begins at the Church of Holy Wisdom in the city of Nicaea in Bithynia.
788	0	0	india	history	Adi Shankaracharya born (c. 788 CE) and revives Advaita Vedanta
792	7	20	world	history	Kardam of Bulgaria defeats Byzantine Emperor Constantine VI at the Battle of Marcellae.
800	12	1	world	history	A council is convened in the Vatican, at which Charlemagne is to judge the accusations against Pope Leo III.
800	12	25	world	history	Charlemagne crowned Emperor in Rome (25 December)
801	4	4	world	history	King Louis the Pious captures Barcelona from the Moors after a siege of several months.
801	4	29	world	history	An earthquake in the Central Apennines hits Rome and Spoleto, damaging the basilica of San Paolo Fuori le Mura.
811	7	23	world	history	Byzantine emperor Nikephoros I plunders the Bulgarian capital of Pliska and captures Khan Krum's treasury.
811	7	26	world	history	Battle of Pliska: Byzantine Emperor Nikephoros I is killed and his heir Staurakios is seriously wounded.
811	10	2	world	history	Michael I Rangabe is proclaimed as Byzantine Emperor, forcing the rival claimant Staurakios to abdicate his claim.
814	1	28	world	history	The death of Charlemagne, the first Holy Roman Emperor, brings about the accession of his son Louis the Pious as ruler of the Frankish Empire.
823	4	5	world	history	Lothair I is crowned King of Italy by Pope Paschal I.
829	10	2	world	history	Theophilos succeeds his father Michael II as Byzantine Emperor.
830	0	0	world	science	Al-Khwarizmi writes the book that gives algebra its name (c. 820)
838	7	22	world	history	Battle of Anzen: The Byzantine emperor Theophilos suffers a heavy defeat by the Abbasids.
843	3	11	world	history	Triumph of Orthodoxy: Empress Theodora II restores the veneration of icons in the Orthodox churches in the Byzantine Empire.
845	11	22	world	history	The first duke of Brittany, Nominoe, defeats the Frankish king Charles the Bald at the Battle of Ballon near Redon.
847	11	24	world	history	An earthquake hits Syria, causing multiple casualties and damages in Antioch, Damascus and Mosul.
852	3	4	world	history	Croatian Knez Trpimir I issues a statute, a document with the first known written mention of the Croats name in Croatian sources.
861	12	11	world	history	Assassination of the Abbasid caliph al-Mutawakkil by the Turkish guard, who raise al-Muntasir to the throne, start of the "Anarchy at Samarra".
863	9	3	world	history	Major Byzantine victory under general Petronas at the Battle of Lalakaon against an Arab raid under emir Umar al-Aqta, who is killed in battle.
866	7	2	world	history	Battle of Brissarthe: The Franks led by Robert the Strong are defeated by a joint Breton-Viking army.
867	9	24	world	history	Byzantine emperor Michael III is murdered in his chamber by his junior emperor Basil I.
867	9	25	world	history	Basil I is crowned Byzantine emperor in the Hagia Sophia after he murdered the previous emperor Michael III in the night before.
870	8	29	world	history	The city of Melite surrenders to an Aghlabid army following a siege, putting an end to Byzantine Malta.
871	1	4	world	history	Battle of Reading: Æthelred of Wessex and his brother Alfred are defeated by a Danish invasion army.
871	1	8	world	history	Æthelred I and Alfred the Great lead a West Saxon army to repel an invasion by Danelaw Vikings.
871	1	22	world	history	Battle of Basing: The West Saxons led by King Æthelred I are defeated by the Danelaw Vikings at Basing.
871	8	13	world	history	Emperor Louis II of Italy and Empress Engelberga are captured by Prince Adelchis of Benevento.
876	10	8	world	history	Frankish forces led by Louis the Younger prevent a West Frankish invasion and defeat emperor Charles II ("the Bald").
880	2	2	world	history	Battle of Lüneburg Heath: King Louis III of France is defeated by the Norse Great Heathen Army at Lüneburg Heath in Saxony.
880	3	3	world	history	Emperor Basil I ratifies the decrees of the Fourth Council of Constantinople, confirming the reinstatement of patriarch Photios I of Constantinople.
880	12	22	world	history	Luoyang, eastern capital of the Tang dynasty, is captured by rebel leader Huang Chao during the reign of Emperor Xizong.
881	8	3	world	history	Battle of Saucourt-en-Vimeu: Louis III of France defeats the Vikings, an event celebrated in the poem Ludwigslied.
887	12	26	world	history	Berengar I is elected as king of Italy by the lords of Lombardy. He is crowned with the Iron Crown of Lombardy at Pavia.
893	12	28	world	history	An earthquake destroys the city of Dvin, Armenia.
900	8	13	world	history	Count Reginar I of Hainault rises against Zwentibold of Lotharingia and slays him near present-day Susteren.
902	8	1	world	history	Taormina, the last Byzantine stronghold in Sicily, is captured by the Aghlabid army, concluding the Muslim conquest of Sicily.
904	1	29	world	history	Sergius III is elected pope, after coming out of retirement to take over the papacy from the deposed antipope Christopher.
908	8	3	world	history	Battle of Eisenach: An invading Hungarian force defeats an East Frankish army under Duke Burchard of Thuringia.
910	6	22	world	history	The Hungarians defeat the East Frankish army near the Rednitz River, killing its leader Gebhard, Duke of Lotharingia (Lorraine).
911	9	2	world	history	The Byzantine Empire and the Kievan Rus sign a treaty regulating trade.
919	4	5	world	history	The second Fatimid invasion of Egypt begins, when the Fatimid heir-apparent, al-Qa'im bi-Amr Allah, sets out from Raqqada at the head of his army.
919	5	24	world	history	The nobles of Franconia and Saxony elect Henry the Fowler at the Imperial Diet in Fritzlar as king of the East Frankish Kingdom.
927	12	7	world	history	The Sajid emir of Adharbayjan, Yusuf ibn Abi'l-Saj is defeated and captured by the Qarmatians near Kufa.
929	9	4	world	history	Battle of Lenzen: Slavic forces (the Redarii and the Obotrites) are defeated by a Saxon army near the fortified stronghold of Lenzen in Brandenburg.
934	5	28	world	history	English king Æthelstan begins his invasion of Scotland.
936	11	28	world	history	Shi Jingtang is enthroned as the first emperor of the Later Jin by Emperor Taizong of Liao, following a revolt against Emperor Fei of Later Tang.
938	3	4	world	history	Translation of the relics of martyr Wenceslaus I, Duke of Bohemia, Prince of the Czechs.
939	7	19	world	history	Battle of Simancas: King Ramiro II of León defeats the Moorish army under Caliph Abd-al-Rahman III near the city of Simancas.
944	10	11	world	history	Caliph al-Muttaqi is blinded and deposed by the Turkish general Tuzun.
945	4	6	world	history	Byzantine Emperor Constantine VII crowns his son Romanos II as co-emperor.
947	1	1	world	history	Emperor Taizong of the Khitan-led Liao dynasty captures Daliang, ending the dynasty and empire of the Later Jin.
947	8	19	world	science	Abu Yazid, a Kharijite rebel leader, is defeated and killed in the Hodna Mountains in modern-day Algeria by Fatimid forces.
955	8	10	world	history	Battle of Lechfeld: Otto I, Holy Roman Emperor defeats the Magyars, ending 50 years of Magyar invasion of the West.
960	2	4	world	history	Zhao Kuangyin declares himself Emperor Taizu of Song, ending the Later Zhou and beginning the Song dynasty.
960	4	22	world	history	Basil II is crowned co-Emperor of the Byzantine Empire.
961	10	15	world	history	Al-Hakam II becomes caliph of Cordoba upon the death of his father Abd al-Rahman III.
962	2	2	world	history	Translatio imperii: Pope John XII crowns Otto I, Holy Roman Emperor, the first Holy Roman Emperor in nearly 40 years.
963	11	6	world	history	Synod of Rome: Emperor Otto I calls a council at St. Peter's Basilica in Rome. Pope John XII is deposed on charges of an armed rebellion against Otto.
969	12	11	world	history	Byzantine Emperor Nikephoros II Phokas is assassinated by his wife Theophano and her lover, the later Emperor John I Tzimiskes.
971	1	23	world	history	Using crossbows, Song dynasty troops soundly defeat a war elephant corps of the Southern Han at Shao.
972	4	14	world	history	Otto II, Co-Emperor of the Holy Roman Empire, marries Byzantine princess Theophanu. She is crowned empress by Pope John XIII in Rome the same day.
980	6	11	world	history	Vladimir the Great consolidates the Kievan realm from Ukraine to the Baltic Sea. He is proclaimed ruler (knyaz) of all Kievan Rus'.
982	8	15	world	history	Holy Roman Emperor Otto II is defeated by the Saracens in the Battle of Capo Colonna, in Calabria.
987	2	7	world	history	Bardas Phokas the Younger and Bardas Skleros, Byzantine generals of the military elite, begin a wide-scale rebellion against Emperor Basil II.
987	7	3	world	history	Hugh Capet is crowned King of France, the first of the Capetian dynasty that would rule France until the French Revolution in 1792.
989	4	13	world	history	The death of Bardas Phokas the Younger in the battle of Abydos ends his second rebellion against Byzantine Emperor Basil II.
991	8	10	world	history	Battle of Maldon: The English, led by Byrhtnoth, Ealdorman of Essex, are defeated by a band of inland-raiding Vikings near Maldon, Essex.
998	7	19	world	history	Arab–Byzantine wars: Battle of Apamea: Fatimids defeat a Byzantine army near Apamea.
999	5	16	world	history	Rebel Turkish warlord Mahmud of Ghazni defeats Samanid Emir Mansur II in battle at Merv.
1000	0	0	india	history	Mahmud of Ghazni raids the subcontinent; the Chola empire is at its height
1000	0	0	world	science	Ibn al-Haytham writes the Book of Optics (c. 1011)
1002	11	13	world	history	English king Æthelred II orders the killing of all Danes in England, known today as the St. Brice's Day massacre.
1009	5	9	world	history	Lombard Revolt: Lombard forces led by Melus revolt in Bari against the Byzantine Catepanate of Italy.
1009	11	5	world	history	Berber forces led by Sulayman ibn al-Hakam defeat the Umayyad caliph Muhammad II of Córdoba in the Battle of Qantish.
1010	0	0	india	history	Rajaraja Chola completes the Brihadeeswarar temple at Thanjavur
1011	9	29	world	history	Danes capture Canterbury after a siege, taking Ælfheah, archbishop of Canterbury, as a prisoner.
1018	1	30	world	history	Poland and the Holy Roman Empire conclude the Peace of Bautzen.
1018	7	29	world	history	Count Dirk III defeats an army sent by Emperor Henry II in the Battle of Vlaardingen.
1028	11	12	world	history	Future Byzantine empress Zoe takes the throne as empress consort to Romanos III Argyros.
1030	7	29	world	history	Ladejarl-Fairhair succession wars: Battle of Stiklestad: King Olaf II fights and dies trying to regain his Norwegian throne from the Danes.
1031	8	3	world	history	Olaf II of Norway is canonized as Saint Olaf by Grimketel, the English Bishop of Selsey.
1040	8	14	world	history	King Duncan I is killed in battle against his first cousin and rival Macbeth. The latter succeeds him as King of Scotland.
1042	6	12	world	history	Constantine IX Monomachos is crowned as Byzantine Emperor, one day after his marriage to Empress Zoe Porphyrogenita.
1047	2	3	world	history	Drogo of Hauteville is elected as count of the Apulian Normans during the Norman conquest of Southern Italy.
1053	6	18	world	history	Battle of Civitate: Three thousand Norman horsemen of Count Humphrey rout the troops of Pope Leo IX.
1057	8	15	world	history	King Macbeth of Scotland is killed at the Battle of Lumphanan by the forces of Máel Coluim mac Donnchada.
1057	9	1	world	history	Byzantine general Isaak Komnenos is crowned Byzantine Emperor by patriarch Cerularius at the Hagia Sophia.
1058	9	20	world	history	Agnes of Poitou and Andrew I of Hungary meet to negotiate about the border territory of Burgenland.
1060	8	30	world	history	The Mirdasids defeat the Fatimid Caliphate at the Battle of al-Funaydiq, signalling the definitive loss of Aleppo for the Fatimids.
1061	9	30	world	history	Election of Pope Alexander II following the death of Pope Nicholas II two months prior.
1065	12	28	world	history	Edward the Confessor's Romanesque monastic church at Westminster Abbey is consecrated.
1066	9	25	world	history	In the Battle of Stamford Bridge, Harald Hardrada, the invading King of Norway, is defeated by King Harold II of England.
1066	10	14	world	history	Norman Conquest: Battle of Hastings (14 October)
1068	5	11	world	history	Matilda of Flanders, wife of William the Conqueror, is crowned Queen of England.
1070	8	15	world	history	The Pavian-born Benedictine Lanfranc is appointed as the new Archbishop of Canterbury in England.
1073	4	22	world	history	Election of Pope Gregory VII following the death of Pope Alexander II.
1074	2	26	world	history	Battle of Kemej: The royal army of Solomon, King of Hungary defeats the force of his rebellious cousin Duke Géza.
1077	1	28	world	history	Walk to Canossa: The excommunication of Henry IV, Holy Roman Emperor, is lifted after he humbles himself before Pope Gregory VII at Canossa in Italy.
1078	1	7	world	history	The people of Constantinople revolt, lynch the unpopular official Nikephoritzes and proclaim Nikephoros Botaneiates as emperor.
1085	5	25	world	history	Alfonso VI of Castile takes Toledo, Spain, back from the Moors after a siege.
1091	4	29	world	history	Battle of Levounion: The Pechenegs are defeated by Byzantine Emperor Alexios I Komnenos.
1092	4	21	world	history	The Diocese of Pisa is elevated to the rank of metropolitan archdiocese by Pope Urban II.
1094	10	21	world	history	El Cid and his forces defeat a larger army of the Almoravids in the battle of Cuarte.
1095	11	18	world	history	The Council of Clermont begins: called by Pope Urban II, it led to the First Crusade to the Holy Land.
1096	10	21	world	history	A Seljuk Turkish army successfully ambushes the People's Crusade at the Battle of Civetot.
1097	10	21	world	history	First Crusade: Crusaders led by Godfrey of Bouillon, Bohemund of Taranto, and Raymond IV, Count of Toulouse, begin the Siege of Antioch.
1098	2	9	world	history	A First Crusade army led by Bohemond of Taranto wins a major battle against the Seljuq emir Ridwan of Aleppo during the siege of Antioch.
1098	6	2	world	history	First Crusade: The first Siege of Antioch ends as Crusader forces take the city; the second siege began five days later.
1099	7	15	world	history	First Crusade: Christian soldiers take the Church of the Holy Sepulchre in Jerusalem after the final assault of a difficult siege.
1099	7	22	world	history	First Crusade: Godfrey of Bouillon is elected the first Defender of the Holy Sepulchre of The Kingdom of Jerusalem.
1105	11	18	world	history	Maginulfo is elected Antipope Sylvester IV in opposition to Pope Paschal II.
1105	12	31	world	history	Holy Roman Emperor Henry IV is forced to abdicate in favor of his son, Henry V, in Ingelheim.
1110	5	13	world	history	Baldwin I of Jerusalem captures the city of Beirut from the Fatimid Caliphate with the help of a Genoese fleet.
1111	4	13	world	history	Henry V, King of Germany, is crowned Holy Roman Emperor by pope Paschal II.
1111	9	17	world	history	Highest Galician nobility led by Pedro Fróilaz de Traba and the bishop Diego Gelmírez crown Alfonso VII as "King of Galicia".
1118	0	0	karnataka	history	Hoysala king Vishnuvardhana builds the Belur and later Halebidu temples
1118	6	11	world	history	Roger of Salerno, Prince of Antioch, captures Azaz from the Seljuk Turks.
1122	9	23	world	history	Pope Callixtus II and Holy Roman Emperor Henry V agree to the Concordat of Worms to put an end to the Investiture Controversy.
1128	6	24	world	history	Battle of São Mamede, near Guimarães: Forces led by Afonso I defeat forces led by his mother Teresa of León and her lover Fernando Pérez de Traba.
1130	10	7	world	history	Fatimid Caliph al-Amir is assassinated.
1132	7	24	world	history	Battle of Nocera between Ranulf II of Alife and Roger II of Sicily.
1135	5	26	world	history	Alfonso VII of León and Castile is crowned in León Cathedral as Imperator totius Hispaniae (Emperor of all of Spain).
1136	8	18	world	history	Following the surrender of Baghdad, Seljuk Sultan Mas'ud replaces Abbasid caliph Al-Rashid Billah with his uncle Al-Muqtafi.
1137	0	0	karnataka	history	Basavanna, founder of the Lingayat/Veerashaiva movement, is born (c. 1131-1196)
1138	10	11	world	history	A massive earthquake strikes Aleppo; it is one of the most destructive earthquakes ever.
1139	3	29	world	history	Pope Innocent II issues the bull Omne datum optimum in which he endorses the Knights Templar and approves the Templar Rule.
1139	7	25	world	history	Battle of Ourique: The Almoravids, led by Ali ibn Yusuf, are defeated by Prince Afonso Henriques who is proclaimed King of Portugal.
1139	9	30	world	history	A magnitude 7.7 earthquake strikes the Caucasus mountains in the Seljuk Empire, causing mass destruction and killing up to 300,000 people.
1139	10	21	world	history	Zengi, atabeg of Aleppo, takes Baalbek from the Burid dynasty.
1141	2	2	world	history	The Battle of Lincoln, at which Stephen, King of England is defeated and captured by the allies of Empress Matilda.
1141	9	9	world	history	Yelü Dashi, the Liao dynasty general who founded the Qara Khitai, defeats the Seljuq and Kara-Khanid forces at the Battle of Qatwan.
1142	10	11	world	history	A peace treaty ends the Jin–Song wars.
1145	9	1	world	history	The main altar of Lund Cathedral, at the time the seat of the archiepiscopal see of all the Nordic countries, is consecrated.
1146	9	14	world	history	Seljuk atabeg Imad al-Din Zengi of Mosul is assassinated by a slave and succeeded by his quarrelling sons.
1148	7	24	world	history	Louis VII of France lays siege to Damascus during the Second Crusade.
1156	1	20	world	history	Finnish peasant Lalli kills English clergyman Henry, the Bishop of Turku, on the ice of Lake Köyliö.
1158	6	14	world	history	The city of Munich is founded by Henry the Lion on the banks of the river Isar.
1169	5	1	world	history	Norman mercenaries land at Bannow Bay in Leinster, marking the beginning of the Norman invasion of Ireland.
1173	8	9	world	history	Construction of the campanile of the Cathedral of Pisa (now known as the Leaning Tower of Pisa) begins; it will take two centuries to complete.
1173	9	1	world	history	The widow Stamira sacrifices herself in order to raise the siege of Ancona by the forces of Emperor Frederick Barbarossa.
1174	7	13	world	history	William I of Scotland, a key rebel in the Revolt of 1173–74, is captured at Alnwick by forces loyal to Henry II of England.
1175	4	13	world	history	Saladin routs his Muslim opponents, the Zengids, in the battle of the Horns of Hama, consolidating his control over Syria except for Aleppo.
1186	1	27	world	history	Henry VI, the son and heir of the Holy Roman Emperor Frederick I, marries Constance of Sicily.
1187	7	4	world	history	The Crusades: Battle of Hattin: Saladin defeats Guy of Lusignan, King of Jerusalem.
1187	9	20	world	history	Saladin begins the Siege of Jerusalem.
1187	10	2	world	history	Saladin wins Jerusalem after the city surrendered to his forces following a prolonged siege.
1189	7	27	world	history	Friedrich Barbarossa arrives at Niš, the capital of Serbian King Stefan Nemanja, during the Third Crusade.
1190	6	10	world	history	Third Crusade: Frederick I Barbarossa drowns in the river Saleph while leading an army to Jerusalem.
1190	11	24	world	history	Conrad of Montferrat becomes King of Jerusalem upon his marriage to Isabella I of Jerusalem.
1191	0	0	india	history	First Battle of Tarain; Prithviraj Chauhan defeats Muhammad Ghori
1191	5	12	world	history	Richard I of England marries Berengaria of Navarre in Cyprus; she is crowned Queen consort of England the same day.
1192	0	0	india	history	Second Battle of Tarain; Ghori defeats Prithviraj Chauhan
1192	8	5	world	history	Richard I of England defeats Saladin in the battle of Jaffa, which enables him to conclude a favourable treaty for the crusaders.
1192	9	2	world	history	The Treaty of Jaffa is signed between Richard I of England and Saladin, leading to the end of the Third Crusade.
1192	12	20	world	history	Richard I of England is captured and imprisoned by Leopold V of Austria on his way home to England after the Third Crusade.
1194	5	2	world	history	King Richard I of England gives Portsmouth its first royal charter.
1200	8	24	world	history	King John of England, signer of the first Magna Carta, marries Isabella of Angoulême in Angoulême Cathedral.
1202	7	27	world	history	Georgian–Seljuk wars: At the Battle of Basian the Kingdom of Georgia defeats the Sultanate of Rum.
1204	4	12	world	history	The Crusaders of the Fourth Crusade breach the walls of Constantinople and enter the city, which they completely occupy the following day.
1204	4	13	world	history	Constantinople falls to the Crusaders of the Fourth Crusade, temporarily ending the Byzantine Empire.
1206	0	0	india	history	Qutb-ud-din Aibak founds the Delhi Sultanate (Slave dynasty)
1206	6	12	india	history	The Ghurid general Qutb ud-Din Aibak founds the Delhi Sultanate.
1207	2	2	world	history	Terra Mariana, eventually comprising present-day Latvia and Estonia, is established.
1207	7	15	world	history	King John of England expels Canterbury monks for supporting Archbishop Stephen Langton.
1210	0	0	india	history	Qutub Minar construction begins in Delhi
1210	9	14	world	history	Maria of Montferrat, Queen of Jerusalem, marries French baron John of Brienne, who is later crowned king on 30 October in Tyre.
1210	11	18	world	history	Pope Innocent III excommunicates Holy Roman Emperor Otto IV for invading the Kingdom of Sicily after promising to recognize papal control over it.
1210	11	22	world	history	The Castle of Termes falls to Simon de Montfort after a four-month siege during the Albigensian Crusade.
1211	10	15	world	history	Battle of the Rhyndacus: The Latin emperor Henry of Flanders defeats the Nicaean emperor Theodore I Laskaris.
1214	7	27	world	history	Battle of Bouvines: Philip II of France decisively defeats Imperial, English and Flemish armies, effectively ending John of England's Angevin Empire.
1215	6	15	world	history	Magna Carta sealed (15 June)
1218	5	24	world	history	The Fifth Crusade leaves Acre for Egypt.
1220	11	22	world	history	Frederick II is crowned Holy Roman Emperor in Rome by Pope Honorius III.
1221	11	24	world	history	Genghis Khan defeats the renegade Khwarazmian prince Jalal al-Din at the Battle of the Indus, completing the Mongol conquest of Central Asia.
1223	5	31	world	history	Mongol invasion of the Cumans: Battle of the Kalka River: Mongol armies of Genghis Khan led by Subutai defeat Kievan Rus' and Cumans.
1224	8	15	world	history	The Livonian Brothers of the Sword, a Catholic military order, occupy Tarbatu (today Tartu) as part of the Livonian Crusade.
1229	9	13	world	history	Ögedei Khan is proclaimed Khagan of the Mongol Empire in Kodoe Aral, Khentii: Mongolia.
1236	1	14	world	history	King Henry III of England marries Eleanor of Provence.
1237	12	21	world	history	The city of Ryazan is sacked by the Mongol army of Batu Khan.
1240	6	12	world	history	At the instigation of Louis IX of France, an inter-faith debate, known as the Disputation of Paris, starts between a Christian monk and four rabbis.
1240	7	15	world	history	Swedish–Novgorodian Wars: A Novgorodian army led by Alexander Nevsky defeats the Swedes in the Battle of the Neva.
1240	12	6	world	history	Mongol invasion of Rus': Kyiv, defended by Voivode Dmytro, falls to the Mongols under Batu Khan.
1241	3	18	world	history	First Mongol invasion of Poland: Mongols overwhelm Polish armies in Kraków in the Battle of Chmielnik and plunder the city.
1241	4	11	world	history	Batu Khan defeats Béla IV of Hungary at the Battle of Mohi.
1242	4	5	world	history	During the Battle on the Ice of Lake Peipus, Russian forces, led by Alexander Nevsky, rebuff an invasion attempt by the Teutonic Knights.
1242	7	21	world	history	Battle of Taillebourg: Louis IX of France puts an end to the revolt of his vassals Henry III of England and Hugh X of Lusignan.
1248	8	15	world	history	The foundation stone of Cologne Cathedral, built to house the relics of the Three Wise Men, is laid. (Construction is eventually completed in 1880.)
1249	2	16	world	history	Andrew of Longjumeau is dispatched by Louis IX of France as his ambassador to meet with the Khagan of the Mongol Empire.
1249	7	13	world	history	Coronation of Alexander III as King of Scots.
1250	2	8	world	history	Seventh Crusade: Crusaders engage Ayyubid forces in the Battle of Al Mansurah.
1250	5	2	world	history	Mamluks under Baybars murder the Ayyubid sultan Turanshah for fear of losing their privileges.
1252	5	15	world	history	Pope Innocent IV issues the papal bull ad extirpanda, which authorizes, but also limits, the torture of heretics in the Medieval Inquisition.
1253	9	8	world	history	Pope Innocent IV canonises Stanislaus of Szczepanów, who was killed by King Bolesław II.
1258	6	25	world	history	War of Saint Sabas: In the Battle of Acre, the Venetians defeat a larger Genoese fleet sailing to relieve Acre.
1259	6	2	world	history	Wedding of Manfred, King of Sicily, and Byzantine princess Helena Angelina Doukaina.
1259	10	13	world	history	The Provisions of Westminster, a law reform programme resulting out of the conflict of king Henry III of England and his barons, are approved.
1260	7	13	world	history	The Livonian Order suffers its greatest defeat in the 13th century in the Battle of Durbe against the Grand Duchy of Lithuania.
1260	9	4	world	history	The Sienese Ghibellines, supported by the forces of Manfred, King of Sicily, defeat the Florentine Guelphs at Montaperti.
1261	7	25	world	history	The city of Constantinople is recaptured by Nicaean forces under the command of Alexios Strategopoulos, re-establishing the Byzantine Empire.
1264	5	14	world	history	Battle of Lewes: Henry III of England is captured and forced to sign the Mise of Lewes, making Simon de Montfort the effective ruler of England.
1264	6	18	world	history	The Parliament of Ireland meets at Castledermot in County Kildare, the first definitively known meeting of this Irish legislature.
1264	8	14	world	history	After tricking the Venetian galley fleet into sailing east to the Levant, the Genoese capture an entire Venetian trade convoy at the Battle of Saseno.
1265	2	5	world	history	Pope Clement IV is elected as the 183rd Bishop of Rome and head of the Catholic Church.
1266	6	23	world	history	War of Saint Sabas: In the Battle of Trapani, the Venetians defeat a larger Genoese fleet, capturing all its ships.
1267	9	29	world	history	The Treaty of Montgomery recognises Llywelyn ap Gruffudd as Prince of Wales, but only as a vassal of King Henry III.
1268	2	18	world	history	The Battle of Wesenberg is fought between the Livonian Order and Dovmont of Pskov.
1270	2	16	world	history	The Grand Duchy of Lithuania defeats the Livonian Order in the Battle of Karuse.
1270	8	10	world	history	Yekuno Amlak takes the imperial throne of Ethiopia, restoring the Solomonic dynasty to power after a 100-year Zagwe interregnum.
1271	9	1	world	history	Election of pope Gregory X following the death of Clement IV three years prior.
1275	1	16	world	history	Edward I permits his mother Eleanor of Provence to expel the Jews from the towns Worcester, Marlborough, Cambridge and Gloucester.
1276	5	24	world	history	Magnus Ladulås is crowned King of Sweden in Uppsala Cathedral.
1278	8	5	world	history	Spanish Reconquista: the forces of the Kingdom of Castile initiate the ultimately futile Siege of Algeciras against the Emirate of Granada.
1281	8	15	world	history	Mongol invasions of Japan: The Mongolian fleet of Kublai Khan is destroyed by a "divine wind" for the second time in the Battle of Kōan.
1282	3	30	world	history	The people of Sicily rebel against the Angevin king Charles I, in what becomes known as the Sicilian Vespers.
1282	12	11	world	history	Battle of Orewin Bridge: Llywelyn ap Gruffudd, the last native Prince of Wales, is killed at Cilmeri near Builth Wells in mid-Wales.
1283	7	8	world	history	Roger of Lauria, commanding the Aragonese fleet, defeats an Angevin fleet sent to put down a rebellion on Malta.
1283	10	3	world	history	Dafydd ap Gruffudd, the last native Prince of Wales, is hanged, drawn and quartered by the English.
1284	8	6	world	history	The Republic of Pisa is defeated in the Battle of Meloria by the Republic of Genoa, thus losing its naval dominance in the Mediterranean.
1287	1	30	world	history	King Wareru founds the Hanthawaddy kingdom, and proclaims independence from the Pagan Kingdom.
1287	6	14	world	history	Kublai Khan defeats the force of Nayan and other traditionalist Borjigin princes in East Mongolia and Manchuria.
1287	6	23	world	history	The Aragonese fleet under Roger of Lauria defeats a Angevin fleet in the Battle of the Counts close to Naples.
1290	0	0	india	history	Khalji dynasty begins under Jalaluddin Khalji
1292	5	5	world	history	Election of Count Adolf of Nassau as King of the Romans in the Dominican monastery of Frankfurt.
1293	5	31	world	history	Mongols depart Java after the failed Mongol invasion against King Kertanegara of Singhasari.
1294	4	28	world	history	Temür, grandson of Kublai, is elected Khagan of the Mongols with the reigning title Oljeitu.
1294	5	10	world	history	Temür, Khagan of the Mongols, is enthroned as Emperor of the Yuan dynasty.
1296	3	30	world	history	Edward I sacks Berwick-upon-Tweed, during armed conflict between Scotland and England.
1298	6	1	world	history	Residents of Riga and the Grand Duchy of Lithuania defeat the Livonian Order in the Battle of Turaida.
1298	7	2	world	history	Battle of Göllheim: Albert I of Habsburg defeats Adolf of Nassau-Weilburg.
1301	1	14	world	history	Andrew III of Hungary dies, ending the Árpád dynasty in Hungary.
1301	2	7	world	history	Edward of Caernarvon (later King Edward II of England) becomes the first English Prince of Wales.
1302	7	27	world	history	Battle of Bapheus: Decisive Ottoman victory over the Byzantines opening up Bithynia for Turkish conquest.
1302	11	18	world	history	Pope Boniface VIII issues the Papal bull Unam sanctam, claiming spiritual supremacy for the papacy.
1303	4	20	world	history	The Bahri Mamluks defeat the Ilkhanate in the battle of Marj al-Saffar, marking the end of the Mongol incursions into Syria.
1304	7	24	world	history	Wars of Scottish Independence: Fall of Stirling Castle: King Edward I of England takes the stronghold using the War Wolf.
1304	8	18	world	history	The Battle of Mons-en-Pévèle is fought to a draw between the French army and the Flemish militias.
1305	4	30	world	history	Roger de Flor, leader of the mercenary Catalan Company, is murdered, leading to widespread pillaging by the mercenaries in Thrace.
1306	6	19	world	history	The Earl of Pembroke's army defeats Bruce's Scottish army at the Battle of Methven.
1307	10	13	world	history	Hundreds of the Knights Templar in France are arrested at dawn by King Philip the Fair, and later confess under torture to heresy.
1310	5	9	world	history	Nephon, Bishop of Cyzicus, is consecrated as Patriarch of Constantinople.
1311	10	11	world	history	The peerage and clergy restrict the authority of English kings with the Ordinances of 1311.
1313	2	7	world	history	King Thihathu founds the Pinya Kingdom as the de jure successor state of the Pagan Kingdom.
1314	6	23	world	history	First War of Scottish Independence: The Battle of Bannockburn (south of Stirling) begins.
1316	8	10	world	history	The Second Battle of Athenry takes place near Athenry during the Bruce campaign in Ireland.
1319	7	23	world	history	A Knights Hospitaller fleet scores a crushing victory over an Aydinid fleet off Chios.
1322	10	8	world	history	Mladen II Šubić of Bribir is deposed as the Croatian Ban after the Battle of Bliska.
1322	10	14	world	history	Robert the Bruce of Scotland defeats King Edward II of England at the Battle of Old Byland, forcing Edward to accept Scotland's independence.
1325	0	0	india	history	Muhammad bin Tughlaq becomes Sultan of Delhi
1325	6	13	world	history	Ibn Battuta begins his travels, leaving his home in Tangiers to travel to Mecca (gone 24 years).
1327	2	1	world	history	The teenaged Edward III is crowned King of England, but the country is ruled by his mother Queen Isabella and her lover Roger Mortimer.
1327	8	4	world	history	First War of Scottish Independence: James Douglas leads a raid into Weardale and almost kills Edward III of England.
1328	5	1	world	history	Wars of Scottish Independence end: By the Treaty of Edinburgh–Northampton, England recognises Scotland as an independent state.
1329	8	9	india	history	Quilon, the first Indian Christian Diocese, is erected by Pope John XXII; the French-born Jordanus is appointed the first Bishop.
1332	2	18	world	history	Amda Seyon I, Emperor of Ethiopia begins his campaigns in the southern Muslim provinces.
1333	7	19	world	history	Wars of Scottish Independence: The English win a decisive victory over the Scots in the battle of Halidon Hill.
1334	12	20	world	history	Cardinal Jacques Fournier, a Cistercian monk, is elected Pope Benedict XII.
1336	0	0	karnataka	history	Harihara and Bukka found the Vijayanagara Empire on the Tungabhadra
1337	3	17	world	history	Edward the Black Prince is made Duke of Cornwall, the first duchy in England.
1341	10	26	world	history	The Byzantine civil war of 1341–1347 formally begins with the proclamation of John VI Kantakouzenos as Byzantine Emperor.
1342	9	30	world	history	Battle of Morlaix is fought in the Hundred Years' War.
1343	3	11	world	history	Arnošt of Pardubice becomes the last Bishop of Prague (3 March 1343 O.S.), and, a year later, the first Archbishop of Prague.
1344	5	13	world	history	A Latin Christian fleet defeats a Turkish fleet in the battle of Pallene during the Smyrniote crusades.
1345	6	11	world	history	The megas doux Alexios Apokaukos, chief minister of the Byzantine Empire, is lynched by political prisoners.
1346	8	10	world	history	Jaume Ferrer sets out from Mallorca for the "River of Gold", the Senegal River.
1347	0	0	world	history	The Black Death reaches Europe
1347	2	8	world	history	The Byzantine civil war of 1341–47 ends with a power-sharing agreement between John VI Kantakouzenos and John V Palaiologos.
1347	5	21	world	history	Coronation of John VI Kantakouzenos as Byzantine Emperor by patriarch Isidore I of Constantinople at the Church of St. Mary of Blachernae.
1347	5	28	world	history	Marriage of Byzantine Emperor John V Palaiologos and Helena Kantakouzene.
1348	7	6	world	history	Pope Clement VI issues a papal bull protecting the Jews accused of having caused the Black Death.
1348	11	1	world	history	The anti-royalist Union of Valencia attacks the Jews of Murviedro on the pretext that they are serfs of the King of Valencia and thus "royalists".
1349	1	9	world	history	The Jewish population of Basel, believed by the residents to be the cause of the ongoing Black Death, is rounded up and incinerated.
1350	8	29	world	history	Battle of Winchelsea (or Les Espagnols sur Mer): The English naval fleet under King Edward III defeats a Castilian fleet of 40 ships.
1352	8	14	world	history	War of the Breton Succession: Anglo-Bretons defeat the French in the Battle of Mauron.
1355	1	6	world	history	Charles IV of Bohemia is crowned with the Iron Crown of Lombardy as King of Italy in Milan.
1356	1	20	world	history	Edward Balliol surrenders his claim to the Scottish throne to Edward III in exchange for an English pension.
1356	9	19	world	history	Battle of Poitiers: An English army under the command of Edward the Black Prince defeats a French army and captures King John II.
1357	7	9	world	history	Emperor Charles IV assists in laying the foundation stone of Charles Bridge in Prague.
1360	6	28	world	history	Muhammed VI becomes the tenth Nasrid king of Granada after killing his brother-in-law Ismail II.
1364	5	16	world	history	Hundred Years' War: Bertrand du Guesclin and a French army defeat the Anglo-Navarrese army of Charles the Bad at Cocherel.
1364	7	28	world	history	Troops of the Republic of Pisa and the Republic of Florence clash in the Battle of Cascina.
1364	9	29	world	history	During the Hundred Years' War, Anglo-Breton forces defeat the Franco-Breton army in Brittany, ending the War of the Breton Succession.
1365	2	7	world	history	Albert III of Mecklenburg (King Albert of Sweden) grants city rights to Ulvila (Swedish: Ulvsby).
1365	2	26	world	history	The Ava Kingdom and the royal city of Ava (Inwa) were founded by King Thado Minbya.
1370	2	17	world	history	Northern Crusades: Grand Duchy of Lithuania and the Teutonic Knights meet in the Battle of Rudau.
1370	8	14	world	history	Charles IV, Holy Roman Emperor, grants city privileges to Karlovy Vary.
1377	8	2	world	history	Russian troops are defeated by forces of the Blue Horde Khan Arapsha in the Battle on Pyana River.
1378	9	20	world	history	Cardinal Robert of Geneva is elected as Pope Clement VII, beginning the Papal schism.
1381	6	12	world	history	Peasants' Revolt: In England, rebels assemble at Blackheath, just outside London.
1381	6	13	world	history	In England, the Peasants' Revolt, led by Wat Tyler, comes to a head, as rebels set fire to the Savoy Palace.
1381	6	14	world	history	Richard II of England meets leaders of the Peasants' Revolt at Mile End. The Tower of London is stormed by rebels who enter without resistance.
1381	7	15	world	history	John Ball, a leader in the Peasants' Revolt, is hanged, drawn and quartered in the presence of King Richard II of England.
1385	8	14	world	history	Portuguese Crisis of 1383–85: Battle of Aljubarrota: Portuguese forces commanded by John I of Portugal defeat the Castilian army of John I of Castile.
1387	3	11	world	history	Battle of Castagnaro: Padua, led by John Hawkwood, is victorious over Giovanni Ordelaffi of Verona.
1387	3	24	world	history	English victory over a Franco-Castilian-Flemish fleet in the Battle of Margate off the coast of Margate.
1388	5	2	world	history	The surrender of the Acropolis of Athens to Nerio Acciaioli ends the Catalan presence in the Duchy of Athens.
1388	12	12	world	history	Maria of Enghien sells the lordship of Argos and Nauplia to the Republic of Venice.
1391	6	18	world	history	Tokhtamysh–Timur war: Battle of the Kondurcha River: Timur defeats Tokhtamysh of the Golden Horde in present-day southeast Russia.
1393	1	28	world	history	King Charles VI of France is nearly killed when several other dancers' costumes catch fire during a masquerade ball in Paris.
1398	0	0	india	history	Timur invades India and sacks Delhi
1400	3	17	world	history	Turko-Mongol emperor Timur sacks Damascus.
1400	3	23	world	history	The Trần dynasty of Vietnam is deposed, after one hundred and seventy-five years of rule, by Hồ Quý Ly, a court official.
1401	1	20	world	history	The Taula de canvi (Catalan: "Table of change"), described as Europe's first-ever public bank, began operations inside Barcelona's Llotja de Mar.
1401	6	25	world	history	Schaffhausen massacre: 30 Jews are executed, following torture, after being accused of a blood libel in Schaffhausen (in present-day Switzerland).
1402	7	13	world	history	Nanjing surrenders to Zhu Di without a fight, ending the Jingnan campaign. The Jianwen Emperor disappears and his family is incarcerated.
1402	7	28	world	history	Ottoman-Timurid Wars: Battle of Ankara: Timur, ruler of Timurid Empire, defeats forces of the Ottoman Empire sultan Bayezid I.
1403	7	21	world	history	Battle of Shrewsbury: King Henry IV of England defeats rebels to the north of the county town of Shropshire, England.
1404	6	14	world	history	Welsh rebel leader Owain Glyndŵr, having declared himself Prince of Wales, allies himself with the French against King Henry IV of England.
1407	4	10	world	history	Deshin Shekpa, 5th Karmapa Lama visits the Ming dynasty capital at Nanjing and is awarded the title "Great Treasure Prince of Dharma".
1410	9	19	world	history	End of the Siege of Marienburg: The State of the Teutonic Order repulses the joint Polish—Lithuanian forces.
1411	2	1	world	history	The First Peace of Thorn is signed in Thorn (Toruń), Monastic State of the Teutonic Knights (Prussia).
1416	5	30	world	history	The Council of Constance, called by Emperor Sigismund, a supporter of Antipope John XXIII, burns Jerome of Prague following a trial for heresy.
1419	1	19	world	history	Hundred Years' War: Rouen surrenders to Henry V of England, completing his reconquest of Normandy.
1419	7	30	world	history	First Defenestration of Prague: A crowd of radical Hussites kill seven members of the Prague city council.
1420	7	14	world	history	Battle of Vítkov Hill, decisive victory of Czech Hussite forces commanded by Jan Žižka against Crusade army led by Sigismund, Holy Roman Emperor.
1420	10	28	world	history	Beijing is officially designated the capital of the Ming dynasty when the Forbidden City is completed.
1420	12	1	world	history	Henry V of England enters Paris alongside his father-in-law King Charles VI of France.
1421	1	19	world	history	John VIII Palaiologos marries Sophia of Montferrat and is then crowned Byzantine co-emperor to his father Manuel II Palaiologos.
1422	6	10	world	history	Ottoman Sultan Murad II besieges Constantinople, but is ultimately unsuccessful.
1423	7	31	world	history	Hundred Years' War: Battle of Cravant: A Franco-Scottish army is defeated by the Anglo-Burgundians at Cravant on the banks of the river Yonne.
1429	11	24	world	history	Hundred Years' War: Joan of Arc unsuccessfully besieges La Charité.
1430	3	29	world	history	The Ottoman Empire under Murad II captures Thessalonica from the Republic of Venice.
1430	7	14	world	history	Joan of Arc, taken by the Burgundians in May, is handed over to Pierre Cauchon, the bishop of Beauvais.
1431	5	30	world	history	Hundred Years' War: In Rouen, France, the 19-year-old Joan of Arc is burned at the stake by an English-dominated tribunal.
1431	12	16	world	history	Hundred Years' War: Henry VI of England is crowned King of France at Notre Dame in Paris.
1434	5	30	world	history	Hussite Wars: Battle of Lipany: End of the war, the Utraquist defeat and annihilate Taborite forces.
1437	9	13	world	history	Battle of Tangier: a Portuguese expeditionary force initiates a failed attempt to seize the Moroccan citadel of Tangier.
1440	0	0	world	science	Gutenberg builds the printing press (c. 1440)
1443	11	28	world	history	Skanderbeg and his forces liberate Kruja in central Albania and raise the Albanian flag.
1449	1	6	world	history	Constantine XI is crowned Byzantine Emperor at Mystras.
1449	9	1	world	history	Tumu Crisis: The Mongols capture the Emperor of China.
1451	2	3	world	history	Sultan Mehmed II inherits the throne of the Ottoman Empire.
1453	4	6	world	history	Mehmed II begins his siege of Constantinople. The city falls on May 29 and is renamed Istanbul.
1453	5	29	world	history	Fall of Constantinople to the Ottomans (29 May)
1453	10	19	world	history	Hundred Years' War: Three months after the Battle of Castillon, England loses its last possessions in southern France.
1454	1	8	world	history	The papal bull Romanus Pontifex awards the Kingdom of Portugal exclusive trade and colonization rights to all of Africa south of Cape Bojador.
1454	9	18	world	history	Thirteen Years' War: In the Battle of Chojnice, the Polish army is defeated by the Teutonic knights.
1455	5	1	world	history	Scottish Royal forces loyal to King James II defeat a rebel army of the Black Douglases in the battle of Arkinholm.
1456	7	14	world	history	John Hunyadi and his forces defeat the Ottoman fleet on the Danube, allowing them to reinforce and supply the besieged city of Belgrade.
1456	7	22	world	history	Ottoman wars in Europe: Siege of Belgrade: John Hunyadi, Regent of the Kingdom of Hungary, defeats Mehmet II of the Ottoman Empire.
1459	9	23	world	history	The Battle of Blore Heath, the first major battle of the English Wars of the Roses, is won by the Yorkists.
1461	3	4	world	history	Wars of the Roses in England: Lancastrian King Henry VI is deposed by his House of York cousin, who then becomes King Edward IV.
1461	3	29	world	history	Battle of Towton: Edward of York defeats Queen Margaret to become King Edward IV of England, bringing a temporary stop to the Wars of the Roses.
1461	8	7	world	history	The Ming dynasty Chinese military general Cao Qin stages a coup against the Tianshun Emperor.
1466	10	19	world	history	The Thirteen Years' War between Poland and the Teutonic Order ends with the Second Treaty of Thorn.
1469	0	0	india	history	Guru Nanak born at Talwandi
1469	8	1	world	history	Louis XI of France founds the chivalric order called the Order of Saint Michael in Amboise.
1470	10	2	world	history	The Earl of Warwick's rebellion forces King Edward IV of England to flee to the Netherlands, restoring Henry VI to the throne.
1470	11	28	world	science	Champa–Đại Việt War: Emperor Lê Thánh Tông of Đại Việt formally launches his attack against Champa.
1475	1	10	world	history	Stephen III of Moldavia defeats the Ottoman Empire at the Battle of Vaslui.
1475	8	29	world	history	Hundred Years' War: The Treaty of Picquigny formally ends the war between the kingdoms of France and England.
1477	1	5	world	history	Battle of Nancy: Charles the Bold is defeated and killed in a conflict with René II, Duke of Lorraine; Burgundy subsequently becomes part of France.
1477	10	7	world	history	Uppsala University is inaugurated after receiving its corporate rights from Pope Sixtus IV in February the same year.
1479	8	7	world	history	Battle of Guinegate: French troops of King Louis XI are defeated by the Burgundians led by Archduke Maximilian of Habsburg.
1479	9	4	world	history	The Treaty of Alcáçovas is signed by the Catholic Monarchs of Castile and Aragon on one side and Afonso V and his son, Prince John of Portugal.
1479	10	13	world	history	Hungarian forces under Stephen V Báthory decisively defeat an invading Ottoman army in the battle of Breadfield.
1482	6	11	world	history	The Treaty of Fotheringhay is signed between the English and Alexander Stewart, Duke of Albany, the rebellious brother of king James III of Scotland.
1483	4	29	world	history	Gran Canaria, the main island of the Canary Islands, is conquered by the Kingdom of Castile.
1487	8	18	world	history	The Siege of Málaga ends with the taking of the city by Castilian and Aragonese forces.
1488	2	3	world	history	Bartolomeu Dias of Portugal lands in Mossel Bay after rounding the Cape of Good Hope, becoming the first known European to travel so far south.
1489	12	22	world	history	The forces of the Catholic Monarchs, Ferdinand and Isabella, take control of Almería from the Nasrid ruler of Granada, Muhammad XI.
1492	1	2	world	history	Reconquista: The Emirate of Granada, the last Moorish stronghold in Spain, surrenders.
1492	4	29	world	history	The Crown's decision to expel the Jews is announced in Zaragoza, Aragon, to the kingdom's procurators.
1492	5	1	world	history	The Edict of Expulsion is officially proclaimed in Castile, requiring all Jewish residents to leave within three months.
1492	8	18	world	history	The first grammar of the Spanish language (Gramática de la lengua castellana) is presented to Queen Isabella I.
1492	10	12	world	history	Columbus reaches the Americas (12 October)
1492	10	28	world	history	Christopher Columbus lands in Cuba on his first voyage to the New World, surmising that it is Japan.
1492	12	6	world	history	After exploring the island of Cuba (which he had mistaken for Japan) for gold, Christopher Columbus lands on an island he names Hispaniola.
1493	9	9	world	history	Battle of Krbava Field, a decisive defeat of Croats in Croatian struggle against the invasion by the Ottoman Empire.
1494	6	7	world	history	Spain and Portugal sign the Treaty of Tordesillas which divides the New World between the two countries.
1494	7	2	world	science	Age of Discovery: The Treaty of Tordesillas is ratified by Spain.
1496	3	10	world	history	After establishing the city of Santo Domingo, Christopher Columbus departs for Spain, leaving his brother in command.
1497	2	7	world	history	In Florence, Italy, supporters of Girolamo Savonarola burn cosmetics, art, and books, in a "Bonfire of the vanities".
1497	5	10	world	history	Amerigo Vespucci allegedly leaves Cádiz for his first voyage to the New World.
1497	5	20	world	history	John Cabot sets sail from Bristol, England, on his ship Matthew looking for a route to the west (other documents give a May 2 date).
1497	12	16	world	history	Vasco da Gama passes the Great Fish River at the southern tip of Africa, where Bartolomeu Dias had previously turned back to Portugal.
1498	0	0	india	history	Vasco da Gama reaches Calicut by sea
1498	9	20	world	history	The Nankai tsunami washes away the building housing the Great Buddha at Kōtoku-in; it has been located outside ever since.
1499	1	8	world	history	Louis XII of France marries Anne of Brittany in accordance with a law set by his predecessor, Charles VIII.
1499	7	22	world	history	Battle of Dornach: The Swiss decisively defeat the army of Maximilian I, Holy Roman Emperor.
1500	2	17	world	science	Duke Frederick of Schleswig-Holstein and King John of Denmark attempt to subdue the peasantry of Dithmarschen, Denmark, in the Battle of Hemmingstedt.
1500	4	22	world	science	Portuguese navigator Pedro Álvares Cabral lands in Brazil (discovery of Brazil).
1500	9	13	india	history	Pedro Álvares Cabral and his Portuguese fleet arrive in Calicut, having crossed both the Atlantic and Indian Ocean.
1500	11	11	world	history	Treaty of Granada: Louis XII of France and Ferdinand II of Aragon agree to divide the Kingdom of Naples between them.
1502	5	9	world	history	Christopher Columbus sets off from Cádiz for his fourth voyage.
1502	7	30	world	history	Christopher Columbus lands at Guanaja in the Bay Islands off the coast of Honduras during his fourth voyage.
1503	5	10	world	history	Christopher Columbus visits the Cayman Islands and names them Las Tortugas after the numerous turtles there.
1505	6	6	world	history	The M8.2–8.8 Lo Mustang earthquake affects Tibet and Nepal, causing severe damage in Kathmandu and parts of the Indo-Gangetic plain.
1506	4	19	world	history	The Lisbon Massacre begins, in which about two thousand Jews who had been forcibly converted to Christianity are slaughtered by Portuguese Catholics.
1509	0	0	karnataka	history	Krishnadevaraya becomes emperor of Vijayanagara
1509	4	27	world	history	Pope Julius II places the Italian state of Venice under interdict.
1509	7	26	world	history	Krishnadevaraya ascends to the throne as Emperor of Vijayanagara, marking the beginning of the regeneration of the Vijayanagara Empire.
1510	0	0	india	history	Portuguese capture Goa under Afonso de Albuquerque
1510	5	30	world	history	During the reign of the Zhengde Emperor, Ming dynasty rebel leader Zhu Zhifan is defeated by commander Qiu Yue, ending the Prince of Anhua rebellion.
1511	8	15	world	history	Afonso de Albuquerque of Portugal conquers Malacca, the capital of the Malacca Sultanate.
1511	11	17	world	history	Henry VIII of England concludes the Treaty of Westminster, a pledge of mutual aid against the French, with Ferdinand II of Aragon.
1514	6	13	world	history	Henry Grace à Dieu, at over 1,000 tons the largest warship in the world at this time, built at the new Woolwich Dockyard in England, is dedicated.
1514	8	23	world	history	The Battle of Chaldiran ends with a decisive victory for the Sultan Selim I, Ottoman Empire, over the Shah Ismail I, founder of the Safavid dynasty.
1516	8	24	world	history	The Ottoman Empire under Selim I defeats the Mamluk Sultanate and captures present-day Syria at the Battle of Marj Dabiq.
1517	1	22	world	history	The Ottoman Empire under Selim I defeats the Mamluk Sultanate and captures present-day Egypt at the Battle of Ridaniya.
1517	10	31	world	history	Martin Luther begins the Reformation (31 October)
1519	4	22	world	history	Spanish conquistador Hernán Cortés establishes a settlement at Veracruz, Mexico.
1520	1	19	world	history	Sten Sture the Younger, the Regent of Sweden, is mortally wounded at the Battle of Bogesund and dies on February 3.
1521	1	3	world	history	Pope Leo X excommunicates Martin Luther in the papal bull Decet Romanum Pontificem.
1521	3	31	world	history	Ferdinand Magellan and fifty of his men came ashore to present-day Limasawa to participate in the first Catholic mass in the Philippines.
1521	4	27	world	history	Battle of Mactan: Explorer Ferdinand Magellan is killed by natives in the Philippines led by chief Lapulapu.
1521	5	25	world	history	The Diet of Worms ends when Charles V, Holy Roman Emperor, issues the Edict of Worms, declaring Martin Luther an outlaw.
1521	8	13	world	history	After an extended siege, forces led by Spanish conquistador Hernán Cortés capture Tlatoani Cuauhtémoc and conquer the Aztec capital of Tenochtitlan.
1521	8	23	world	history	Christian II of Denmark is deposed as king of Sweden and Gustav Vasa is elected regent.
1521	12	27	world	history	The Zwickau prophets arrive in Wittenberg, disturbing the peace and preaching the Apocalypse.
1522	0	0	world	history	Magellan's expedition completes the first circumnavigation
1523	6	6	world	history	Swedish regent Gustav Vasa is elected King of Sweden and, marking a symbolic end to the Kalmar Union, 6 June is designated the country's national day.
1525	6	13	world	history	Martin Luther marries Katharina von Bora, against the celibacy rule decreed by the Roman Catholic Church for priests and nuns.
1526	0	0	india	history	First Battle of Panipat; Babur founds the Mughal Empire
1526	4	21	world	history	The last ruler of the Lodi dynasty, Ibrahim Lodi, is defeated and killed by Babur in the First Battle of Panipat.
1526	8	29	world	history	Battle of Mohács: The Ottoman Turks led by Suleiman the Magnificent defeat and kill the last Jagiellonian king of Hungary and Bohemia.
1527	0	0	india	history	Battle of Khanwa; Babur defeats Rana Sanga
1527	6	22	world	history	Fatahillah expels Portuguese forces from Sunda Kelapa, now regarded as the foundation of Jakarta.
1530	6	25	world	history	At the Diet of Augsburg the Augsburg Confession is presented to the Holy Roman Emperor by the Lutheran princes and Electors of Germany.
1531	10	11	world	history	The five Catholic cantons defeat the Protestant canton of Zurich in the battle of Kappel.
1531	10	28	world	history	Abyssinian–Adal war: The Adal Sultanate seizes southern Ethiopia.
1532	8	13	world	history	Union of Brittany and France: The Duchy of Brittany is absorbed into the Kingdom of France.
1532	9	1	world	history	Lady Anne Boleyn is made Marquess of Pembroke by her fiancé, King Henry VIII of England.
1532	11	16	world	history	Francisco Pizarro and his men capture Inca Emperor Atahualpa at the Battle of Cajamarca.
1533	5	28	world	history	The Archbishop of Canterbury, Thomas Cranmer, declares the marriage of King Henry VIII of England to Anne Boleyn valid.
1534	7	24	world	history	French explorer Jacques Cartier plants a cross on the Gaspé Peninsula and takes possession of the territory in the name of Francis I of France.
1534	12	6	world	history	The city of Quito in Ecuador is founded by Spanish settlers led by Sebastián de Belalcázar.
1535	1	21	world	history	Following the Affair of the Placards, the French king leads an anti-Protestant procession through Paris.
1535	3	10	world	science	Spaniard Fray Tomás de Berlanga, the fourth Bishop of Panama, discovers the Galápagos Islands by chance on his way to Peru.
1535	6	1	world	history	Combined forces loyal to Charles V attack and expel the Ottomans from Tunis during the Conquest of Tunis.
1535	7	3	world	history	Diego de Almagro leaves the recently conquered Inca capital of Cuzco to lead an expedition to Chile.
1536	4	5	world	history	Charles V makes a Royal Entry into Rome, demolishing a swath of the city to re-enact a Roman triumph.
1536	5	2	world	history	Anne Boleyn, Queen of England, is arrested and imprisoned on charges of adultery, incest, treason and witchcraft.
1538	5	26	world	history	Geneva expels John Calvin and his followers from the city. Calvin lives in exile in Strasbourg for the next three years.
1539	0	0	india	history	Sher Shah Suri defeats Humayun at Chausa and later founds the Suri empire
1539	4	27	world	history	Official founding of the city of Bogotá, New Granada (nowadays Colombia), by Nikolaus Federmann and Sebastián de Belalcázar.
1539	5	30	world	history	In Florida, Hernando de Soto lands at Tampa Bay with 600 soldiers with the goal of finding gold.
1539	6	10	world	history	Council of Trent: Pope Paul III sends out letters to his bishops, delaying the Council due to war and the difficulty bishops had traveling to Venice.
1540	3	23	world	history	Waltham Abbey in England is surrendered to King Henry VIII, the last religious community to be closed during the Dissolution of the Monasteries.
1541	9	30	world	history	Spanish conquistador Hernando de Soto and his forces enter Tula territory in present-day western Arkansas, encountering fierce resistance.
1542	11	24	world	history	Battle of Solway Moss: An English army defeats a much larger Scottish force near the River Esk in Dumfries and Galloway.
1542	11	27	world	history	Palace plot of Renyin year: A group of Ming dynasty palace women fail to murder the Jiajing Emperor, and are executed by slow-slicing.
1543	0	0	world	science	Copernicus publishes On the Revolutions; Vesalius publishes his anatomy of the human body
1543	9	9	world	history	Mary Stuart, at nine months old, is crowned "Queen of Scots" in the central Scottish town of Stirling.
1543	9	17	world	history	The first Finnish-language book, the Abckiria by Mikael Agricola, is published in Stockholm.
1544	4	11	world	history	Italian War of 1542–46: A French army defeats Habsburg forces at the Battle of Ceresole, but fails to exploit its victory.
1544	9	18	world	history	The expedition of Juan Bautista Pastene makes landfall in San Pedro Bay, southern Chile, claiming the territory for Spain.
1545	4	10	world	science	The settlement of Villa Imperial de Carlos V (now the city of Potosí) in Bolivia is founded after the discovery of huge silver deposits in the area.
1547	1	8	world	history	The first Lithuanian-language book, the Catechism of Martynas Mažvydas, is published in Königsberg.
1549	8	15	world	history	Jesuit priest Francis Xavier comes ashore at Kagoshima (Traditional Japanese date: 22 July 1549).
1553	8	13	world	history	Michael Servetus is arrested by John Calvin in Geneva, Switzerland as a heretic.
1554	1	12	world	history	Bayinnaung, who would go on to assemble the largest empire in the history of Southeast Asia, is crowned King of Burma.
1554	5	21	world	history	Queen Mary I grants a royal charter to Derby School, as a grammar school for boys in Derby, England.
1554	7	25	world	history	The royal wedding of Mary I and Philip II of Spain is celebrated at Winchester Cathedral.
1555	2	4	world	history	John Rogers is burned at the stake, becoming the first English Protestant martyr under Queen Mary I.
1556	0	0	india	history	Second Battle of Panipat; Akbar secures the Mughal throne
1556	1	23	world	history	The deadliest earthquake in history, the Shaanxi earthquake, hits Shaanxi province, China. The death toll may have been as high as 830,000.
1556	6	27	world	history	The thirteen Stratford Martyrs are burned at the stake near London for their Protestant beliefs.
1558	1	7	world	history	French troops, led by Francis, Duke of Guise, take Calais, the last continental possession of England.
1558	7	13	world	science	Battle of Gravelines: In France, Spanish forces led by Count Lamoral of Egmont defeat the French forces of Marshal Paul de Thermes at Gravelines.
1558	11	17	world	history	Elizabethan era begins: Queen Mary I of England dies and is succeeded by her half-sister Elizabeth I.
1559	1	15	world	history	Elizabeth I is crowned Queen of England and Ireland in Westminster Abbey, London.
1561	9	23	world	history	King Philip II of Spain issues cedula, ordering a halt to colonizing efforts in Florida.
1564	1	26	world	history	The Grand Duchy of Lithuania defeats the Tsardom of Russia in the Battle of Ula during the Livonian War.
1564	1	26	world	history	The Council of Trent establishes an official distinction between Roman Catholicism and Protestantism.
1564	4	26	world	history	Playwright William Shakespeare is baptized in Stratford-upon-Avon, Warwickshire, England (date of birth is unknown).
1565	0	0	karnataka	history	Battle of Talikota; Vijayanagara is defeated by the Deccan sultanates
1565	6	23	world	history	Dragut, commander of the Ottoman navy, dies during the Great Siege of Malta.
1565	7	29	world	history	The widowed Mary, Queen of Scots marries Henry Stuart, Lord Darnley, Duke of Albany, at Holyrood Palace, Edinburgh, Scotland, in a Catholic ceremony.
1567	1	20	world	history	Battle of Rio de Janeiro: Portuguese forces under the command of Estácio de Sá definitively drive the French out of Rio de Janeiro.
1567	7	24	world	history	Mary, Queen of Scots, is forced to abdicate and be replaced by her one-year-old son James VI.
1567	7	29	world	history	The infant James VI is crowned King of Scotland at Stirling.
1567	9	29	world	history	During the French War of Religion, Protestant coup officials in Nîmes massacre Catholic priests in an event now known as the Michelade.
1568	1	28	world	history	The Edict of Torda prohibits the persecution of individuals on religious grounds in John Sigismund Zápolya's Eastern Hungarian Kingdom.
1568	5	13	world	history	Mary, Queen of Scots, is defeated at the Battle of Langside, part of the civil war between Queen Mary and the supporters of her son, James VI.
1568	7	21	world	history	Eighty Years' War: in the Battle of Jemmingen, Fernando Álvarez de Toledo, Duke of Alva defeats Louis of Nassau.
1568	10	20	world	history	The Spanish Duke of Alba defeats a Dutch rebel force under William the Silent.
1570	1	23	world	history	James Stewart, 1st Earl of Moray, regent for the infant King James VI of Scotland, is assassinated by firearm, the first recorded instance of such.
1570	5	20	world	history	Cartographer Abraham Ortelius issues Theatrum Orbis Terrarum, the first modern atlas.
1572	1	16	world	history	Thomas Howard, 4th Duke of Norfolk is tried and found guilty of treason for his part in the Ridolfi plot to restore Catholicism in England.
1572	4	19	world	history	England and France sign an alliance against Spain in the treaty of Blois.
1572	8	23	world	history	French Wars of Religion: Mob violence against thousands of Huguenots in Paris results in the St. Bartholomew's Day massacre.
1572	10	20	world	history	Eighty Years' War: Three thousand Spanish soldiers wade through fifteen miles of water in one night to effect the relief of Goes.
1574	8	30	world	history	Guru Ram Das becomes the Fourth Sikh Guru/Master.
1574	11	22	world	science	Spanish navigator Juan Fernández discovers islands now known as the Juan Fernández Islands off Chile.
1575	3	3	world	history	Mughal Emperor Akbar defeats Sultan of Bengal Daud Khan Karrani's army at the Battle of Tukaroi.
1575	6	28	world	history	Sengoku period of Japan: The combined forces of Oda Nobunaga and Tokugawa Ieyasu are victorious in the Battle of Nagashino.
1576	0	0	india	history	Battle of Haldighati; Rana Pratap resists Akbar
1576	2	5	world	history	Henry of Navarre abjures Catholicism at Tours and rejoins the Protestant forces in the French Wars of Religion.
1577	12	1	world	history	English Courtiers Christopher Hatton and Thomas Heneage are knighted by Queen Elizabeth I.
1579	1	6	world	history	The Union of Arras unites the southern Netherlands under the Duke of Parma (Ottavio Farnese), governor in the name of King Philip II of Spain.
1579	1	23	world	history	The Union of Utrecht forms a Protestant republic in the Netherlands.
1579	7	8	world	science	Our Lady of Kazan, a holy icon of the Russian Orthodox Church, is discovered underground in the city of Kazan, Tatarstan.
1579	7	26	world	science	Francis Drake, the English explorer, discovers a "fair and good" bay on the coast of the Pacific Northwest (probably Oregon or Washington).
1579	10	19	world	history	James VI of Scotland is celebrated as an adult ruler by a festival in Edinburgh.
1581	7	26	world	history	Plakkaat van Verlatinghe (Act of Abjuration): The northern Low Countries declare their independence from the Spanish king, Philip II.
1582	7	2	world	history	Battle of Yamazaki: Toyotomi Hideyoshi defeats Akechi Mitsuhide.
1583	8	5	world	history	Sir Humphrey Gilbert establishes the first English colony in North America, at what is now St. John's, Newfoundland and Labrador.
1583	12	17	world	history	Cologne War: Forces under Ernest of Bavaria defeat troops under Gebhard Truchsess von Waldburg at the Siege of Godesberg.
1585	3	3	world	history	The Olympic Theatre, designed by Andrea Palladio, is inaugurated in Vicenza.
1585	8	10	world	history	The Treaty of Nonsuch signed by Elizabeth I of England and the Dutch Rebels.
1586	9	20	world	history	A number of conspirators in the Babington Plot are hanged, drawn and quartered.
1587	2	8	world	history	Mary, Queen of Scots is executed on suspicion of having been involved in the Babington Plot to murder her cousin, Queen Elizabeth I.
1587	7	22	world	history	Roanoke Colony: A second group of English settlers arrives on Roanoke Island off North Carolina to re-establish the deserted colony.
1588	0	0	world	history	Spanish Armada defeated
1588	5	12	world	history	French Wars of Religion: Henry III of France flees Paris after Henry I, Duke of Guise, enters the city and a spontaneous uprising occurs.
1588	7	19	world	history	Anglo-Spanish War: Battle of Gravelines: The Spanish Armada is sighted in the English Channel.
1588	9	9	world	history	Thomas Cavendish in his ship Desire enters Plymouth and completes the first deliberately planned voyage of circumnavigation.
1590	0	0	world	science	First compound microscope built in the Netherlands (c. 1590)
1590	8	30	world	history	Tokugawa Ieyasu enters Edo Castle. (Traditional Japanese date: August 1, 1590)
1591	7	25	world	history	The Duke of Parma is defeated near the Dutch city of Nijmegen by an Anglo-Dutch force led by Maurice of Orange.
1594	2	27	world	history	Henry IV is crowned King of France.
1594	8	30	world	history	King James VI of Scotland holds a masque at the baptism of Prince Henry at Stirling Castle.
1594	10	9	world	history	Troops of the Portuguese Empire are defeated on Sri Lanka, bringing an end to the Campaign of Danture.
1595	8	23	world	history	Long Turkish War: Wallachian prince Michael the Brave confronts the Ottoman army in the Battle of Călugăreni and achieves a tactical victory.
1595	9	2	world	history	An imperial army retakes the city of Esztergom from the Ottoman Empire.
1597	10	26	world	history	Imjin War: Korean Admiral Yi Sun-sin routs the Japanese Navy of 300 ships with only 13 ships at the Battle of Myeongnyang.
1598	4	30	world	history	Henry IV of France issues the Edict of Nantes, allowing freedom of religion to the Huguenots.
1598	12	21	world	history	Battle of Curalaba: The revolting Mapuche, led by cacique Pelentaru, inflict a major defeat on Spanish troops in southern Chile.
1600	0	0	india	history	English East India Company chartered on 31 December
1600	8	5	world	history	The Gowrie Conspiracy against King James VI of Scotland (later to become King James I of England) takes place at Gowrie House (Perth, Scotland).
1601	2	8	world	history	Robert Devereux, 2nd Earl of Essex, unsuccessfully rebels against Queen Elizabeth I.
1601	8	3	world	history	Long War: Austria captures Transylvania in the Battle of Goroszló.
1602	7	29	world	history	Elizabeth I visits Harefield Place at Hillingdon and the Harefield Entertainment is performed.
1602	9	20	world	history	The Spanish-held Dutch town of Grave capitulates to a besieging Dutch and English army under the command of Maurice of Orange.
1603	3	24	world	history	Tokugawa Ieyasu is granted the title of shōgun from Emperor Go-Yōzei, and establishes the Tokugawa shogunate in Edo, Japan.
1603	3	24	world	history	James VI of Scotland is proclaimed King James I of England and Ireland, upon the death of Elizabeth I.
1603	7	25	world	history	James VI and I and Anne of Denmark are crowned in Westminster Abbey.
1603	11	17	world	history	English explorer, writer and courtier Sir Walter Raleigh goes on trial for treason.
1604	9	1	world	history	Adi Granth, now known as Guru Granth Sahib, the holy scripture of Sikhs, is first installed at Harmandir Sahib.
1605	1	16	world	history	The first edition of El ingenioso hidalgo Don Quijote de la Mancha (Book One of Don Quixote) by Miguel de Cervantes is published in Madrid, Spain.
1606	4	12	world	history	The Union Flag is adopted as the flag of English and Scottish ships.
1607	3	10	world	history	Susenyos I defeats the combined armies of Yaqob and Abuna Petros II at the Battle of Gol in Gojjam, making him Emperor of Ethiopia.
1607	9	4	world	history	The Flight of the Earls takes place in Ireland (14 September N.S.).
1609	0	0	world	science	Galileo points his telescope at the sky; Kepler publishes his first two laws
1609	5	5	world	history	Daimyō (Lord) Shimazu Tadatsune of the Satsuma Domain in southern Kyūshū, Japan, completes his successful invasion of the Ryūkyū Kingdom in Okinawa.
1609	7	9	world	history	Bohemia is granted freedom of religion through the Letter of Majesty by the Holy Roman Emperor, Rudolf II.
1609	7	30	world	history	Beaver Wars: At Ticonderoga (now Crown Point, New York), Samuel de Champlain shoots and kills two Iroquois chiefs on behalf of his native allies.
1610	5	14	world	history	Henry IV of France is assassinated by Catholic zealot François Ravaillac, and Louis XIII ascends the throne.
1610	5	31	world	history	The pageant London's Love to Prince Henry on the River Thames celebrates the creation of Prince Henry as Prince of Wales.
1610	8	2	world	history	During Henry Hudson's search for the Northwest Passage, he sails into what is now known as Hudson Bay.
1611	5	2	world	history	The King James Version of the Bible is published for the first time in London, England, by printer Robert Barker.
1612	4	13	world	history	Samurai Miyamoto Musashi defeats Sasaki Kojirō in a duel at Funajima island.
1612	8	18	world	history	The trials of the Pendle witches and Samlesbury witches, one of England's most famous witch trials, begin at the Lancaster Assizes.
1614	4	5	world	history	In Virginia, Native American Pocahontas marries English colonist John Rolfe.
1615	6	2	world	history	The first Récollet missionaries arrive at Quebec City, from Rouen, France.
1616	1	12	world	history	The city of Belém, Brazil is founded on the Amazon River delta by Portuguese captain Francisco Caldeira Castelo Branco.
1616	2	17	world	history	Nurhaci proclaims himself Khan of the Later Jin, precursor to the Qing Dynasty.
1617	2	27	world	history	Sweden and the Tsardom of Russia sign the Treaty of Stolbovo, ending the Ingrian War and shutting Russia out of the Baltic Sea.
1618	7	31	world	history	Maurice, Prince of Orange disbands the waardgelders militia in Utrecht, a pivotal event in the Remonstrant/Counter-Remonstrant tensions.
1619	5	13	world	history	Dutch statesman Johan van Oldenbarnevelt is executed in The Hague after being convicted of treason.
1620	8	1	world	history	Speedwell leaves Delfshaven to bring pilgrims to America by way of England.
1620	9	17	world	history	Polish–Ottoman War: The Ottoman Empire defeats the Polish–Lithuanian Commonwealth during the Battle of Cecora.
1620	12	21	world	history	Plymouth Colony: William Bradford and the Mayflower Pilgrims land near what is now known as Plymouth Rock in Plymouth, Massachusetts.
1621	2	9	world	history	Gregory XV becomes Pope, the last Pope elected by acclamation.
1625	4	28	world	history	A combined Spanish and Portuguese fleet of 52 ships commences the recapture of Bahia from the Dutch during the Dutch–Portuguese War.
1625	5	2	world	history	Afonso Mendes, appointed by Pope Gregory XV as Latin Patriarch of Ethiopia, arrives at Beilul from Goa.
1625	6	13	world	history	King Charles I of England marries Catholic princess Henrietta Maria of France and Navarre, at Canterbury.
1626	2	27	world	history	Yuan Chonghuan is appointed Governor of Liaodong, after leading the Chinese into a great victory against the Manchurians under Nurhaci.
1627	0	0	india	history	Shivaji born at Shivneri fort
1628	0	0	world	science	William Harvey describes blood circulation
1628	6	7	world	history	The Petition of Right, a major English constitutional document, is granted royal assent by Charles I and becomes law.
1629	3	10	world	history	Charles I dissolves the Parliament of England, beginning the eleven-year period known as the Personal Rule.
1630	2	16	world	history	Dutch forces led by Hendrick Lonck capture Olinda in what was to become part of Dutch Brazil.
1631	0	0	india	history	Mumtaz Mahal dies; the Taj Mahal is begun by Shah Jahan
1632	3	29	world	history	Treaty of Saint-Germain is signed returning Quebec to French control after the English had seized it in 1629.
1634	11	11	world	history	Following pressure from Anglican bishop John Atherton, the Irish House of Commons passes An Act for the Punishment for the Vice of Buggery.
1635	7	28	world	history	Eighty Years' War: The Spanish capture the strategic Dutch fortress of Schenkenschans.
1636	4	30	world	history	Eighty Years' War: Dutch Republic forces recapture a strategically important fort from Spain after a nine-month siege.
1637	5	26	world	history	Pequot War: A combined English and Mohegan force under John Mason attacks a village in Connecticut, massacring approximately 500 Pequots.
1638	8	9	world	history	An army under Bernard of Saxe-Weimar defeats imperial troops at the battle of Wittenweiher.
1639	1	19	world	history	Hämeenlinna (Swedish: Tavastehus) is granted privileges after it separated from the Vanaja parish as its own city in Tavastia.
1640	8	28	world	history	Second Bishop's War: King Charles I's English army loses to a Scottish Covenanter force at the Battle of Newburn.
1640	12	11	world	history	The Root and Branch petition, signed by 15,000 Londoners calling for the abolition of the episcopacy, is presented to the Long Parliament.
1641	1	6	world	history	Arauco War: The first Parliament of Quillín is celebrated, putting a temporary hold on hostilities between Mapuches and Spanish in Chile.
1641	1	26	world	history	Reapers' War: Battle of Montjuïc, decisive victory of the Catalan army (with French support) over the Spanish army.
1642	11	13	world	history	First English Civil War: Battle of Turnham Green: The Royalist forces withdraw in the face of the Parliamentarian army and fail to take London.
1642	11	24	world	science	Abel Tasman becomes the first European to discover the island Van Diemen's Land (later renamed Tasmania).
1643	6	12	world	history	The Westminster Assembly is convened by the Parliament of England, without the assent of Charles I, in order to restructure the Church of England.
1643	10	11	world	history	A Parliamentarian cavalry force defeats a Royalist cavalry force in the battle of Winceby.
1644	5	28	world	history	English Civil War: Bolton Massacre by Royalist troops under the command of James Stanley, 7th Earl of Derby.
1644	7	2	world	science	English Civil War: Battle of Marston Moor.
1644	9	1	world	history	Battle of Tippermuir: James Graham, 1st Marquess of Montrose defeats the Earl of Wemyss's Covenanters, reviving the Royalist cause.
1644	11	23	world	history	John Milton publishes Areopagitica, a pamphlet decrying censorship.
1645	5	9	world	history	Scottish Royalist forces under Lord Montrose defeat Covenanter forces under John Urry.
1645	6	14	world	history	English Civil War: Battle of Naseby: Twelve thousand Royalist forces are beaten by fifteen thousand Parliamentarian soldiers.
1645	7	2	world	history	Wars of the Three Kingdoms: Battle of Alford.
1645	7	30	world	science	English Civil War: Scottish Covenanter forces under the Earl of Leven launch the Siege of Hereford, a remaining Royalist stronghold.
1645	8	3	world	history	Thirty Years' War: The Second Battle of Nördlingen sees French forces defeating those of the Holy Roman Empire.
1645	9	24	world	history	The Battle of Rowton Heath in England occurs, ending in a Parliamentarian victory over a Royalist army commanded in person by King Charles I.
1645	10	8	world	history	Jeanne Mance opens the first lay hospital of North America in Montreal.
1648	6	1	world	history	The Roundheads defeat the Cavaliers at the Battle of Maidstone in the Second English Civil War.
1649	6	1	world	history	Start of the Sumuroy Revolt: Filipinos in Northern Samar led by Agustin Sumuroy revolt against Spanish colonial authorities.
1649	9	2	world	history	The Italian city of Castro is completely destroyed by the forces of Pope Innocent X, ending the Wars of Castro.
1650	1	25	world	history	As part of the purges following the Great Potosí Mint Fraud of 1649 Francisco Gómez de la Rocha, a rich former corregidor of Potosí, is executed.
1650	4	27	world	history	The Battle of Carbisdale: A Royalist army from Orkney invades mainland Scotland but is defeated by a Covenanter army.
1650	8	13	world	history	Colonel George Monck of the English Army forms Monck's Regiment of Foot, which will later become the Coldstream Guards.
1651	1	1	world	history	Charles II is crowned King of Scotland at Scone Palace.
1651	7	8	world	history	The Venetian fleet under  Alvise Mocenigo engages with an Ottoman fleet under Hosambegzade Ali Pasha south of Naxos, defeating it after three days.
1651	10	15	world	history	Qing forces capture the island of Zhoushan. Zhu Yihai, Prince of Lu, resident of the island and regent of the Southern Ming, flees to Kinmen.
1652	4	6	world	history	At the Cape of Good Hope, Dutch sailor Jan van Riebeeck establishes a resupply camp that eventually becomes Cape Town.
1653	12	16	world	history	English Interregnum: The Protectorate: Oliver Cromwell becomes Lord Protector of the Commonwealth of England, Scotland and Ireland.
1654	1	11	world	history	Arauco War: A Spanish army is defeated by local Mapuche-Huilliches as it tries to cross Bueno River in Southern Chile.
1654	6	6	world	history	Swedish Queen Christina abdicates her throne in favour of her cousin Charles Gustav and converts to Catholicism.
1655	7	31	world	history	Russo-Polish War (1654–67): The Russian army enters the capital of the Grand Duchy of Lithuania, Vilnius, which it holds for six years.
1655	8	23	world	history	Battle of Sobota: The Swedish Empire led by Charles X Gustav defeats the Polish–Lithuanian Commonwealth.
1655	12	27	world	history	Second Northern War/the Deluge: Monks at the Jasna Góra Monastery in Częstochowa are successful in fending off a month-long siege.
1656	7	30	world	history	The Battle of Warsaw ends with a Swedish-Brandenburger victory over a larger Polish-Lithuanian force.
1656	10	14	world	history	The General Court of the Massachusetts Bay Colony enacts the first punitive legislation against the Religious Society of Friends.
1657	3	31	world	history	The Long Parliament presents the Humble Petition and Advice offering Oliver Cromwell the British throne, which he eventually declines.
1658	6	14	world	history	Franco-Spanish War: Turenne and the French army win a decisive victory over the Spanish at the battle of the Dunes.
1658	6	25	world	history	Spanish forces fail to retake Jamaica at the Battle of Rio Nuevo during the Anglo-Spanish War.
1658	9	3	world	history	The death of Oliver Cromwell; Richard Cromwell becomes Lord Protector of England.
1659	5	6	world	history	English Restoration: A faction of the British Army removes Richard Cromwell as Lord Protector of the Commonwealth and reinstalls the Rump Parliament.
1659	8	19	world	history	Parliamentarian forces under John Lambert defeat Royalist forces under George Booth in the battle of Winnington Bridge, ending Booth's Uprising.
1659	12	28	world	history	The Marathas defeat the Adilshahi forces in the Battle of Kolhapur.
1661	1	6	world	history	English Restoration: The Fifth Monarchists unsuccessfully attempt to seize control of London, England. The revolt is suppressed after a few days.
1661	3	10	world	history	French "Sun King" Louis XIV begins his personal rule of France after the death of his premier, the Cardinal Mazarin.
1662	2	1	world	history	The Chinese general Koxinga seizes the island of Taiwan after a nine-month siege.
1662	10	19	world	science	An English Buccaneer force led by Royal Navy commodore Christopher Myngs launches an attack on Santiago de Cuba which is subsequently sacked.
1662	12	1	world	history	Diarist John Evelyn records skating on the frozen lake in St James's Park, London, watched by Charles II and Queen Catherine.
1663	7	8	world	history	Charles II of England grants John Clarke a Royal charter to Rhode Island.
1664	8	1	world	history	Ottoman forces are defeated in the battle of Saint Gotthard by an Austrian army led by Raimondo Montecuccoli, resulting in the Peace of Vasvár.
1664	8	10	world	history	The Habsburg empire and the Ottoman empire sign the peace treaty of Vasvár, which results in peace until 1683.
1665	0	0	world	science	Robert Hooke names the "cell" in Micrographia
1666	6	14	world	history	A four day long naval engagement between the Dutch and English fleet ends, with the English suffering heavier losses.
1667	4	27	world	history	Blind and impoverished, John Milton sells Paradise Lost to a printer for £10, so that it could be entered into the Stationers' Register.
1667	7	31	world	history	The treaty of Breda ends the second Anglo-Dutch War and grants England in possession of New Amsterdam.
1669	5	1	world	history	Henry Morgan's raid on Lake Maracaibo: the Spanish Armada de Barlovento is defeated by an English Privateer fleet led by Captain Henry Morgan.
1670	5	2	world	history	King Charles II of England grants a permanent charter to the Hudson's Bay Company to open up the fur trade in North America.
1671	5	9	world	history	Thomas Blood, disguised as a clergyman, attempts to steal England's Crown Jewels from the Tower of London.
1673	3	18	world	history	English lord John Berkeley sells his half of New Jersey to the Quakers.
1674	0	0	india	history	Shivaji crowned Chhatrapati at Raigad
1674	6	6	world	history	Shivaji is crowned as the first Chhatrapati of the Maratha Empire at Raigad Fort.
1674	10	27	world	history	The French garrison in Grave surrenders the town to a Dutch army after a difficult siege.
1675	11	2	world	history	Plymouth Colony governor Josiah Winslow leads a colonial militia against the Narragansett during King Philip's War.
1676	6	2	world	history	Franco-Dutch War: France ensures the supremacy of its naval fleet for the remainder of the war with its victory in the Battle of Palermo.
1676	7	30	world	history	Nathaniel Bacon issues the "Declaration of the People of Virginia", beginning Bacon's Rebellion against the rule of Governor William Berkeley.
1676	9	19	world	history	Jamestown is burned to the ground by the forces of Nathaniel Bacon during Bacon's Rebellion.
1677	7	23	world	science	Scanian War: Denmark–Norway captures the harbor town of Marstrand from Sweden.
1678	6	25	world	history	Venetian Elena Cornaro Piscopia is the first woman awarded a doctorate of philosophy when she graduates from the University of Padua.
1678	8	3	world	history	Robert LaSalle builds the Le Griffon, the first known ship built on the Great Lakes.
1679	6	1	world	history	The Scottish Covenanters defeat John Graham of Claverhouse at the Battle of Drumclog.
1679	8	7	world	history	The brigantine Le Griffon becomes the first ship to sail the upper Great Lakes of North America.
1680	1	2	world	history	Trunajaya rebellion: Amangkurat II of Mataram and his bodyguards execute the rebel leader Trunajaya.
1682	8	24	world	history	William Penn receives the area that is now the state of Delaware, and adds it to his colony of Pennsylvania.
1683	6	23	india	history	William Penn signs a friendship treaty with Lenape Indians in Pennsylvania.
1683	9	17	world	history	Antonie van Leeuwenhoek writes a letter to the Royal Society describing "animalcules", later known as protozoa.
1683	10	3	world	history	Qing dynasty naval commander Shi Lang receives the surrender of the Tungning kingdom on Taiwan after the Battle of Penghu.
1683	10	9	world	history	Allied Imperial and Polish-Lithuanian forces defeat the retreating Ottoman forces in the battle of Parkany.
1685	6	11	world	history	James Scott, Duke of Monmouth, lands at Lyme in Dorset with loyal followers with the intent to depose king James II of England.
1685	7	6	world	history	Battle of Sedgemoor: Last battle of the Monmouth Rebellion. Troops of King James II defeat troops of James Scott, 1st Duke of Monmouth.
1685	9	14	world	history	Morean War: the Battle of Kalamata ends in a Venetian victory over the forces of the Ottoman Empire under the Kapudan Pasha.
1686	3	4	world	history	After being unofficially established as a settlement in 1678, the Dominican mission of Ilagan is founded in the Philippines.
1687	7	5	world	science	Isaac Newton publishes the Principia (5 July)
1687	9	30	world	history	The Venetians under Girolamo Corner take the city of Herceg Novi from the Ottoman Empire.
1687	12	31	world	history	The first Huguenots set sail from France to the Cape of Good Hope.
1688	0	0	world	history	Glorious Revolution in England
1688	5	10	world	history	King Narai nominates Phetracha as regent, leading to the revolution of 1688 in which Phetracha becomes king of the Ayutthaya Kingdom.
1688	11	5	world	history	Prince William III of Orange lands with a Dutch fleet at Brixham to challenge the rule of King James II of England (James VII of Scotland).
1688	12	7	world	history	Siege of Derry: 13 apprentice boys shut the gates of the town of Derry to a Jacobite army.
1688	12	11	world	history	Glorious Revolution: James II of England, while trying to flee to France, throws the Great Seal of the Realm into the River Thames.
1689	4	18	world	history	Bostonians rise up in rebellion against Sir Edmund Andros.
1689	5	24	world	history	The English Parliament passes the Act of Toleration protecting dissenting Protestants but excluding Roman Catholics.
1689	8	5	world	history	Beaver Wars: Fifteen hundred Iroquois attack Lachine in New France.
1689	10	26	world	history	General Enea Silvio Piccolomini of Austria burns down Skopje to prevent the spread of cholera; he dies of the disease soon afterwards.
1692	6	2	world	history	Bridget Bishop is the first person to be tried for witchcraft in Salem, Massachusetts; she is found guilty the same day and hanged on June 10.
1695	1	27	world	history	Mustafa II becomes the Ottoman sultan and Caliph of Islam in Istanbul on the death of Ahmed II. Mustafa rules until his abdication in 1703.
1697	9	20	world	history	The Treaty of Ryswick is signed by France, England, Spain, the Holy Roman Empire and the Dutch Republic, ending the Nine Years' War.
1699	3	30	world	history	Guru Gobind Singh establishes the Khalsa in Anandpur Sahib, Punjab.
1700	1	26	world	history	The 8.7–9.2 Mw Cascadia earthquake takes place off the west coast of North America, as evidenced by Japanese records.
1701	7	9	world	history	A Bourbon force under Nicolas Catinat withdraws from a smaller Habsburg force under Prince Eugene of Savoy in the Battle of Carpi.
1701	7	19	world	history	Representatives of the Iroquois Confederacy sign the Nanfan Treaty, ceding a large territory north of the Ohio River to England.
1701	7	24	world	history	Antoine de la Mothe Cadillac founds the trading post at Fort Pontchartrain, which later becomes the city of Detroit.
1701	8	4	world	history	Great Peace of Montreal between New France and First Nations is signed.
1703	1	31	world	history	Forty-seven rōnin, under the command of Ōishi Kuranosuke, avenged the death of their master, by killing Kira Yoshinaka.
1703	2	4	world	history	In Edo (now Tokyo), all but one of the Forty-seven Ronin commit seppuku (ritual suicide) as recompense for avenging their master's death.
1703	7	31	world	history	Daniel Defoe is placed in a pillory for the crime of seditious libel after publishing a politically satirical pamphlet, but is pelted with flowers.
1704	8	13	world	history	War of the Spanish Succession: Battle of Blenheim: English and Imperial forces are victorious over French and Bavarian troops.
1705	2	25	world	history	George Frideric Handel's opera Nero premieres in Hamburg.
1706	2	3	world	history	During the Battle of Fraustadt Swedish forces defeat a superior Saxon-Polish-Russian force by deploying a double envelopment.
1707	0	0	india	history	Aurangzeb dies; the Mughal empire starts to decline
1707	1	16	world	history	The Scottish Parliament ratifies the Act of Union, paving the way for the creation of Great Britain.
1708	3	11	world	history	Queen Anne withholds Royal Assent from the Scottish Militia Bill, the last time a British monarch vetoes legislation.
1709	2	2	world	history	Alexander Selkirk is rescued after being shipwrecked on a desert island, inspiring Daniel Defoe's adventure book Robinson Crusoe.
1709	7	8	world	history	Peter I of Russia defeats Charles XII of Sweden at the Battle of Poltava, thus effectively ending Sweden's status as a major power in Europe.
1710	4	10	world	history	The Statute of Anne, the first law regulating copyright, comes into force in Great Britain.
1711	7	23	world	history	The treaty of Pruth between the Ottoman and Russian Empire is signed.
1712	7	24	world	science	War of the Spanish Succession: The French under Marshal Villars win a decisive victory over Eugene of Savoy at Denain.
1713	2	1	world	history	The Kalabalik or Skirmish at Bender results from the Ottoman Sultan Ahmed III's order that his unwelcome guest, King Charles XII of Sweden, be seized.
1713	5	10	world	history	Great Northern War: The Russian Navy led by Admiral Fyodor Apraksin land both at Katajanokka and Hietalahti during the Battle of Helsinki.
1714	5	20	world	history	Johann Sebastian Bach leads the first performance of his cantata for Pentecost, Erschallet, ihr Lieder, BWV 172, at the chapel of Schloss Weimar.
1714	9	29	world	history	The Cossacks of the Tsardom of Russia kill about 800 people overnight in Hailuoto during the Great Wrath.
1717	1	4	world	history	The Netherlands, Great Britain, and France sign the Triple Alliance.
1717	6	24	world	history	The Premier Grand Lodge of England is founded in London, the first Masonic Grand Lodge in the world (now the United Grand Lodge of England).
1718	7	21	world	history	The Treaty of Passarowitz between the Ottoman Empire, Austria and the Republic of Venice is signed.
1718	7	25	world	history	At the behest of Tsar Peter the Great, the construction of Kadriorg Palace, dedicated to his wife Catherine, begins in Tallinn.
1719	1	23	world	history	The Principality of Liechtenstein is created within the Holy Roman Empire.
1720	8	14	world	history	The Spanish military Villasur expedition is defeated by Pawnee and Otoe warriors near present-day Columbus, Nebraska.
1721	8	18	world	history	The city of Shamakhi in Safavid Shirvan is sacked.
1721	8	30	world	history	The Great Northern War between Sweden and Russia ends in the Treaty of Nystad.
1723	9	14	world	history	Grand Master António Manoel de Vilhena lays down the first stone of Fort Manoel in Malta.
1723	12	26	world	history	Bach led the first performance of Darzu ist erschienen der Sohn Gottes, BWV 40, his first Christmas Cantata composed for Leipzig.
1724	1	6	world	history	Sie werden aus Saba alle kommen, BWV 65, a Bach cantata, for Epiphany, is performed the first time.
1724	8	13	world	history	Johann Sebastian Bach leads the first performance of Nimm von uns, Herr, du treuer Gott, BWV 101, a chorale cantata on a famous tune.
1724	12	7	world	history	Tumult of Thorn: Religious unrest is followed by the execution of nine Protestant citizens and the mayor of Thorn (Toruń) by Polish authorities.
1725	1	6	world	history	J. S. Bach leads the first performance of Liebster Immanuel, Herzog der Frommen, BWV 123, a chorale cantata for Epiphany.
1725	5	15	world	history	Bach leads the first performance of his cantata Ich bin ein guter Hirt, BWV 85, about Jesus as the Good Shepherd.
1726	1	20	world	history	J. S. Bach leads the first performance of his cantata Meine Seufzer, meine Tränen (My sighs, my tears), BWV 13, for the second Sunday after Epiphany.
1726	5	9	world	history	Five men arrested during a raid on Mother Clap's molly house in London are executed at Tyburn.
1726	9	8	world	history	J. S. Bach leads the first performance of Geist und Seele wird verwirret, BWV 35, a solo cantata for alto voice.
1726	9	29	world	history	J. S. Bach leads the first performance of Es erhub sich ein Streit, BWV 130, for the feast of Michael, the archangel.
1726	10	27	world	history	J. S. Bach leads the first performance of Ich will den Kreuzstab gerne tragen, BWV 56, one of few works he called a cantata.
1727	4	11	world	history	Premiere of Johann Sebastian Bach's St Matthew Passion BWV 244b at St. Thomas Church in Leipzig, Electorate of Saxony (now Germany).
1727	8	30	world	history	Anne, eldest daughter of King George II of Great Britain, is given the title Princess Royal.
1728	8	29	world	history	The city of Nuuk in Greenland is founded as the fort of Godt-Haab by the royal governor Claus Paarss.
1733	7	19	world	history	The Ottoman army defeats the Iranian army under Nader Shah in the battle of Baghdad.
1733	7	30	world	history	The first Masonic Grand Lodge in the future United States is constituted in Massachusetts.
1735	0	0	world	science	Linnaeus publishes Systema Naturae, classifying living things
1735	1	8	world	history	The premiere of George Frideric Handel's Ariodante takes place at the Royal Opera House, Covent Garden.
1735	3	10	world	history	An agreement between Nader Shah and Russia is signed near Ganja, Azerbaijan and Russian troops are withdrawn from occupied territories.
1735	7	9	world	history	Safavid Iran captures Ganja from the Ottoman Empire after defeating them in the battle of Yeghevārd.
1738	1	7	world	history	A peace treaty is signed between Peshwa Bajirao and Jai Singh II following Maratha victory in the Battle of Bhopal.
1738	5	25	world	history	A treaty between Pennsylvania and Maryland ends the Conojocular War with settlement of a boundary dispute and exchange of prisoners.
1739	0	0	india	history	Nadir Shah invades Delhi and takes the Peacock Throne
1739	5	16	world	history	The Battle of Vasai concludes as the Marathas defeat the Portuguese army.
1740	6	13	world	history	Georgia provincial governor James Oglethorpe begins an unsuccessful attempt to take Spanish Florida during the Siege of St. Augustine.
1740	10	20	world	history	France, Prussia, Bavaria and Saxony refuse to honour the Pragmatic Sanction, and the War of the Austrian Succession begins.
1741	3	18	world	history	New York governor George Clarke's complex at Fort George is burned in an arson attack, starting the New York Conspiracy of 1741.
1741	4	10	world	history	War of the Austrian Succession: Prussia gains control of Silesia at the Battle of Mollwitz.
1741	5	20	india	history	The Battle of Cartagena de Indias ends in a Spanish victory and the British begin withdrawal towards Jamaica with substantial losses.
1741	7	31	world	history	Charles Albert of Bavaria invades Upper Austria and Bohemia.
1742	2	16	world	history	Spencer Compton, Earl of Wilmington, becomes British Prime Minister.
1742	4	13	world	history	George Frideric Handel's oratorio Messiah makes its world premiere in Dublin, Ireland.
1743	5	12	world	history	Maria Theresa of Austria is crowned Queen of Bohemia after defeating her rival, Charles VII, Holy Roman Emperor.
1743	8	24	world	history	The War of the Hats: The Swedish army surrenders to the Russians in Helsinki, ending the war and starting Lesser Wrath.
1744	9	30	world	history	War of the Austrian Succession: France and Spain defeat Sardinia at the Battle of Madonna dell'Olmo, but soon have to withdraw from Sardinia.
1745	12	6	world	history	Charles Edward Stuart's army begins retreat during the second Jacobite Rising.
1746	1	8	world	history	Second Jacobite rising: Bonnie Prince Charlie occupies Stirling.
1747	5	14	world	history	War of the Austrian Succession: A British fleet under Admiral George Anson defeats the French at the First Battle of Cape Finisterre.
1749	1	3	world	history	Benning Wentworth issues the first of the New Hampshire Grants, leading to the establishment of Vermont.
1750	11	24	world	history	Tarabai, regent of the Maratha Empire, imprisons Rajaram II of Satara for refusing to remove Balaji Baji Rao from the post of peshwa.
1751	7	6	world	history	Pope Benedict XIV suppresses the Patriarchate of Aquileia and establishes from its territory the Archdiocese of Udine and Gorizia.
1752	0	0	world	science	Benjamin Franklin shows lightning is electrical (June)
1752	9	2	world	history	Great Britain, along with its overseas possessions, adopts the Gregorian calendar.
1753	5	1	world	history	Publication of Species Plantarum by Linnaeus, and the formal start date of plant taxonomy adopted by the International Code of Botanical Nomenclature.
1754	7	3	india	history	French and Indian War: George Washington surrenders Fort Necessity to French forces.
1755	7	25	world	history	British governor Charles Lawrence and the Nova Scotia Council order the deportation of the Acadians.
1755	8	10	world	history	Under the direction of Charles Lawrence, the British begin to forcibly deport the Acadians from Nova Scotia to the Thirteen Colonies and France.
1756	2	7	world	history	Guaraní War: The leader of the Guaraní rebels, Sepé Tiaraju, is killed in a skirmish with Spanish and Portuguese troops.
1756	7	30	world	history	In Saint Petersburg, Bartolomeo Rastrelli presents the newly built Catherine Palace to Empress Elizabeth and her courtiers.
1757	0	0	india	history	Battle of Plassey; British East India Company gains Bengal
1757	1	16	world	history	Forces of the Maratha Empire are defeated by the Durrani Empire in the Battle of Narela.
1757	5	6	world	history	Battle of Prague: A Prussian army fights an Austrian army in Prague during the Seven Years' War.
1757	5	6	world	history	English poet Christopher Smart is admitted into St Luke's Hospital for Lunatics in London, beginning his six-year confinement to mental asylums.
1757	6	23	india	history	Battle of Plassey: Three thousand British troops under Robert Clive defeat a 50,000-strong Indian army under Siraj ud-Daulah at Plassey.
1757	7	26	world	science	A French army under Marshal d'Estrées defeats a smaller British-German army under the duke of Cumberland in the battle of Hastenbeck.
1757	11	5	world	history	Seven Years' War: Frederick the Great defeats the allied armies of France and the Holy Roman Empire at the Battle of Rossbach.
1757	12	31	world	history	Empress Elizabeth I of Russia issues her ukase incorporating Königsberg into Russia.
1758	1	24	world	history	During the Seven Years' War the leading burghers of Königsberg submit to Elizabeth of Russia, thus forming Russian Prussia (until 1763).
1758	5	21	india	history	Ten-year-old Mary Campbell is abducted in Pennsylvania by Lenape during the French and Indian War. She is returned six and a half years later.
1758	6	12	india	history	French and Indian War: Siege of Louisbourg: James Wolfe's attack at Louisbourg, Nova Scotia, commences.
1758	6	23	world	history	Seven Years' War: Battle of Krefeld: British, Hanoverian, and Prussian forces defeat French troops at Krefeld in Germany.
1758	7	8	world	history	French forces hold Fort Carillon against the British at Ticonderoga, New York.
1758	7	26	india	history	French and Indian War: The Siege of Louisbourg ends with British forces defeating the French and taking control of the Gulf of Saint Lawrence.
1758	8	29	india	history	The Treaty of Easton establishes the first American Indian reservation, at Indian Mills, New Jersey, for the Lenape.
1758	10	14	world	history	Seven Years' War: Frederick the Great suffers a rare defeat at the Battle of Hochkirch.
1759	7	25	india	history	French and Indian War: In Western New York, British forces capture Fort Niagara from the French, who subsequently abandon Fort Rouillé.
1759	8	18	world	history	Beginning of the battle of Lagos, in which a British fleet defeats a French fleet trying to slip through Gibraltar.
1759	12	31	world	history	Arthur Guinness signs a 9,000-year lease at £45 per annum and starts brewing Guinness.
1760	1	9	world	history	Ahmad Shah Durrani defeats the Marathas in the Battle of Barari Ghat.
1760	6	27	world	history	Anglo-Cherokee War: Cherokee warriors defeat British forces at the Battle of Echoee near present-day Otto, North Carolina.
1760	8	15	world	history	Seven Years' War: Battle of Liegnitz: Frederick the Great's victory over the Austrians under Ernst Gideon von Laudon.
1760	10	25	world	history	King George III succeeds to the British throne on the death of his grandfather George II.
1760	11	18	world	history	The rebuilt debtors' prison, at the Castellania in Valletta, receives the first prisoners.
1761	0	0	india	history	Third Battle of Panipat; Marathas defeated by Ahmad Shah Abdali
1761	3	31	world	history	The 1761 Lisbon earthquake strikes off the Iberian Peninsula with an estimated magnitude of 8.5, six years after another quake destroyed the city.
1761	5	9	world	history	Exhibition of 1761, the inaugural exhibition of the Society of Artists of Great Britain, opens at Spring Gardens in London.
1761	12	16	world	history	Seven Years' War: After a four-month siege, the Russians under Pyotr Rumyantsev take the Prussian fortress of Kołobrzeg.
1762	5	5	world	history	Russia and Prussia sign the Treaty of St. Petersburg.
1762	6	6	world	history	Seven Years' War: British forces begin the Siege of Havana and temporarily capture the city.
1763	7	31	world	history	Odawa Chief Pontiac's forces defeat British troops at the Battle of Bloody Run during Pontiac's War.
1763	8	5	india	history	Pontiac's War: Battle of Bushy Run: British forces led by Henry Bouquet defeat Chief Pontiac's Indians at Bushy Run.
1763	9	1	world	history	Catherine the Great, Empress of Russia, endorses Ivan Betskoy's plans for a Foundling Home in Moscow.
1763	9	14	world	history	Seneca warriors defeat British forces at the Battle of Devil's Hole during Pontiac's War.
1764	0	0	india	history	Battle of Buxar
1764	1	19	world	history	John Wilkes is expelled from the British House of Commons for seditious libel.
1765	3	24	world	history	Great Britain passes the Quartering Act, which requires the Thirteen Colonies to house British troops.
1766	3	18	world	history	American Revolution: The British Parliament repeals the Stamp Act.
1766	8	5	world	history	An earthquake in the Sea of Marmara and Gallipoli (present-day Turkey) along the North Anatolian Fault kills at least 5,000 people.
1766	10	2	world	history	The Nottingham Cheese Riot breaks out at the Goose Fair in Nottingham, UK, in response to the excessive cost of cheese.
1767	0	0	karnataka	history	First Anglo-Mysore War begins under Haidar Ali
1767	7	3	world	science	Pitcairn Island is discovered by Midshipman Robert Pitcairn on an expeditionary voyage commanded by Philip Carteret.
1768	5	10	world	history	Rioting occurs in London after John Wilkes is imprisoned for writing an article for The North Briton severely criticising King George III.
1768	12	1	world	history	The slave ship Fredensborg sinks off Tromøya in Norway.
1768	12	28	world	history	King Taksin's coronation achieved through conquest as a king of Thailand and established Thonburi as a capital.
1769	7	14	world	history	An expedition led by Gaspar de Portolá leaves its base in San Diego and sets out to find the Port of Monterey (now Monterey, California).
1770	4	19	world	history	Marie Antoinette marries Louis XVI in a proxy wedding.
1770	4	20	world	history	The Georgian king, Erekle II, abandoned by his Russian ally Count Totleben, wins a victory over Ottoman forces at Aspindza.
1770	4	29	world	history	James Cook arrives in Australia at Botany Bay, which he names.
1770	5	16	world	history	The 14-year-old Marie Antoinette marries 15-year-old Louis-Auguste, Dauphin de France, who later becomes king of France.
1771	7	14	world	history	Foundation of the Mission San Antonio de Padua in modern California by the Franciscan friar Junípero Serra.
1772	6	8	world	history	Alexander Fordyce flees to France to avoid debt repayment, triggering the credit crisis of 1772 in the British Empire and the Dutch Republic.
1772	6	12	world	history	French explorer Marc-Joseph Marion du Fresne and 25 of his men are killed by Māori in New Zealand.
1773	1	17	world	history	Captain James Cook leads the first expedition to sail south of the Antarctic Circle.
1774	1	21	world	history	Abdul Hamid I becomes Sultan of the Ottoman Empire and Caliph of Islam.
1774	3	31	world	history	American Revolution: The Kingdom of Great Britain orders the port of Boston, Massachusetts closed pursuant to the Boston Port Act.
1774	7	4	world	history	Orangetown Resolutions are adopted in the Province of New York, one of many protests against the British Parliament's Coercive Acts.
1774	8	1	world	science	Priestley isolates oxygen (1 August)
1774	10	14	world	history	American Revolution: The First Continental Congress denounces the British Parliament's Intolerable Acts and demands British concessions.
1774	10	26	world	history	American Revolution: The First Continental Congress adjourns in Philadelphia.
1775	2	26	india	history	The British East India Company factory on Balambangan Island is destroyed by Moro pirates.
1775	5	10	world	history	American Revolutionary War: A small Colonial militia led by Ethan Allen and Colonel Benedict Arnold captures Fort Ticonderoga.
1775	6	11	world	history	The Coronation of Louis XVI in Reims, the last coronation before the French Revolution.
1775	6	14	world	history	American Revolutionary War: the Continental Army is established by the Continental Congress, marking the birth of the United States Armed Forces.
1775	7	3	world	history	American Revolutionary War: George Washington takes command of the Continental Army at Cambridge, Massachusetts.
1775	7	8	world	history	The Olive Branch Petition is signed by the Continental Congress of the Thirteen Colonies of North America.
1775	7	29	world	history	Founding of the U.S. Army Judge Advocate General's Corps: General George Washington appoints William Tudor as Judge Advocate of the Continental Army.
1775	9	17	world	history	American Revolutionary War: The invasion of Quebec by the Continental Army begins with the Siege of Fort St. Jean.
1775	9	25	world	history	American Revolutionary War: Benedict Arnold's expedition to Quebec sets off to join the American invasion.
1775	10	27	world	history	King George III expands on his Proclamation of Rebellion in the Thirteen Colonies in his speech from the throne at the opening of Parliament.
1775	11	13	world	history	American Revolutionary War: Patriot revolutionary forces under Gen. Richard Montgomery occupy Montreal.
1775	11	17	world	history	The city of Kuopio, Finland (belonging to Sweden at this time) is founded by King Gustav III of Sweden.
1776	1	1	world	history	American Revolutionary War: Burning of Norfolk – Norfolk, Virginia, is burned to the ground by combined Royal Navy and Continental Army action.
1776	1	1	world	history	General George Washington hoists the first United States flag, the Continental Union Flag, at Prospect Hill.
1776	1	27	world	history	American Revolutionary War: Henry Knox's "noble train of artillery" arrives in Cambridge, Massachusetts.
1776	2	27	world	history	American Revolutionary War: The Battle of Moore's Creek Bridge in North Carolina breaks up a Loyalist militia.
1776	3	3	world	history	American Revolutionary War: The first amphibious landing of the United States Marine Corps begins the Battle of Nassau.
1776	3	4	world	history	American Revolutionary War: The Continental Army fortifies Dorchester Heights with cannon, leading the British troops to abandon the Siege of Boston.
1776	4	6	world	history	American Revolutionary War: Ships of the Continental Navy fail in their attempt to capture a Royal Navy dispatch boat.
1776	6	28	world	history	American Revolutionary War: Thomas Hickey, Continental Army private and bodyguard to General George Washington, is hanged for mutiny and sedition.
1776	7	4	world	history	American Declaration of Independence (4 July)
1776	8	2	world	history	American Revolution: The signing of the United States Declaration of Independence by the Second Continental Congress takes place.
1776	10	11	world	history	American Revolution: A fleet of American boats on Lake Champlain is defeated by the Royal Navy, but delays the British advance until 1777.
1776	11	16	world	history	American Revolutionary War: British and Hessian units capture Fort Washington from the Patriots.
1777	4	13	world	history	American Revolutionary War: American forces are ambushed and defeated in the Battle of Bound Brook, New Jersey.
1777	6	14	world	history	The Second Continental Congress passes the Flag Act of 1777 adopting the Stars and Stripes as the Flag of the United States.
1777	8	6	world	history	American Revolutionary War: The bloody Battle of Oriskany prevents American relief of the Siege of Fort Stanwix.
1777	9	3	world	history	American Revolutionary War: During the Battle of Cooch's Bridge, the Flag of the United States is flown in battle for the first time.
1777	9	19	world	history	American Revolutionary War: British forces win a tactically expensive victory over the Continental Army in the First Battle of Saratoga.
1777	12	17	world	history	American Revolution: France formally recognizes the United States.
1778	5	12	world	history	Heinrich XI, count of the Principality of Reuss-Greiz, is elevated to Prince by Joseph II, Holy Roman Emperor.
1778	7	4	world	history	American Revolutionary War: U.S. forces under George Clark capture Kaskaskia during the Illinois campaign.
1778	7	27	world	history	American Revolution: First Battle of Ushant: British and French fleets fight to a standoff.
1778	9	19	world	history	The Continental Congress passes the first United States federal budget.
1779	3	3	world	history	American Revolutionary War: The Continental Army is routed at the Battle of Brier Creek near Savannah, Georgia.
1779	6	1	world	history	The court-martial for malfeasance of Benedict Arnold, a general in the Continental Army during the American Revolutionary War, begins.
1779	7	6	world	history	Battle of Grenada: The French defeat British naval forces in the Caribbean during the American Revolutionary War.
1779	10	9	world	history	American Revolutionary War: A combined Franco-American assault on British defenses during the Siege of Savannah is repulsed with heavy casualties.
1780	5	12	world	history	American Revolutionary War: In the largest defeat of the Continental Army, Charleston, South Carolina is taken by British forces.
1780	10	2	world	history	American Revolutionary War: John André, a British Army officer, is hanged as a spy by the Continental Army.
1780	11	5	world	history	French-American forces under Colonel LaBalme are defeated by Miami Chief Little Turtle.
1781	1	5	world	history	American Revolutionary War: Richmond, Virginia, is burned by British naval forces led by former American general Benedict Arnold.
1781	2	3	world	history	American Revolutionary War: British forces seize the Dutch-owned Caribbean island Sint Eustatius.
1781	2	18	world	history	Fourth Anglo-Dutch War: Captain Thomas Shirley opens his expedition against Dutch colonial outposts on the Gold Coast of Africa (present-day Ghana).
1781	4	29	world	history	American Revolutionary War: British and French ships clash in the Battle of Fort Royal off the coast of Martinique.
1781	10	19	world	history	American Revolutionary War: The siege of Yorktown comes to an end.
1782	0	0	karnataka	history	Tipu Sultan becomes ruler of Mysore after Haidar Ali's death
1782	1	15	world	history	Superintendent of Finance Robert Morris addresses the U.S. Congress to recommend establishment of a national mint and decimal coinage.
1782	5	6	world	history	Construction begins on the Grand Palace, the royal residence of the King of Siam in Bangkok, at the command of King Buddha Yodfa Chulaloke.
1782	8	23	world	history	British forces under Edward Despard complete the reconquest of the Black River settlements on the Mosquito Coast from the Spanish.
1782	9	14	world	history	American Revolutionary War: Review of the French troops under General Rochambeau by General George Washington at Verplanck's Point, New York.
1783	5	26	world	history	A Great Jubilee Day held at North Stratford, Connecticut, celebrates the end of fighting in the American Revolutionary War.
1783	6	8	world	history	Laki, a volcano in Iceland, begins an eight-month eruption which kills over 9,000 people and starts a seven-year famine.
1783	6	22	world	history	A poisonous cloud caused by the eruption of the Laki volcano in Iceland reaches Le Havre in France.
1783	8	4	world	history	Mount Asama erupts in Japan, killing about 1,400 people (Tenmei eruption). The eruption causes a famine, which results in an additional 20,000 deaths.
1783	10	15	world	history	The Montgolfier brothers' hot air balloon makes the first human ascent, piloted by Jean-François Pilâtre de Rozier.
1784	1	14	world	history	American Revolutionary War: Ratification Day, United States: Congress ratifies the Treaty of Paris with Great Britain.
1784	8	2	world	history	The first British mail coach service runs from Bristol to London.
1785	1	7	world	history	Frenchman Jean-Pierre Blanchard and American John Jeffries travel from Dover, England, to Calais, France, in a gas balloon.
1786	1	16	world	history	Virginia enacts the Statute for Religious Freedom authored by Thomas Jefferson.
1786	6	10	world	history	A landslide dam on the Dadu River created by an earthquake ten days earlier collapses, killing 100,000 in the Sichuan province of China.
1786	6	25	world	science	Gavriil Pribylov discovers St. George Island of the Pribilof Islands in the Bering Sea.
1787	1	11	world	science	William Herschel discovers Titania and Oberon, two moons of Uranus.
1787	2	3	world	history	Militia led by General Benjamin Lincoln crush the remnants of Shays' Rebellion in Petersham, Massachusetts.
1787	8	6	world	history	Sixty proof sheets of the Constitution of the United States are delivered to the Constitutional Convention in Philadelphia, Pennsylvania.
1787	9	17	world	history	The United States Constitution is signed at Independence Hall in Philadelphia, bringing the Constitutional Convention to an end.
1787	12	12	world	history	Pennsylvania becomes the second state to ratify the US Constitution.
1788	4	7	world	history	Settlers establish Marietta, Ohio, the first permanent settlement created by U.S. citizens in the recently organized Northwest Territory.
1788	6	25	world	history	Virginia becomes the tenth state to ratify the United States Constitution.
1789	1	21	world	history	The first American novel, The Power of Sympathy or the Triumph of Nature Founded in Truth by William Hill Brown, is printed in Boston.
1789	1	30	world	history	Tây Sơn forces emerge victorious against Qing armies and liberate the capital Thăng Long.
1789	2	4	world	history	George Washington is unanimously elected as the first President of the United States by the U.S. Electoral College.
1789	4	20	world	history	George Washington arrives at Grays Ferry, Philadelphia, while en route to Manhattan for his inauguration.
1789	7	9	world	history	In Versailles, the National Assembly reconstitutes itself as the National Constituent Assembly and begins preparations for a French constitution.
1789	7	14	world	history	French Revolution begins; storming of the Bastille (14 July)
1789	7	15	world	history	French Revolution: Gilbert du Motier, Marquis de Lafayette, is named by acclamation Colonel General of the new National Guard of Paris.
1789	7	27	world	history	The first U.S. federal government agency, the Department of Foreign Affairs, is established (it will be later renamed Department of State).
1789	8	4	world	history	France: abolition of feudalism by the National Constituent Assembly.
1790	7	9	world	history	The Swedish Navy captures one third of the Russian Baltic fleet.
1790	7	31	world	science	The first U.S. patent is issued, to inventor Samuel Hopkins for a potash process.
1790	8	4	world	history	A newly passed tariff act creates the Revenue Cutter Service (the forerunner of the United States Coast Guard).
1790	12	6	world	history	The U.S. Congress moves from New York City to Philadelphia.
1790	12	22	world	history	The Turkish fortress of Izmail is stormed and captured by Alexander Suvorov and his Russian armies.
1790	12	26	world	history	Louis XVI of France gives his public assent to Civil Constitution of the Clergy during the French Revolution.
1791	1	2	india	history	Northwest Indian War: The Big Bottom massacre is committed by Lenape and Wyandot warriors in the Ohio Country, North America.
1791	1	10	india	history	The Siege of Dunlap's Station begins near Cincinnati during the Northwest Indian War.
1791	1	25	world	history	The British Parliament passes the Constitutional Act of 1791 and splits the old Province of Quebec into Upper Canada and Lower Canada.
1791	5	15	world	history	French Revolution: Maximilien Robespierre proposes the Self-denying Ordinance.
1791	7	6	world	history	At Padua, the Emperor Leopold II calls on the monarchs of Europe to join him in demanding the king of France Louis XVI's freedom.
1791	7	14	world	history	Beginning of Priestley Riots (to 17 July) in Birmingham targeting Joseph Priestley as a supporter of the French Revolution.
1791	8	7	india	history	American troops destroy the Miami town of Kenapacomaqua near the site of present-day Logansport, Indiana in the Northwest Indian War.
1791	9	14	world	history	The Papal States lose Avignon to Revolutionary France.
1791	9	30	world	history	France's National Constituent Assembly is dissolved, to be replaced the next day by the National Legislative Assembly.
1791	10	14	world	history	The revolutionary group the United Irishmen is formed in Belfast, Ireland leading to the Irish Rebellion of 1798.
1792	1	9	world	history	Treaty of Jassy between Russian and Ottoman Empire is signed, ending the Russo-Turkish War of 1787–92.
1792	3	29	world	history	King Gustav III of Sweden dies after being shot in the back at a midnight masquerade ball at Stockholm's Royal Opera 13 days earlier.
1792	4	21	world	history	Tiradentes, a revolutionary leading a movement for Brazil's independence, is hanged, drawn and quartered.
1792	6	1	world	history	Kentucky is admitted as the 15th state of the United States.
1792	10	3	world	history	A militia departs from the Spanish stronghold of Valdivia to quell a Huilliche uprising in southern Chile.
1792	11	6	world	history	Battle of Jemappes in the French Revolutionary Wars.
1792	12	11	world	history	French Revolution: King Louis XVI of France is put on trial for treason by the National Convention.
1793	1	21	world	history	After being found guilty of treason by the French National Convention, Louis XVI of France is executed by guillotine.
1793	3	18	world	history	The first modern republic in Germany, the Republic of Mainz, is declared by Andreas Joseph Hofmann.
1793	3	18	world	history	Flanders Campaign of the French Revolution, Battle of Neerwinden.
1793	11	16	world	history	French Revolution: Ninety dissident Roman Catholic priests are executed by drowning at Nantes.
1794	4	26	world	history	Battle of Beaumont during the Flanders Campaign of the War of the First Coalition.
1794	7	27	world	history	French Revolution: Maximilien Robespierre is arrested after encouraging the execution of more than 17,000 "enemies of the Revolution".
1794	7	28	world	history	French Revolution: Maximilien Robespierre and Louis Antoine de Saint-Just are executed by guillotine in Paris, France.
1794	8	7	world	history	U.S. President George Washington invokes the Militia Acts of 1792 to suppress the Whiskey Rebellion in western Pennsylvania.
1795	2	7	world	history	The 11th Amendment to the United States Constitution is ratified.
1795	3	3	world	history	The Fédon Rebellion breaks out in Grenada, the rebels seizing Grenville and later Gouyave.
1795	3	11	world	history	The Battle of Kharda is fought between the Maratha Confederacy and the Nizam of Hyderabad, resulting in Maratha victory.
1795	8	3	india	history	Treaty of Greenville is signed, ending the Northwest Indian War in the Ohio Country.
1795	12	28	world	history	Construction of Yonge Street, formerly recognized as the longest street in the world, begins in York, Upper Canada (present-day Toronto).
1796	2	1	world	history	The capital of Upper Canada is moved from Newark to York.
1796	5	14	world	science	Edward Jenner gives the first smallpox vaccine (14 May)
1796	5	14	world	history	Edward Jenner administers the first smallpox inoculation.
1796	7	22	world	history	Surveyors of the Connecticut Land Company name an area in Ohio "Cleveland" after Gen. Moses Cleaveland, the superintendent of the surveying party.
1796	8	4	world	history	French Revolutionary Wars: Napoleon leads the French Army of Italy to victory in the Battle of Lonato.
1796	8	5	world	history	The Battle of Castiglione in Napoleon's first Italian campaigns of the French Revolutionary Wars results in a French victory.
1797	2	18	world	history	French Revolutionary Wars: Sir Ralph Abercromby and a fleet of 18 British warships invade Trinidad.
1797	5	12	world	history	War of the First Coalition: Napoleon Bonaparte conquers Venice.
1797	10	21	world	science	In Boston Harbor, the 44-gun United States Navy frigate USS Constitution is launched.
1798	1	4	world	history	Constantine Hangerli arrives in Bucharest, Wallachia, as its new Prince, invested by the Ottoman Empire.
1798	5	25	world	history	United Irishmen Rebellion: Battle of Carlow begins; executions of suspected rebels at Carnew and at Dunlavin Green take place.
1798	7	7	world	history	As a result of the XYZ Affair, the US Congress rescinds the Treaty of Alliance with France sparking the "Quasi-War".
1798	7	13	world	history	The French Armée d'Orient under Napoleon Bonaparte defeats a Mamluk army under Murad Bey in battle of Shubra Khit.
1798	7	21	world	history	French campaign in Egypt and Syria: Napoleon's forces defeat an Ottoman-Mamluk army near Cairo in the Battle of the Pyramids.
1798	9	3	world	history	The week long battle of St. George's Caye begins between Spain and Britain off the coast of Belize.
1799	5	4	karnataka	history	Tipu Sultan dies defending Srirangapatna (4 May); Mysore passes to the Wodeyars
1799	5	27	world	history	War of the Second Coalition: Austrian forces defeat the French at Winterthur, Switzerland.
1799	6	18	world	history	Action of 18 June 1799: A frigate squadron under Rear-admiral Jean-Baptiste Perrée is captured by the British fleet under Lord Keith.
1799	7	15	world	history	The Rosetta Stone is found in the Egyptian village of Rosetta by French Captain Pierre-François Bouchard during Napoleon's Egyptian Campaign.
1799	9	19	world	history	French Revolutionary Wars: French-Dutch victory against the Russians and British in the Battle of Bergen.
1800	0	0	world	science	Alessandro Volta invents the battery
1800	6	7	world	history	David Thompson reaches the mouth of the Saskatchewan River in Manitoba.
1800	8	30	world	history	Gabriel Prosser postpones a planned slave rebellion in Richmond, Virginia, but is arrested before he can make it happen.
1801	2	27	world	history	Pursuant to the District of Columbia Organic Act of 1801, Washington, D.C. is placed under the jurisdiction of the U.S. Congress.
1801	3	23	world	history	Tsar Paul I of Russia is struck with a sword, then strangled, and finally trampled to death inside his bedroom at St. Michael's Castle.
1801	5	6	world	history	Captain Thomas Cochrane in the 14-gun HMS Speedy captures the 32-gun Spanish frigate El Gamo.
1801	5	10	world	history	First Barbary War: The Barbary pirates of Tripoli declare war on the United States of America.
1801	7	6	world	history	First Battle of Algeciras: Outnumbered French Navy ships defeat the Royal Navy in the fortified Spanish port of Algeciras.
1802	5	20	world	history	By the Law of 20 May 1802, Napoleon Bonaparte reinstates slavery in the French colonies, revoking its abolition in the French Revolution.
1802	5	28	world	history	In Guadeloupe, 400 rebellious slaves, led by Louis Delgrès, blow themselves up rather than submit to Napoleon's troops.
1802	7	22	world	history	Emperor Gia Long conquers Hanoi and unified Viet Nam, which had experienced centuries of feudal warfare.
1803	6	18	world	history	Haitian Revolution: The Royal Navy led by Rear-Admiral John Thomas Duckworth commence the blockade of Saint-Domingue against French forces.
1803	9	23	india	history	Second Anglo-Maratha War: The Battle of Assaye is fought between the British East India Company and the Maratha Empire in India.
1804	1	1	world	history	French rule ends in Haiti. Haiti becomes the first black-majority republic and second independent country in North America after the United States.
1804	2	16	world	history	First Barbary War: Stephen Decatur leads a raid to burn the pirate-held frigate USS Philadelphia.
1804	9	1	world	science	3 Juno, one of the largest asteroids in the Main Belt, is discovered by the German astronomer Karl Ludwig Harding.
1804	12	2	world	history	At Notre Dame Cathedral in Paris, Napoleon Bonaparte crowns himself Emperor of the French.
1805	3	17	world	history	The Italian Republic, with Napoleon as president, becomes the Kingdom of Italy, with Napoleon as King of Italy.
1805	4	7	world	science	Lewis and Clark Expedition: The Corps of Discovery breaks camp among the Mandan tribe and resumes its journey West along the Missouri River.
1805	4	7	world	history	German composer Ludwig van Beethoven premieres his Third Symphony, at the Theater an der Wien in Vienna.
1805	4	26	world	history	First Barbary War: United States Marines capture Derne under the command of First Lieutenant Presley O'Bannon.
1805	4	27	world	history	First Barbary War: United States Marines and Berbers attack the Tripolitan city of Derna (The "shores of Tripoli" in the Marines' Hymn).
1805	6	11	world	history	A fire consumes large portions of Detroit in the Michigan Territory.
1805	6	13	world	history	Lewis and Clark Expedition: Scouting ahead of the expedition, Meriwether Lewis and four companions sight the Great Falls of the Missouri River.
1805	10	21	world	history	Napoleonic Wars: A British fleet led by Lord Nelson defeats a combined French and Spanish fleet under Admiral Villeneuve in the Battle of Trafalgar.
1805	11	1	world	history	Napoleon Bonaparte invades Austria during the War of the Third Coalition.
1805	11	16	world	history	Napoleonic Wars: Battle of Schöngrabern: Russian forces under Pyotr Bagration delay the pursuit by French troops under Joachim Murat.
1805	12	2	world	history	War of the Third Coalition: Battle of Austerlitz: French troops under Napoleon decisively defeat a joint Russo-Austrian force.
1806	1	8	world	history	The Dutch Cape Colony in southern Africa becomes the British Cape Colony as a result of the Battle of Blaauwberg.
1806	1	9	world	history	Admiral Horatio Lord Nelson receives a state funeral and is interred in St Paul's Cathedral.
1806	8	6	world	history	Francis II, Holy Roman Emperor, declares the moribund empire to be dissolved, although he retains power in the Austrian Empire.
1806	10	9	world	history	Prussia begins the War of the Fourth Coalition against France.
1806	10	27	world	history	The French Army under Napoleon enters Berlin following the Prussian defeat at the Battle of Jena–Auerstedt.
1806	12	26	world	history	Battles of Pultusk and Golymin: Russian forces hold French forces under Napoleon.
1807	2	3	world	history	A British military force, under Brigadier-General Sir Samuel Auchmuty captures the Spanish Empire city of Montevideo, now the capital of Uruguay.
1807	2	8	world	history	Napoleon defeats the coalition forces of Russian General Bennigsen and Prussian General L'Estocq at the Battle of Eylau.
1807	4	12	world	history	The Froberg mutiny on Malta ends when the remaining mutineers blow up the magazine of Fort Ricasoli.
1807	6	22	world	history	In the Chesapeake–Leopard affair, the British warship HMS Leopard attacks and boards the American frigate USS Chesapeake.
1807	7	9	world	history	The second Treaty of Tilsit is signed between France and Prussia, ending the War of the Fourth Coalition.
1807	8	29	world	history	British troops under Sir Arthur Wellesley defeat a Danish militia outside Copenhagen in the Battle of Køge.
1807	9	13	world	history	Beethoven's Mass in C major, Op. 86, is premiered, commissioned by Nikolaus I, Prince Esterházy, and displeasing him.
1807	12	17	world	history	Napoleonic Wars: France issues the Milan Decree, which confirms the Continental System.
1807	12	22	world	history	The Embargo Act, forbidding trade with all foreign countries, is passed by the U.S. Congress at the urging of President Thomas Jefferson.
1808	5	12	world	history	Finnish War: Swedish-Finnish troops, led by Captain Karl Wilhelm Malmi, conquer the city of Kuopio from Russians after the Battle of Kuopio.
1808	7	28	world	history	Mahmud II became Sultan of the Ottoman Empire and Caliph of Islam.
1808	8	10	world	history	Finnish War: Swedish forces led by General von Döbeln defeat Russian forces led by General Šepelev in the Battle of Kauhajoki.
1809	2	27	world	history	Action of 27 February 1809: Captain Bernard Dubourdieu captures HMS Proserpine.
1809	3	29	world	history	King Gustav IV Adolf of Sweden abdicates after a coup d'état.
1809	4	10	world	history	Napoleonic Wars: The War of the Fifth Coalition begins when forces of the Austrian Empire invade Bavaria.
1809	5	5	world	history	Mary Kies becomes the first woman awarded a U.S. patent, for a technique of weaving straw with silk and thread.
1809	5	12	world	history	British contingents under Arthur Wellesley force a French army under general Soult to retreat in the battle of Oporto.
1809	5	25	world	history	Chuquisaca Revolution: Patriot revolt in Chuquisaca (modern-day Sucre) against the Spanish Empire, sparking the Latin American wars of independence.
1809	7	28	world	history	Peninsular War: Sir Arthur Wellesley's British, Portuguese and Spanish army repulse a French force led by Joseph Bonaparte in the Battle of Talavera.
1809	10	14	world	history	The Treaty of Schönbrunn is signed, ending the War of the Fifth Coalition, the final successful war in Napoleon Bonaparte's military career.
1809	11	18	india	history	Napoleonic Wars:  In a naval action, French frigates defeat British East Indiamen in the Bay of Bengal.
1810	4	19	world	history	Venezuela achieves home rule: Vicente Emparán, Governor of the Captaincy General is removed by the people of Caracas and a junta is installed.
1810	5	25	world	history	May Revolution: Citizens of Buenos Aires expel Viceroy Baltasar Hidalgo de Cisneros during the "May Week", starting the Argentine War of Independence.
1810	8	9	world	history	Napoleon annexes Westphalia as part of the First French Empire.
1810	8	28	world	history	Napoleonic Wars: The French Navy accepts the surrender of a British Royal Navy fleet at the Battle of Grand Port.
1811	1	8	world	history	Charles Deslondes leads an unsuccessful slave revolt in the North American settlements of St. Charles and St. James, Louisiana.
1811	5	14	world	history	Paraguay: Pedro Juan Caballero, Fulgencio Yegros and José Gaspar Rodríguez de Francia start actions to depose the Spanish governor.
1811	6	19	world	history	The Carlton House Fête is held in London to celebrate the establishment of the Regency era.
1811	7	9	world	history	Explorer David Thompson posts a sign near what is now Sacajawea State Park in Washington state, claiming the Columbia District for the United Kingdom.
1811	7	30	world	history	Father Miguel Hidalgo y Costilla, leader of the Mexican insurgency, is executed by the Spanish in Chihuahua City, Mexico.
1811	11	28	world	history	Beethoven's Piano Concerto No. 5 in E-flat major, Op. 73, premieres at the Gewandhaus in Leipzig.
1811	12	16	world	history	The first two in a series of four severe earthquakes occur in the vicinity of New Madrid, Missouri.
1812	1	10	world	history	The first steamboat on the Ohio River or the Mississippi River arrives in New Orleans, 82 days after departing from Pittsburgh.
1812	2	27	world	history	Argentine War of Independence: Manuel Belgrano raises the Flag of Argentina in the city of Rosario for the first time.
1812	4	30	world	history	The Territory of Orleans becomes the 18th U.S. state under the name Louisiana.
1812	5	11	world	history	Prime Minister Spencer Perceval is assassinated by John Bellingham in the lobby of the British House of Commons.
1812	5	16	world	history	Imperial Russia signs the Treaty of Bucharest, ending the Russo-Turkish War. The Ottoman Empire cedes Bessarabia to Russia.
1812	6	1	world	history	War of 1812: U.S. President James Madison asks the Congress to declare war on the United Kingdom.
1812	6	18	world	history	The United States declaration of war upon the United Kingdom is signed by President James Madison, beginning the War of 1812.
1812	6	24	world	history	Napoleonic Wars: Napoleon's Grande Armée crosses the Neman river beginning the invasion of Russia.
1812	8	24	world	history	Peninsular War: A coalition of Spanish, British, and Portuguese forces succeed in lifting the two-and-a-half-year-long Siege of Cádiz.
1812	9	14	world	history	Napoleonic Wars: The French Grande Armée enters Moscow. The Fire of Moscow begins as soon as Russian troops leave the city.
1812	10	9	world	history	War of 1812: In a naval engagement on Lake Erie, American forces capture two British ships: HMS Detroit and HMS Caledonia.
1812	10	25	world	history	War of 1812: The American frigate, USS United States, commanded by Stephen Decatur, captures the British frigate HMS Macedonian.
1812	12	17	world	history	War of 1812: U.S. forces attack a Lenape village in the Battle of the Mississinewa.
1813	1	28	world	history	Jane Austen's Pride and Prejudice is first published in the United Kingdom.
1813	2	3	world	history	José de San Martín defeats a Spanish royalist army at the Battle of San Lorenzo, part of the Argentine War of Independence.
1813	2	7	world	history	In the action of 7 February 1813 near the Îles de Los, the frigates Aréthuse and Amelia batter each other, but neither can gain the upper hand.
1813	4	27	world	history	War of 1812: American troops capture York, the capital of Upper Canada, in the Battle of York.
1813	5	11	world	science	William Lawson, Gregory Blaxland and William Wentworth discover a route across the Blue Mountains, opening up inland Australia to settlement.
1813	5	24	world	history	South American independence leader Simón Bolívar enters Mérida, leading the invasion of Venezuela, and is proclaimed El Libertador ("The Liberator").
1813	7	23	world	history	Sir Thomas Maitland is appointed as the first Governor of Malta, transforming the island from a British protectorate to a de facto colony.
1813	8	30	world	history	Creek War: Fort Mims massacre: Creek "Red Sticks" kill over 500 settlers (including over 250 armed militia) in Fort Mims, north of Mobile, Alabama.
1813	9	4	world	history	Future U.S. president Andrew Jackson is shot in a tavern brawl with future U.S. Senator Thomas Hart Benton and others.
1813	10	26	world	history	War of 1812: A combined force of British regulars, Canadian militia and Mohawks defeat the United States Army in the Battle of the Chateauguay.
1814	1	14	world	history	Treaty of Kiel: Frederick VI of Denmark cedes the Kingdom of Norway to Charles XIII of Sweden in return for Pomerania.
1814	1	29	world	history	War of the Sixth Coalition: France engages Russia and Prussia in the Battle of Brienne.
1814	3	4	world	history	War of 1812: Americans defeat British forces at the Battle of Longwoods between London, Ontario and Thamesville, near present-day Wardsville, Ontario.
1814	3	31	world	history	The Sixth Coalition occupies Paris after Napoleon's Grande Armée capitulates.
1814	4	10	world	science	Allied forces under the Duke of Wellington attack Toulouse held by Marshall Soult, driving out the French after fierce fighting.
1814	7	3	world	history	War of 1812: American forces capture Fort Erie from British troops in Upper Canada.
1814	8	9	india	history	American Indian Wars: The Creek sign the Treaty of Fort Jackson, giving up huge parts of Alabama and Georgia.
1814	8	24	world	history	British troops capture Washington, D.C. and set the Presidential Mansion, Capitol, Navy Yard and many other public buildings ablaze.
1814	11	28	world	history	The Times of London becomes the first newspaper to be produced on a steam-powered printing press, built by the German team of Koenig & Bauer.
1815	1	8	world	history	War of 1812: Battle of New Orleans: Andrew Jackson leads American forces in victory over the British.
1815	1	13	world	history	War of 1812: British troops capture Fort Peter in St. Marys, Georgia, the only battle of the war to take place in the state.
1815	1	15	world	history	War of 1812: American frigate USS President, commanded by Commodore Stephen Decatur, is captured by a squadron of four British frigates.
1815	5	30	india	history	The East Indiaman Arniston is wrecked during a storm at Waenhuiskrans, near Cape Agulhas, in present-day South Africa, with the loss of 372 lives.
1815	6	18	world	history	Battle of Waterloo (18 June)
1815	10	15	world	history	Napoleon begins his exile on Saint Helena in the South Atlantic Ocean.
1816	1	9	world	history	Humphry Davy tests his safety lamp for miners at Hebburn Colliery.
1816	6	19	world	history	Battle of Seven Oaks between North West Company and Hudson's Bay Company, near Winnipeg, Manitoba, Canada.
1817	1	19	world	history	An army of 5,423 soldiers, led by General José de San Martín, crosses the Andes from Argentina to liberate Chile and then Peru.
1817	1	24	world	history	Crossing of the Andes: Many soldiers of Juan Gregorio de las Heras are captured during the action of Picheuta.
1817	2	8	world	science	An army led by Grand Marshal Las Heras crosses the Andes to join San Martín in the liberation of Chile from Spain.
1817	6	12	world	history	The earliest form of bicycle, the dandy horse, is driven by Karl von Drais.
1818	0	0	india	history	Third Anglo-Maratha War ends; Peshwa rule ends
1819	2	7	world	history	Sir Thomas Stamford Raffles leaves Singapore after just taking it over, leaving it in the hands of William Farquhar.
1819	12	17	world	history	Simón Bolívar declares the independence of Gran Colombia in Angostura (now Ciudad Bolívar in Venezuela).
1820	1	30	world	science	Edward Bransfield sights the Trinity Peninsula and claims the discovery of Antarctica.
1820	2	4	world	history	The Chilean Navy under the command of Lord Cochrane completes the two-day long Capture of Valdivia with just 300 men and two ships.
1820	4	12	world	history	Alexander Ypsilantis is declared leader of Filiki Eteria, a secret organization to overthrow Ottoman rule over Greece.
1820	5	1	world	history	Execution of the Cato Street Conspirators, who plotted to kill the British Cabinet and Prime Minister Lord Liverpool.
1821	5	12	world	history	The first major battle of the Greek War of Independence against the Turks is fought in Valtetsi.
1821	6	19	world	history	Decisive defeat of the Filiki Eteria by the Ottomans at Drăgășani (in Wallachia).
1821	7	9	world	history	Four hundred and seventy prominent Cypriots including Archbishop Kyprianos are executed in response to Cypriot aid to the Greek War of Independence.
1821	8	24	world	history	The Treaty of Córdoba is signed in Córdoba, now in Veracruz, Mexico, concluding the Mexican War of Independence from Spain.
1821	9	23	world	history	Tripolitsa, Greece, is captured by Greek rebels during the Greek War of Independence.
1822	1	5	world	history	The government of Central America votes for total annexation to the First Mexican Empire.
1822	2	9	world	history	Haiti attacks the newly established Dominican Republic on the other side of the island of Hispaniola.
1822	5	16	world	history	Greek War of Independence: The Turks capture the Greek town of Souli.
1822	5	24	world	history	Battle of Pichincha: Antonio José de Sucre secures the independence of the Presidency of Quito.
1822	6	6	world	history	Alexis St Martin is accidentally shot in the stomach, leading to William Beaumont's studies on digestion.
1822	6	14	world	history	Charles Babbage proposes a difference engine in a paper to the Royal Astronomical Society.
1822	6	18	world	history	Konstantinos Kanaris blows up the Ottoman navy's flagship at Chios, killing the Kapudan Pasha Nasuhzade Ali Pasha.
1822	7	26	world	history	José de San Martín arrives in Guayaquil, Ecuador, to meet with Simón Bolívar.
1822	11	16	world	history	American Old West: Missouri trader William Becknell arrives in Santa Fe, New Mexico, over a route that became known as the Santa Fe Trail.
1824	0	0	karnataka	history	Rani Chennamma of Kittur leads a revolt against the British
1824	1	21	world	history	The Ashantis defeat British forces in the Gold Coast during the First Anglo-Ashanti War.
1824	8	5	world	history	Greek War of Independence: Konstantinos Kanaris leads a Greek fleet to victory against Ottoman and Egyptian naval forces in the Battle of Samos.
1824	8	6	world	history	Peruvian War of Independence: Patriot forces led by Simón Bolívar defeat the Spanish Royalist army in the Battle of Junín.
1825	2	4	world	history	The Ohio Legislature authorizes the construction of the Ohio and Erie Canal and the Miami and Erie Canal.
1825	6	11	world	history	The first cornerstone is laid for Fort Hamilton in New York City.
1825	10	9	world	history	Restauration arrives in New York Harbor from Norway, the first organized immigration from Norway to the United States.
1825	10	26	world	history	The Erie Canal opens, allowing direct passage from the Hudson River to Lake Erie.
1825	12	26	world	history	Advocates of liberalism in Russia rise up against Czar Nicholas I in the Decembrist revolt, but are later suppressed.
1826	12	16	world	history	Benjamin W. Edwards rides into Mexican-controlled Nacogdoches, Texas, and declares himself ruler of the Republic of Fredonia.
1826	12	21	world	history	American settlers in Nacogdoches, Mexican Texas, declare their independence, starting the Fredonian Rebellion.
1827	9	4	world	history	The Great Fire of Turku almost completely destroys Finland's former capital city.
1828	4	20	world	history	René Caillié becomes the second non-Muslim to enter Timbuktu, following Major Gordon Laing. He would also be the first to return alive.
1828	12	1	world	history	Argentine general Juan Lavalle makes a coup against governor Manuel Dorrego, beginning the Decembrist revolution.
1829	0	0	india	history	Sati abolished by Lord William Bentinck with Raja Ram Mohan Roy's support
1829	5	2	world	history	After anchoring nearby, Captain Charles Fremantle of HMS Challenger declares the Swan River Colony in Australia.
1829	6	10	world	history	The first Boat Race between the University of Oxford and the University of Cambridge takes place on the Thames in London.
1829	7	23	world	history	In the United States, William Austin Burt patents the typographer, a precursor to the typewriter.
1829	8	3	world	history	The Treaty of Lewistown is signed by the Shawnee and Seneca peoples, exchanging land in Ohio for land west of the Mississippi River.
1829	9	14	world	history	The Ottoman Empire signs the Treaty of Adrianople with Russia, thus ending the Russo-Turkish War.
1829	10	8	world	history	Stephenson's Rocket wins the Rainhill Trials.
1830	5	28	india	history	U.S. President Andrew Jackson signs the Indian Removal Act which denies Native Americans their land rights and forcibly relocates them.
1830	8	2	world	history	July Revolution: Charles X of France abdicates the throne in favor of his grandson Henri.
1831	0	0	world	science	Michael Faraday discovers electromagnetic induction
1831	3	10	world	history	The French Foreign Legion is created by Louis Philippe, the King of France, from the foreign regiments of the Kingdom of France.
1831	7	20	world	history	Seneca and Shawnee people agree to relinquish their land in western Ohio for 60,000 acres west of the Mississippi River.
1831	11	17	world	history	Ecuador and Venezuela are separated from Gran Colombia.
1831	12	27	world	science	Charles Darwin embarks on his journey aboard HMS Beagle, during which he will begin to formulate his theory of evolution.
1832	3	24	world	history	In Hiram, Ohio, a group of men beat and tar and feather Mormon leader Joseph Smith.
1832	5	16	world	science	Juan Godoy discovers the rich silver outcrops of Chañarcillo sparking the Chilean silver rush.
1832	5	27	world	history	An Egyptian army under Ibrahim Pasha captures Acre from the Ottomans after a five-months siege.
1832	6	6	world	history	The June Rebellion in Paris is put down by the National Guard.
1832	6	7	world	history	Asian cholera reaches Quebec, brought by Irish immigrants, and kills about 6,000 people in Lower Canada.
1832	7	4	world	history	Durham University established by Act of Parliament; the first recognized university to be founded in England since Cambridge over 600 years earlier.
1832	7	29	world	history	An Egyptian army under Ibrahim Pascha defeats a larger Ottoman army in the battle of Belen Pass.
1832	12	20	world	history	HMS Clio under the command of Captain Onslow arrives at Port Egmont under orders to take possession of the Falkland Islands.
1832	12	21	world	history	Egyptian–Ottoman War: Egyptian forces decisively defeat Ottoman troops at the Battle of Konya.
1833	5	10	world	history	A revolt broke out in southern Vietnam against Emperor Minh Mang, who had desecrated the deceased mandarin Le Van Duyet.
1833	7	22	world	history	The Slavery Abolition Act passes in the British House of Commons, initiating the gradual abolition of slavery in most parts of the British Empire.
1834	3	18	world	history	Six farm labourers from Tolpuddle, Dorset, England are sentenced to be transported to Australia for forming a trade union.
1835	0	0	india	history	Macaulay's Minute on education introduces English in schools
1835	1	7	world	history	HMS Beagle, with Charles Darwin on board, drops anchor off the Chonos Archipelago.
1835	5	5	world	history	The first railway in continental Europe opens between Brussels and Mechelen.
1835	9	20	world	history	The decade-long Ragamuffin War starts when rebels capture Porto Alegre in Brazil.
1835	12	28	world	history	Osceola leads his Seminole warriors in Florida into the Second Seminole War against the United States Army.
1836	2	25	world	history	Samuel Colt is granted a United States patent for his revolver firearm.
1836	5	15	world	history	Francis Baily observes "Baily's beads" during an annular eclipse.
1836	8	30	world	history	The city of Houston is founded by Augustus Chapman Allen and John Kirby Allen.
1836	9	1	world	history	Narcissa Whitman, one of the first English-speaking white women to settle west of the Rocky Mountains, arrives at Walla Walla, Washington.
1836	12	27	world	history	The worst ever avalanche in England occurs at Lewes, Sussex, killing eight people.
1837	2	8	world	history	Richard Johnson becomes the first and only Vice President of the United States chosen by the Senate.
1837	6	11	world	history	The Broad Street Riot occurs in Boston, fueled by ethnic tensions between Yankees and Irish.
1837	12	7	world	history	The Battle of Montgomery's Tavern, the only battle of the Upper Canada Rebellion, takes place in Toronto, where the rebels are quickly defeated.
1838	1	6	world	history	Alfred Vail and colleagues demonstrate a telegraph system using dots and dashes (this is the forerunner of Morse code).
1838	2	17	world	history	In the Weenen massacre, hundreds of Voortrekkers along the Blaukraans River, Natal are killed by Zulus.
1838	8	18	world	history	The Wilkes Expedition, which would explore the Puget Sound and Antarctica, weighs anchor at Hampton Roads.
1838	9	3	world	history	Future abolitionist Frederick Douglass escapes from slavery.
1838	10	27	world	history	Missouri governor Lilburn Boggs issues the Extermination Order, which orders all Mormons to leave the state or be killed.
1839	1	9	world	history	The French Academy of Sciences announces the Daguerreotype photography process.
1839	1	20	world	history	In the Battle of Yungay, Chile defeats an alliance between Peru and Bolivia.
1839	3	23	world	history	A massive earthquake destroys the former capital Inwa of the Konbaung dynasty, present-day Myanmar.
1839	6	14	world	history	Henley Royal Regatta: the village of Henley-on-Thames, on the River Thames in Oxfordshire, stages its first regatta.
1839	6	24	world	history	An Egyptian army under Ibrahim Pascha routs an Ottoman army under Hafiz Pasha in the battle of Nezib.
1839	11	27	world	history	In Boston, Massachusetts, the American Statistical Association is founded.
1840	7	2	world	history	A Ms 7.4 earthquake strikes present-day Turkey and Armenia; combined with the effects of an eruption on Mount Ararat, kills 10,000 people.
1840	10	11	world	history	The Maronite leader Bashir Shihab II surrenders to the Ottoman Empire and later is sent to Malta in exile.
1841	1	26	world	history	Gordon Bremer takes formal possession of Hong Kong Island at what is now Possession Point, establishing British Hong Kong.
1841	6	28	world	history	The Paris Opera Ballet premieres Giselle in the Salle Le Peletier.
1841	9	24	world	history	The Sultanate of Brunei cedes Sarawak to James Brooke.
1842	2	7	world	history	Battle of Debre Tabor: Ras Ali Alula, Regent of the Emperor of Ethiopia defeats warlord Wube Haile Maryam of Semien.
1842	3	30	world	history	Ether anesthesia is used for the first time, in an operation by the American surgeon Dr. Crawford Long.
1842	5	16	world	history	The first major wagon train heading for the Pacific Northwest sets out on the Oregon Trail from Elm Grove, Missouri, with 100 pioneers.
1842	5	30	world	history	John Francis attempts to murder Queen Victoria as she drives down Constitution Hill in London with Prince Albert.
1842	8	14	india	history	American Indian Wars: Second Seminole War ends, with the Seminoles forced from Florida.
1843	2	25	world	history	Lord George Paulet occupies the Kingdom of Hawaii in the name of Great Britain in the Paulet affair.
1843	9	3	world	history	King Otto of Greece is forced to grant a constitution following an uprising in Athens.
1843	9	13	world	history	The Greek Army rebels (OS date: September 3) against the autocratic rule of king Otto of Greece, demanding the granting of a constitution.
1844	1	4	world	history	The first issue of the Swedish-languaged Saima newspaper founded by J. V. Snellman is published in Kuopio, Finland.
1844	3	30	world	history	One of the most important battles of the Dominican War of Independence from Haiti takes place near the city of Santiago de los Caballeros.
1844	6	6	world	history	The Young Men's Christian Association (YMCA) is founded in London.
1844	6	27	world	history	Joseph Smith, founder of the Latter Day Saint movement, and his brother Hyrum Smith, are killed by a mob at the Carthage, Illinois jail.
1844	12	21	world	history	The Rochdale Society of Equitable Pioneers commences business at its cooperative in Rochdale, England, starting the Cooperative movement.
1845	1	29	world	history	"The Raven" is published in The Evening Mirror in New York, the first publication with the name of the author, Edgar Allan Poe.
1845	5	30	india	history	The Fatel Razack, coming from India, lands in the Gulf of Paria in Trinidad and Tobago carrying the first Indians to the country.
1845	12	27	world	history	Ether anesthetic is used for childbirth for the first time by Dr. Crawford Long in Jefferson, Georgia.
1846	1	28	india	history	The Battle of Aliwal, India, is won by British troops commanded by Sir Harry Smith.
1846	2	4	world	history	The first Mormon pioneers make their exodus from Nauvoo, Illinois, westward towards Salt Lake Valley.
1846	5	12	world	history	The Donner Party of pioneers departs Independence, Missouri for California, on what will become a year-long journey of hardship and cannibalism.
1846	6	14	world	history	Bear Flag Revolt begins: Anglo settlers in Sonoma, California, start a rebellion against Mexico and proclaim the California Republic.
1846	9	23	world	science	Astronomers Urbain Le Verrier, John Couch Adams and Johann Gottfried Galle collaborate on the discovery of Neptune.
1846	9	24	world	history	Mexican–American War: General Zachary Taylor captures Monterrey.
1847	1	13	world	history	The Treaty of Cahuenga ends the Mexican–American War in California.
1847	1	16	world	history	Westward expansion of the United States: John C. Frémont is appointed Governor of the new California Territory.
1847	3	29	world	history	Mexican–American War: United States forces led by General Winfield Scott take Veracruz after a siege.
1847	7	24	world	history	After 17 months of travel, Brigham Young leads 148 Mormon pioneers into Salt Lake Valley, resulting in the establishment of Salt Lake City.
1847	7	26	world	history	Liberia declares its independence from the United States. France and the United Kingdom are the first to recognize the new nation.
1848	1	12	world	history	The Palermo rising takes place in Sicily against the Bourbon Kingdom of the Two Sicilies.
1848	1	24	world	science	California Gold Rush: James W. Marshall finds gold at Sutter's Mill near Sacramento.
1848	3	4	world	history	Carlo Alberto di Savoia signs the Statuto Albertino that will later represent the first constitution of the Regno d'Italia.
1848	3	10	world	history	The Treaty of Guadalupe Hidalgo is ratified by the United States Senate, ending the Mexican–American War.
1848	3	18	world	science	Revolutions of 1848: A rebellion arises in Milan which in five days of street fighting drove Marshal Radetzky and his Austrian soldiers from the city.
1848	3	18	world	history	The premiere of William Henry Fry's Leonora in Philadelphia is the first known performance of a grand opera by an American composer.
1848	3	23	world	history	The ship John Wickliffe arrives at Port Chalmers carrying the first Scottish settlers for Dunedin, New Zealand. Otago province is founded.
1848	6	2	world	history	The Slavic Congress opens in Prague.
1848	7	19	world	history	Women's rights: A two-day Women's Rights Convention opens in Seneca Falls, New York.
1848	7	26	world	history	The University of Wisconsin–Madison is established by Nelson Dewey, first Governor of Wisconsin.
1849	1	22	world	history	Second Anglo-Sikh War: The Siege of Multan ends after nine months when the last Sikh defenders of Multan, Punjab, surrender.
1849	1	23	world	history	Elizabeth Blackwell is awarded her M.D. by the Geneva Medical College of Geneva, New York, becoming the United States' first female doctor.
1849	4	14	world	history	Hungary declares itself independent of Austria with Lajos Kossuth as its leader.
1849	8	1	world	science	Joven Daniel wrecks at the coast of Araucanía, Chile, leading to allegations that local Mapuche tribes murdered survivors and kidnapped Elisa Bravo.
1850	1	29	world	history	Henry Clay introduces the Compromise of 1850 to the U.S. Congress.
1850	2	2	world	history	Brigham Young declares war on Timpanogos in the Battle at Fort Utah.
1850	5	15	world	history	The Arana–Southern Treaty is ratified, ending "the existing differences" between Great Britain and Argentina.
1850	6	19	world	history	Princess Louise of the Netherlands marries Crown Prince Karl of Sweden–Norway.
1850	7	9	world	history	Persian prophet Báb is executed in Tabriz, Persia.
1850	11	24	world	history	Danish troops defeat a Schleswig-Holstein force in the town of Lottorf, Schleswig-Holstein.
1850	12	16	world	history	The Charlotte Jane and the Randolph bring the first of the Canterbury Pilgrims to Lyttelton, New Zealand.
1851	1	11	world	history	Taiping Rebellion: Hong Xiuquan proclaims the Taiping Heavenly Kingdom, starting the Jintian Uprising.
1851	3	11	world	history	The first performance of Rigoletto by Giuseppe Verdi takes place in Venice.
1851	5	1	world	history	Queen Victoria opens The Great Exhibition at The Crystal Palace in London.
1851	7	29	world	science	Annibale de Gasparis discovers asteroid 15 Eunomia.
1851	11	13	world	history	The Denny Party lands at Alki Point, before moving to the other side of Elliott Bay to what would become Seattle.
1852	7	3	world	history	Congress establishes the United States' 2nd mint in San Francisco.
1852	9	19	world	science	Annibale de Gasparis discovers the asteroid Massalia from the north dome of the Astronomical Observatory of Capodimonte.
1853	4	16	india	history	First train runs from Bombay to Thane (16 April)
1853	9	24	world	history	Admiral Despointes formally takes possession of New Caledonia in the name of France.
1853	12	31	world	history	A dinner party is held inside a life-size model of an iguanodon created by Benjamin Waterhouse Hawkins and Sir Richard Owen in south London, England.
1854	3	31	world	history	Commodore Matthew Perry signs the Convention of Kanagawa with the Tokugawa Shogunate, opening the ports of Shimoda and Hakodate to American trade.
1854	5	30	world	history	The Kansas–Nebraska Act becomes law, establishing the U.S. territories of Kansas and Nebraska.
1854	6	1	world	history	Åland War: The British navy destroys merchant ships and about 16,000 tar barrels of the wholesale stocks area in Oulu, Grand Duchy of Finland.
1854	7	6	world	history	The Republican Party of the United States held its first convention in Jackson, Michigan.
1854	7	28	world	history	USS Constellation (1854), the last all-sail warship built by the United States Navy and current museum ship in Baltimore Harbor, is commissioned.
1854	8	9	world	history	American Transcendentalist philosopher Henry David Thoreau publishes his memoir Walden.
1854	8	19	world	history	The First Sioux War begins when United States Army soldiers kill Lakota chief Conquering Bear and in return are massacred.
1854	9	20	world	history	Crimean War: British and French troops defeat Russians at the Battle of Alma.
1854	10	25	world	history	The Battle of Balaclava takes place during the Crimean War. It is soon memorialized in verse as The Charge of the Light Brigade.
1855	3	30	world	history	Origins of the American Civil War: "Border Ruffians" from Missouri invade Kansas and force election of a pro-slavery legislature.
1855	6	1	world	history	The American adventurer William Walker conquers Nicaragua.
1855	9	8	world	history	Crimean War: The French assault the tower of Malakoff, leading to the capture of Sevastopol.
1855	11	16	world	history	David Livingstone becomes the first European to see the Victoria Falls in what is now Zambia-Zimbabwe.
1855	11	22	world	history	In Birmingham, England, Albert, Prince Consort lays the foundation stone of the Birmingham and Midland Institute.
1856	4	11	world	history	Second Battle of Rivas: Juan Santamaría burns down the hostel where William Walker's filibusters are holed up.
1856	11	27	world	history	The Coup of 1856 leads to Luxembourg's unilateral adoption of a new, reactionary constitution.
1857	0	0	india	history	Revolt of 1857 begins at Meerut on 10 May
1857	1	9	world	history	The 7.9 Mw Fort Tejon earthquake shakes Central and Southern California with a maximum Mercalli intensity of IX (Violent).
1857	3	23	world	history	Elisha Otis's first elevator is installed at 488 Broadway New York City.
1857	4	18	world	history	The Spirits Book by Allan Kardec is published, marking the birth of Spiritualism in France.
1857	5	10	india	history	Indian Rebellion of 1857: In India, the first war of Independence begins. Sepoys mutiny against their commanding officers at Meerut.
1857	5	14	world	history	Mindon Min is crowned as King of Burma in Mandalay, Burma.
1857	12	31	world	history	Queen Victoria chooses Ottawa, then a small logging town, as the capital of the Province of Canada.
1858	0	0	india	history	Government of India Act: the Crown takes over from the East India Company
1858	1	14	world	history	Napoleon III of France escapes an assassination attempt made by Felice Orsini and his accomplices in Paris.
1858	4	14	world	history	The 1858 Christiania fire severely destroys several city blocks near Stortorvet in Christiania, Norway, and about 1,000 people lose their homes.
1858	5	11	world	history	Minnesota becomes the 32nd U.S. state.
1859	6	6	world	history	Queensland is established as a separate colony from New South Wales. The date is still celebrated as Queensland Day.
1859	11	24	world	science	Darwin publishes On the Origin of Species (24 November)
1860	2	27	world	history	Abraham Lincoln makes a speech at Cooper Union in the city of New York that plays an important role in his election to the Presidency.
1860	3	17	world	history	The First Taranaki War begins in Taranaki, New Zealand, a major phase of the New Zealand Wars.
1860	3	24	world	history	Sakuradamon Incident: Japanese chief minister (Tairō) Ii Naosuke is assassinated by rōnin samurai outside the Sakurada Gate of Edo Castle.
1860	5	27	world	history	Giuseppe Garibaldi begins the Siege of Palermo, part of the wars of Italian unification.
1860	10	26	world	history	Unification of Italy: The Expedition of the Thousand ends when Giuseppe Garibaldi presents his conquests to King Victor Emmanuel of Sardinia.
1860	12	20	world	history	South Carolina becomes the first state to attempt to secede from the United States with the South Carolina Declaration of Secession.
1860	12	26	world	history	First Rules derby is held between Sheffield F.C. and Hallam F.C., the oldest football fixture in the world.
1861	1	9	world	history	American Civil War: "Star of the West" incident occurs near Charleston, South Carolina.
1861	1	9	world	history	Mississippi becomes the second state to secede from the Union before the outbreak of the American Civil War.
1861	1	10	world	history	American Civil War: Florida becomes the third state to secede from the Union.
1861	1	11	world	history	American Civil War: Alabama secedes from the United States.
1861	1	19	world	history	American Civil War: Georgia joins South Carolina, Florida, Mississippi, and Alabama in declaring secession from the United States.
1861	1	26	world	history	American Civil War: The state of Louisiana secedes from the Union.
1861	2	1	world	history	American Civil War: Texas secedes from the United States and joins the Confederacy a week later.
1861	2	18	world	history	With Italian unification almost complete, Victor Emmanuel II of Piedmont, Savoy and Sardinia assumes the title of King of Italy.
1861	2	18	world	history	In Montgomery, Alabama, Jefferson Davis is inaugurated as the provisional President of the Confederate States of America.
1861	3	3	world	history	Alexander II of Russia signs the Emancipation Manifesto, freeing serfs.
1861	3	10	world	history	El Hadj Umar Tall seizes the city of Ségou, destroying the Bamana Empire of Mali.
1861	3	18	world	history	Spain would annex annex the Dominican Republic, which would last for four years.
1861	4	12	world	history	American Civil War begins (12 April)
1861	4	12	world	history	American Civil War: Battle of Fort Sumter. The war begins with Confederate forces firing on Fort Sumter, in the harbor of Charleston, South Carolina.
1861	4	19	world	history	American Civil War: Baltimore riot of 1861: A pro-Secession mob in Baltimore attacks United States Army troops marching through the city.
1861	4	20	world	history	American Civil War: Robert E. Lee resigns his commission in the United States Army in order to command the forces of the state of Virginia.
1861	4	27	world	history	American President Abraham Lincoln suspends the writ of habeas corpus.
1861	5	7	india	history	Rabindranath Tagore born (7 May)
1861	5	13	india	history	Pakistan's (then a part of British India) first railway line  opens, from Karachi to Kotri.
1861	5	13	world	science	The Great Comet of 1861 is discovered by John Tebbutt of Windsor, New South Wales, Australia.
1861	5	20	world	history	American Civil War: The state of Kentucky proclaims its neutrality, which will last until September 3 when Confederate forces enter the state.
1861	8	28	world	history	American Civil War: Union forces attack Cape Hatteras, North Carolina in the Battle of Hatteras Inlet Batteries which lasts for two days.
1861	8	29	world	history	American Civil War: The Battle of Hatteras Inlet Batteries gives Federal forces control of Pamlico Sound.
1861	9	3	world	history	American Civil War: Confederate General Leonidas Polk invades neutral Kentucky, prompting the state legislature to ask for Union assistance.
1861	9	17	world	history	Argentine Civil Wars: The State of Buenos Aires defeats the Argentine Confederation at the Battle of Pavón.
1861	10	9	world	history	American Civil War: Union troops repel a Confederate attempt to capture Fort Pickens in the Battle of Santa Rosa Island.
1861	10	21	world	history	American Civil War: Union forces under Colonel Edward Baker are defeated by Confederate troops in the second major battle of the war.
1861	11	1	world	history	American Civil War: U.S. President Abraham Lincoln appoints George B. McClellan as the commander of the Union Army, replacing General Winfield Scott.
1861	12	21	world	history	Medal of Honor: Public Resolution 82, containing a provision for a Navy Medal of Valor, is signed into law by President Abraham Lincoln.
1862	1	30	world	science	American Civil War: The first American ironclad warship, the USS Monitor is launched.
1862	2	16	world	history	American Civil War: General Ulysses S. Grant captures Fort Donelson, Tennessee.
1862	3	17	world	history	The first railway line of Finland between cities of Helsinki and Hämeenlinna, called Päärata, is officially opened.
1862	4	7	world	history	American Civil War: The Union's Army of the Tennessee and the Army of the Ohio defeat the Confederate Army of Mississippi near Shiloh, Tennessee.
1862	4	20	world	science	Louis Pasteur and Claude Bernard complete the experiment disproving the theory of spontaneous generation.
1862	4	29	world	history	American Civil War: The Capture of New Orleans by Union forces under David Farragut.
1862	5	5	world	history	Cinco de Mayo: Troops led by Ignacio Zaragoza halt a French invasion in the Battle of Puebla in Mexico.
1862	5	12	world	history	American Civil War: Union Army troops occupy Baton Rouge, Louisiana.
1862	6	7	world	history	The United States and the United Kingdom agree in the Lyons–Seward Treaty to suppress the African slave trade.
1862	7	23	world	history	American Civil War: Henry Halleck becomes general-in-chief of the Union Army.
1862	7	29	world	history	American Civil War: Confederate spy Belle Boyd is arrested by Union troops and detained at the Old Capitol Prison in Washington, D.C.
1862	8	30	world	history	American Civil War: Battle of Richmond: Confederates under Edmund Kirby Smith rout Union forces under General William "Bull" Nelson.
1862	9	4	world	history	American Civil War Maryland Campaign: General Robert E. Lee takes the Army of Northern Virginia, and the war, into the North.
1862	9	14	world	history	American Civil War: The Battle of South Mountain, part of the Maryland Campaign, is fought.
1862	9	19	world	history	American Civil War: Union troops under William Rosecrans defeat a Confederate force commanded by Sterling Price.
1862	10	8	world	history	American Civil War: The Confederate invasion of Kentucky is halted at the Battle of Perryville.
1862	10	11	world	history	American Civil War: Confederate troops conduct a raid on Chambersburg, Pennsylvania.
1862	11	5	world	history	American Civil War: Abraham Lincoln removes George B. McClellan as commander of the Army of the Potomac.
1862	11	28	world	history	American Civil War: In the Battle of Cane Hill, Union troops under General James G. Blunt defeat General John Marmaduke's Confederates.
1862	11	28	world	history	Notts County F.C. is founded in Nottingham, England, making it the oldest professional Association football club in the world.
1862	12	12	world	history	American Civil War: USS Cairo sinks on the Yazoo River.
1862	12	17	world	history	American Civil War: General Ulysses S. Grant issues General Order No. 11, expelling Jews from parts of Tennessee, Mississippi, and Kentucky.
1862	12	26	world	history	Dakota War of 1862: The largest mass-hanging in U.S. history takes place in Mankato, Minnesota, where 38 Native American prisoners are hanged.
1862	12	31	world	history	American Civil War: Abraham Lincoln signs an enabling act that would admit West Virginia to the Union, thus dividing Virginia in two.
1863	1	1	world	history	Lincoln's Emancipation Proclamation (1 January)
1863	1	4	world	history	The New Apostolic Church, a Christian and chiliastic church, is established in Hamburg, Germany.
1863	1	11	world	history	American Civil War: CSS Alabama encounters and sinks the USS Hatteras off Galveston Lighthouse in Texas.
1863	5	21	world	history	American Civil War: The Union Army succeeds in closing off the last escape route from Port Hudson, Louisiana, in preparation for the coming siege.
1863	7	3	world	history	American Civil War: The final day of the Battle of Gettysburg culminates with Pickett's Charge.
1863	7	30	world	history	The Valuev Circular bans the publication of religious, educational and training books in Ukrainian in the Russian Empire.
1863	8	4	world	history	Matica slovenská, Slovakia's public-law cultural and scientific institution focusing on topics around the Slovak nation, is established in Martin.
1863	9	9	world	history	American Civil War: The Union Army enters Chattanooga, Tennessee.
1863	9	20	world	history	American Civil War: The Battle of Chickamauga, in northwestern Georgia, ends in a Confederate victory.
1863	9	30	world	history	Georges Bizet's opera Les pêcheurs de perles, premieres in Paris.
1863	10	14	world	history	American Civil War: Confederate troops under the command of A. P. Hill fail to drive the Union Army completely out of Virginia.
1863	11	27	world	history	American Civil War: Confederate cavalry leader John Hunt Morgan and several of his men escape the Ohio Penitentiary and return safely to the South.
1864	2	17	world	history	American Civil War: The H. L. Hunley becomes the first submarine to engage and sink a warship, the USS Housatonic.
1864	2	27	world	history	American Civil War: The first Northern prisoners arrive at the Confederate prison at Andersonville, Georgia.
1864	4	29	world	history	Theta Xi fraternity is founded at Rensselaer Polytechnic Institute, the only fraternity to be founded during the American Civil War.
1864	4	30	world	history	American Civil War: Confederate forces led by General E. Kirby Smith attack federal troops retreating across the Saline at Jenkins' Ferry, Arkansas.
1864	5	5	world	history	American Civil War: The Battle of the Wilderness begins in Spotsylvania County.
1864	5	9	world	history	Second Schleswig War: The Danish navy defeats the Austrian and Prussian fleets in the Battle of Heligoland.
1864	5	20	world	history	American Civil War: Battle of Ware Bottom Church: In the Virginia Bermuda Hundred campaign, 10,000 troops fight in this Confederate victory.
1864	5	31	world	history	American Civil War: Overland Campaign: Battle of Cold Harbor: The Army of Northern Virginia engages the Army of the Potomac.
1864	6	27	world	history	American Civil War: Confederate forces defeat Union forces during the Battle of Kennesaw Mountain during the Atlanta campaign.
1864	7	8	world	history	Ikedaya Incident: The Choshu Han shishis planned Shinsengumi sabotage on Kyoto, Japan at Ikedaya.
1864	7	19	world	history	Taiping Rebellion: Third Battle of Nanking: The Qing dynasty finally defeats the Taiping Heavenly Kingdom.
1864	9	2	world	history	American Civil War: Union forces enter Atlanta as the city surrenders, ending the Atlanta campaign as a victory for General William T. Sherman.
1864	10	2	world	history	American Civil War: Confederates defeat a Union attack on Saltville, Virginia. A massacre of wounded Union prisoners ensues.
1864	10	7	world	history	American Civil War: A US Navy ship captures a Confederate raider in a Brazilian seaport.
1864	10	9	world	history	American Civil War: Union cavalrymen defeat Confederate forces at Toms Brook, Virginia during Sheridan's Shenandoah Valley campaign.
1864	10	15	world	history	American Civil War: The Union garrison of Glasgow, Missouri surrenders to Confederate forces.
1864	10	19	world	history	American Civil War: The Battle of Cedar Creek ends the last Confederate threat to Washington, DC.
1864	10	28	world	history	American Civil War: A Union attack on the Confederate capital of Richmond is repulsed.
1865	0	0	world	science	Gregor Mendel presents his laws of heredity
1865	1	2	world	history	Uruguayan War: The Siege of Paysandú ends as the Brazilians and Coloradans capture Paysandú, Uruguay.
1865	1	15	world	history	American Civil War: Fort Fisher in North Carolina falls to the Union, thus cutting off the last major seaport of the Confederacy.
1865	2	17	world	history	American Civil War: Columbia, South Carolina, is burned as Confederate forces flee from advancing Union forces.
1865	4	4	world	history	American Civil War: A day after Union forces capture Richmond, Virginia, U.S. President Abraham Lincoln visits the Confederate capital.
1865	4	14	world	history	William H. Seward, the U.S. Secretary of State, and his family are attacked at home by Lewis Powell.
1865	4	20	world	history	Astronomer Angelo Secchi demonstrates the Secchi disk, which measures water clarity, aboard Pope Pius IX's yacht, the L'Immaculata Concezion.
1865	4	26	world	history	Union cavalry troopers corner and shoot dead John Wilkes Booth, assassin of President Abraham Lincoln, in Virginia.
1865	5	1	world	history	The Empire of Brazil, Argentina, and Uruguay sign the Treaty of the Triple Alliance.
1865	5	9	world	history	American Civil War: Nathan Bedford Forrest surrenders his forces at Gainesville, Alabama.
1865	5	10	world	history	American Civil War: In Kentucky, Union soldiers ambush and mortally wound Confederate raider William Quantrill, who lingers until his death on June 6.
1865	7	21	world	history	In the market square of Springfield, Missouri, Wild Bill Hickok shoots and kills Davis Tutt in what is regarded as the first western showdown.
1865	7	27	world	history	Welsh settlers arrive at Chubut in Argentina.
1865	11	11	india	history	Treaty of Sinchula is signed whereby Bhutan cedes the areas east of the Teesta River to the British East India Company.
1865	12	1	world	history	Shaw University, the first historically black university in the southern United States, is founded in Raleigh, North Carolina.
1865	12	6	world	history	Georgia ratifies the 13th Amendment to the U.S. Constitution.
1866	5	30	world	history	Bedrich Smetana's comic opera The Bartered Bride premieres in Prague.
1866	6	2	world	history	The Fenians defeat Canadian forces at Ridgeway and Fort Erie, but the raids end soon after.
1866	7	3	world	history	Austro-Prussian War is decided at the Battle of Königgrätz, enabling Prussia to exclude Austria from German affairs.
1866	7	24	world	history	Reconstruction: Tennessee becomes the first U.S. state to be readmitted to Congress following the American Civil War.
1867	1	7	world	history	The Kingstree jail fire kills 22 freedmen in Reconstruction-era South Carolina.
1867	3	29	world	history	Queen Victoria gives Royal Assent to the British North America Act which establishes Canada on July 1.
1867	3	30	world	history	Alaska is purchased from Russia for $7.2 million, about two cents/acre ($4.19/km2), by United States Secretary of State William H. Seward.
1867	6	8	world	history	Coronation of Franz Joseph as King of Hungary following the Austro-Hungarian compromise (Ausgleich).
1867	6	19	world	history	Maximilian I of the Second Mexican Empire is executed by a firing squad in Querétaro, Querétaro.
1867	11	18	world	history	An earthquake strikes the Virgin Islands, triggering the largest tsunami witnessed in the Caribbean and killing dozens.
1868	2	2	world	history	Pro-Imperial forces capture Osaka Castle from the Tokugawa shogunate and burn it to the ground.
1868	3	23	world	history	The University of California is founded in Oakland, California when the Organic Act is signed into law.
1868	4	11	world	history	Former shōgun Tokugawa Yoshinobu surrenders Edo Castle to Imperial forces, marking the end of the Tokugawa shogunate.
1868	5	14	world	history	Boshin War: The Battle of Utsunomiya Castle ends as former Tokugawa shogunate forces withdraw northward.
1868	5	16	world	history	The United States Senate fails to convict President Andrew Johnson by one vote.
1868	5	26	world	history	Impeachment of Andrew Johnson: President Andrew Johnson is acquitted by one vote in the United States Senate.
1868	6	1	world	history	The Treaty of Bosque Redondo is signed, allowing the Navajo to return to their lands in Arizona and New Mexico.
1868	7	28	world	history	The 14th Amendment to the United States Constitution is certified, establishing African American citizenship and guaranteeing due process of law.
1868	8	18	world	science	French astronomer Pierre Janssen discovers helium.
1868	9	25	world	history	The Imperial Russian steam frigate Alexander Nevsky is shipwrecked off Jutland while carrying Grand Duke Alexei Alexandrovich of Russia.
1868	10	25	world	history	The Uspenski Cathedral, designed by Aleksey Gornostayev, is inaugurated in Helsinki, Finland.
1868	12	11	world	history	Paraguayan War: Brazilian troops defeat the Paraguayan Army at the Battle of Avay.
1869	2	5	world	history	The largest alluvial gold nugget in history, called the "Welcome Stranger", is found in Moliagul, Victoria, Australia.
1869	3	6	world	science	Mendeleev publishes the periodic table (6 March)
1869	10	2	india	history	Mohandas Karamchand Gandhi born at Porbandar (2 October)
1869	11	17	world	history	In Egypt, the Suez Canal, linking the Mediterranean Sea with the Red Sea, is inaugurated.
1869	11	22	world	science	In Dumbarton, Scotland, the clipper Cutty Sark is launched.
1870	1	15	world	history	Thomas Nast publishes a political cartoon  symbolizing the Democratic Party with a donkey ("A Live Jackass Kicking a Dead Lion") for Harper's Weekly.
1870	1	23	world	history	In Montana, U.S. cavalrymen kill 173 Native Americans, mostly women and children, in what becomes known as the Marias Massacre.
1870	1	26	world	history	Reconstruction Era: Virginia is readmitted to the Union.
1870	2	9	world	history	US president Ulysses S. Grant signs a joint resolution of Congress establishing the U.S. Weather Bureau.
1870	5	12	world	history	The Manitoba Act is given the Royal Assent, paving the way for Manitoba to become a province of Canada on July 15.
1870	5	14	world	history	The first game of rugby in New Zealand is played in Nelson between Nelson College and the Nelson Rugby Football Club.
1870	7	15	world	history	Reconstruction Era of the United States: Georgia becomes the last of the former Confederate states to be readmitted to the Union.
1870	9	1	world	history	Franco-Prussian War: The Battle of Sedan is fought, resulting in a decisive Prussian victory.
1870	9	2	world	history	Franco-Prussian War: Battle of Sedan: Prussian forces take Napoleon III of France and 100,000 of his soldiers prisoner.
1870	9	3	world	history	Franco-Prussian War: The Siege of Metz begins, resulting in a decisive Prussian victory on October 23.
1870	9	18	world	history	During an expedition to the Wyoming Territory, Henry D. Washburn observes and names the Old Faithful Geyser.
1870	9	19	world	history	Franco-Prussian War: The siege of Paris begins. The city held out for over four months before surrendering.
1870	10	2	world	history	By plebiscite, the citizens of the Papal States accept annexation by the Kingdom of Italy.
1870	10	27	world	science	Franco-Prussian War: Marshal Bazaine surrenders to Prussian forces at the conclusion of the Siege of Metz along with 140,000 French soldiers.
1870	12	12	world	history	Joseph H. Rainey of South Carolina becomes the second black U.S. congressman.
1871	1	3	world	history	In the Battle of Bapaume, an engagement in the Franco-Prussian War, General Louis Faidherbe's forces bring about a Prussian retreat.
1871	1	28	world	history	Franco-Prussian War: The Siege of Paris ends in French defeat and an armistice.
1871	6	10	world	history	Sinmiyangyo: Captain McLane Tilton leads 109 US Marines in a naval attack on Han River forts on Kanghwa Island, Korea.
1871	7	29	world	history	The Connecticut Valley Railroad opens between Old Saybrook, Connecticut and Hartford, Connecticut in the United States.
1871	9	20	world	history	Bishop John Coleridge Patteson, first bishop of Melanesia, is martyred on Nukapu, now in the Solomon Islands.
1872	1	12	world	history	Yohannes IV is crowned Emperor of Ethiopia in Axum, the first imperial coronation in that city in over 200 years.
1872	12	21	world	history	Challenger expedition: HMS Challenger, commanded by Captain George Nares, sails from Portsmouth, England.
1873	1	17	world	history	A group of Modoc warriors defeats the United States Army in the First Battle of the Stronghold, part of the Modoc War.
1873	2	18	world	history	Bulgarian revolutionary leader Vasil Levski is executed by hanging in Sofia by the Ottoman authorities.
1873	5	9	world	history	Der Krach: The Vienna stock exchange crash begins the Panic of 1873 and heralds the Long Depression.
1873	5	20	world	history	Levi Strauss and Jacob Davis receive a U.S. patent for blue jeans with copper rivets.
1873	7	21	world	history	At Adair, Iowa, Jesse James and the James–Younger Gang pull off the first successful train robbery in the American Old West.
1873	8	2	world	history	The Clay Street Hill Railroad begins operating the first cable car in San Francisco's famous cable car system.
1873	8	30	world	science	Austrian explorers Julius von Payer and Karl Weyprecht discover the archipelago of Franz Josef Land in the Arctic Sea.
1873	9	1	world	history	Cetshwayo ascends to the throne as king of the Zulu nation following the death of his father Mpande.
1873	10	3	world	history	Chief Kintpuash and companions are hanged for their part in the Modoc War of northern California.
1874	1	20	world	history	The Treaty of Pangkor is signed between the British and Sultan Abdullah of Perak, paving the way for further British colonization of Malaya.
1874	1	27	world	history	Modest Mussorgsky's opera Boris Godunov premieres in Mariinsky Theatre in St.Petersburg.
1874	5	27	world	history	The first group of Dorsland trekkers under the leadership of Gert Alberts leaves Pretoria.
1874	7	23	india	history	Aires de Ornelas e Vasconcelos is appointed the Archbishop of the Portuguese colonial enclave of Goa, India.
1874	7	31	world	history	Patrick Francis Healy becomes the first African-American inaugurated as president of a predominantly white university, Georgetown University.
1874	11	7	world	history	A cartoon by Thomas Nast in Harper's Weekly, is considered the first important use of an elephant as a symbol for the United States Republican Party.
1875	2	25	world	history	Guangxu Emperor of Qing dynasty China begins his reign, under Empress Dowager Cixi's regency.
1875	6	19	world	history	The Herzegovinian rebellion against the Ottoman Empire begins.
1875	9	24	world	history	The 1864 play Heath Cobblers by Aleksis Kivi premieres in Oulu, Finland.
1876	3	7	world	science	Alexander Graham Bell patents the telephone (7 March)
1876	4	22	world	history	The first National League baseball game is played at the Jefferson Street Grounds in Philadelphia.
1876	8	13	world	history	A performance of Wagner's Das Rheingold opens the first Ring cycle at the first Bayreuth Festival.
1877	1	8	world	history	Crazy Horse and his warriors fight their last battle against the United States Cavalry at Wolf Mountain, Montana Territory.
1877	5	5	india	history	American Indian Wars: Sitting Bull leads his band of Lakota into Canada to avoid harassment by the United States Army under Colonel Nelson Miles.
1877	8	9	india	history	American Indian Wars: Battle of the Big Hole: A small band of Nez Percé Indians clash with the United States Army.
1877	8	18	world	science	American astronomer Asaph Hall discovers Phobos, one of Mars's moons.
1877	11	24	world	history	Anna Sewell's animal welfare novel Black Beauty is published.
1878	1	4	world	history	Russo-Turkish War (1877–78): Sofia is liberated from Ottoman rule.
1878	1	28	world	history	Yale Daily News becomes the first independent daily college newspaper in the United States.
1878	2	18	world	history	John Tunstall is murdered by outlaw Jesse Evans, sparking the Lincoln County War in Lincoln County, New Mexico.
1878	3	3	world	history	The Russo-Turkish War ends with Bulgaria regaining its independence from the Ottoman Empire according to the Treaty of San Stefano.
1878	5	11	world	history	Hödel assassination attempt by anarchist Max Hödel targeting the German Kaiser, Wilhelm I.
1878	5	25	world	history	Gilbert and Sullivan's comic opera H.M.S. Pinafore opens at the Opera Comique in London.
1878	6	2	world	history	Nobiling assassination attempt by anarchist Karl Nobiling targeting the German Kaiser, Wilhelm I.
1878	9	3	world	history	Over 640 die when the crowded pleasure boat Princess Alice collides with the Bywell Castle in the River Thames.
1878	12	31	world	history	Karl Benz, working in Mannheim, Germany, files for a patent on his first reliable two-stroke gas engine. He was granted the patent in 1879.
1879	0	0	world	science	Thomas Edison demonstrates a practical electric lamp (October)
1879	2	8	world	history	England's cricket team, led by Lord Harris, is attacked in a riot during a match in Sydney.
1879	2	8	world	history	Sandford Fleming first proposes the adoption of Universal Standard Time at a meeting of the Royal Canadian Institute.
1879	3	23	world	history	War of the Pacific: The Battle of Topáter, the first battle of the war, is fought between Chile and the joint forces of Bolivia and Peru.
1879	3	29	world	history	Anglo-Zulu War: Battle of Kambula: British forces defeat 20,000 Zulus.
1879	4	5	world	history	Bolivia declares war on Chile, and Chile declares war on Peru, starting the War of the Pacific.
1879	5	14	india	history	The first group of 463 Indian indentured laborers arrives in Fiji aboard the Leonidas.
1879	5	21	world	history	War of the Pacific: Two Chilean ships blocking the harbor of Iquique (then belonging to Peru) battle two Peruvian vessels in the Battle of Iquique.
1879	5	26	world	history	Russia and the United Kingdom sign the Treaty of Gandamak establishing an Afghan state.
1879	6	1	world	history	Napoléon Eugène, the last dynastic Bonaparte, is killed in the Anglo-Zulu War.
1879	8	28	world	history	Anglo-Zulu War: Cetshwayo, last king of the Zulus, is captured by the British.
1879	10	8	world	history	War of the Pacific: The Chilean Navy defeats the Peruvian Navy in the Battle of Angamos.
1879	10	21	world	history	Thomas Edison applies for a patent for his design for an incandescent light bulb.
1879	12	21	world	history	the fictional character of Nora Helmer is first portrayed by Betty Hennings at a showing of A Doll's House at the Royal Danish Theatre.
1879	12	28	world	history	Tay Bridge disaster: The central part of the Tay Rail Bridge in Dundee, Scotland, United Kingdom collapses as a train passes over it, killing 75.
1879	12	31	world	history	Thomas Edison demonstrates incandescent lighting to the public for the first time, in Menlo Park, New Jersey.
1880	6	7	world	history	War of the Pacific: The Battle of Arica, the assault and capture of Morro de Arica (Arica Cape), ends the Campaña del Desierto (Desert Campaign).
1880	6	28	world	history	Australian bushranger Ned Kelly is captured at Glenrowan.
1880	7	27	world	history	Second Anglo-Afghan War: Battle of Maiwand: Afghan forces led by Mohammad Ayub Khan defeat the British Army in battle near Maiwand, Afghanistan.
1880	9	1	world	history	The army of Mohammad Ayub Khan is routed by the British at the Battle of Kandahar, ending the Second Anglo-Afghan War.
1880	9	13	world	science	The Basuto Gun War breaks out after the Basuto launch a rebellion against the Cape Colony.
1880	12	16	world	history	Outbreak of the First Boer War between the Boer South African Republic and the British Empire.
1881	4	28	world	history	Billy the Kid escapes from the Lincoln County jail in Mesilla, New Mexico.
1881	5	10	world	history	Carol I is crowned the King of the Romanian Kingdom.
1881	7	2	world	history	Charles J. Guiteau shoots and fatally wounds U.S. President James A. Garfield (who will die of complications from his wounds on September 19).
1881	7	14	world	history	American outlaw Billy the Kid is shot and killed by Sheriff Pat Garrett in the Maxwell House at Fort Sumner, New Mexico.
1881	9	20	world	history	U.S. President Chester A. Arthur is sworn in upon the death of James A. Garfield the previous day.
1881	10	13	world	history	First known conversation in modern Hebrew by Eliezer Ben-Yehuda and friends.
1881	10	26	world	history	Wyatt Earp and Doc Holliday participate in the Gunfight at the O.K. Corral in Tombstone, Arizona.
1882	3	24	world	science	Robert Koch announces the discovery of Mycobacterium tuberculosis, the bacterium responsible for tuberculosis.
1882	5	6	world	history	Thomas Henry Burke and Lord Frederick Cavendish are stabbed to death by Fenian assassins in Phoenix Park, Dublin.
1882	5	20	world	history	The Triple Alliance between the German Empire, Austria-Hungary and the Kingdom of Italy is formed.
1882	6	28	world	history	The Anglo-French Convention of 1882 marks the territorial boundaries between Guinea and Sierra Leone.
1882	7	26	world	history	Premiere of Richard Wagner's opera Parsifal at Bayreuth.
1882	9	9	world	history	A British force repels an Egyptian force led by Ahmed Urabi in the battle of Qassasin during the Anglo-Egyptian War.
1882	9	30	world	history	Thomas Edison's first commercial hydroelectric power plant, the Vulcan Street Plant, begins operation.
1882	11	2	world	history	The great fire destroys a large part of Oulu's city center in Oulu Province, Finland.
1882	12	6	world	history	Transit of Venus, second and last of the 19th century.
1882	12	16	world	history	Wales and England contest the first Home Nations (now Six Nations) rugby union match.
1883	12	16	world	history	Tonkin Campaign: French forces capture the Sơn Tây citadel.
1884	5	31	world	history	The arrival at Plymouth of Tāwhiao, King of Maoris, to claim the protection of Queen Victoria.
1884	8	5	world	history	The cornerstone for the Statue of Liberty is laid on Bedloe's Island (now Liberty Island) in New York Harbor.
1884	10	14	world	history	George Eastman receives a U.S. Government patent on his new paper-strip photographic film.
1885	1	4	world	history	Sino-French War: French troops under General Oscar de Négrier defeat a numerically superior Qing force at Núi Bop in northern Vietnam.
1885	1	17	world	history	A British force defeats a large Dervish army at the Battle of Abu Klea in the Sudan.
1885	1	26	world	history	Troops loyal to The Mahdi conquer Khartoum, killing the Governor-General Charles George Gordon.
1885	3	23	world	history	Sino-French War: Chinese victory in the Battle of Phu Lam Tao near Hưng Hóa, northern Vietnam.
1885	5	2	world	history	Cree and Assiniboine warriors win the Battle of Cut Knife, their largest victory over Canadian forces during the North-West Rebellion.
1885	7	6	world	science	Louis Pasteur successfully tests his vaccine against rabies on Joseph Meister, a boy who was bitten by a rabid dog.
1885	8	29	world	history	Gottlieb Daimler patents the world's first motorcycle with an internal combustion engine, the Reitwagen.
1885	9	18	world	history	Five Chinese people were lynched outside of Pierce City in the Idaho Territory of the United States.
1885	9	23	world	history	Ethiopian forces under Ras Alula defeat Mahdist Sudanese forces in the battle of Kufit.
1885	11	16	world	history	Canadian rebel leader of the Métis and "Father of Manitoba" Louis Riel is executed for treason.
1885	12	22	world	history	Itō Hirobumi, a samurai, becomes the first Prime Minister of Japan.
1885	12	28	india	history	Indian National Congress founded (28 December)
1886	6	13	world	history	A fire devastates much of Vancouver, British Columbia.
1886	7	3	world	history	The New-York Tribune becomes the first newspaper to use a linotype machine, eliminating typesetting by hand.
1886	7	3	world	history	Karl Benz officially unveils the Benz Patent-Motorwagen, the first purpose-built automobile.
1887	1	20	world	history	The United States Senate allows the Navy to lease Pearl Harbor as a naval base.
1887	2	8	world	history	The Dawes Act is enacted, authorizing the U.S. President to divide Native American tribal land into individual allotments.
1887	4	10	world	history	On Easter Sunday, Pope Leo XIII authorizes the establishment of the Catholic University of America.
1887	6	8	world	history	Herman Hollerith applies for US patent #395,781 for the 'Art of Compiling Statistics', which was his punched card calculator.
1887	6	23	world	history	The Rocky Mountains Park Act becomes law in Canada, creating the nation's first national park, Banff National Park.
1887	7	4	india	history	The founder of Pakistan, Quaid-i-Azam Muhammad Ali Jinnah, joins Sindh-Madrasa-tul-Islam, Karachi.
1887	8	4	world	history	Granny, a sea anemone, died in Edinburgh after nearly 60 years in captivity. Her death was reported in The Scotsman and The New York Times.
1888	5	13	world	history	With the passage of the Lei Áurea ("Golden Law"), the Empire of Brazil abolishes slavery.
1888	6	14	world	history	The White Rajahs territories become the British protectorate of Sarawak.
1888	7	15	world	history	The stratovolcano Mount Bandai erupts, killing approximately 500 people in Fukushima Prefecture, Japan.
1888	9	4	world	history	George Eastman registers the trademark Kodak and receives a patent for his camera that uses roll film.
1888	9	30	world	history	Jack the Ripper kills his third and fourth victims, Elizabeth Stride and Catherine Eddowes.
1888	10	14	world	history	Louis Le Prince films the first motion picture, Roundhay Garden Scene.
1889	1	8	world	history	Herman Hollerith is issued US patent #395,791 for the 'Art of Applying Statistics' — his punched card calculator.
1889	1	30	world	history	Archduke Crown Prince Rudolf of Austria, heir to the Austro-Hungarian crown, is found dead with his mistress Baroness Mary Vetsera in the Mayerling.
1889	3	23	india	history	The Ahmadiyya Muslim Community is established by Mirza Ghulam Ahmad in Qadian, British India.
1889	5	2	world	history	Menelik II, Emperor of Ethiopia, signs the Treaty of Wuchale, giving Italy control over Eritrea.
1889	5	11	world	history	An attack upon a U.S. Army paymaster and escort results in the theft of over $28,000 and the award of two Medals of Honor.
1889	6	6	world	history	The Great Seattle Fire destroys all of downtown Seattle.
1889	11	2	world	history	North Dakota and South Dakota are admitted as the 39th and 40th U.S. states.
1890	1	1	world	history	Eritrea is consolidated into a colony by the Italian government as Italian Eritrea.
1890	6	1	world	history	The United States Census Bureau begins using Herman Hollerith's tabulating machine to count census returns.
1890	7	2	world	history	The U.S. Congress passes the Sherman Antitrust Act.
1890	7	3	world	history	Idaho is admitted as the 43rd U.S. state.
1890	7	26	world	history	In Buenos Aires, Argentina the Revolución del Parque takes place, forcing President Miguel Ángel Juárez Celman's resignation.
1890	8	6	world	history	At Auburn Prison in New York, murderer William Kemmler becomes the first person to be executed by electric chair.
1890	12	22	world	history	Cornwallis Valley Railway begins operation between Kentville and Kingsport, Nova Scotia.
1891	1	29	world	history	Liliʻuokalani is proclaimed the last monarch and only queen regnant of the Kingdom of Hawaii.
1891	1	31	world	history	History of Portugal: The first attempt at a Portuguese republican revolution breaks out in the northern city of Porto.
1891	3	17	world	history	SS Utopia collides with HMS Anson in the Bay of Gibraltar and sinks, killing 562 of the 880 passengers on board.
1891	5	15	world	history	Pope Leo XIII defends workers' rights and property rights in the encyclical Rerum novarum, the beginning of modern Catholic social teaching.
1891	5	20	world	history	History of cinema: The first public display of Thomas Edison's prototype kinetoscope.
1892	5	28	world	history	In San Francisco, John Muir organizes the Sierra Club.
1892	6	6	world	history	The Chicago "L" elevated rail system begins operation.
1892	6	11	world	history	The Limelight Department, one of the world's first film studios, is officially established in Melbourne, Australia.
1892	8	9	world	history	Thomas Edison receives a patent for a two-way telegraph.
1893	1	13	world	history	U.S. Marines land in Honolulu, Hawaii from the USS Boston to prevent the queen from abrogating the Bayonet Constitution.
1893	1	21	world	history	The Tati Concessions Land, formerly part of Matabeleland, is formally annexed to the Bechuanaland Protectorate, now Botswana.
1893	2	1	world	history	Thomas A. Edison finishes construction of the first motion picture studio, the Black Maria in West Orange, New Jersey.
1893	2	9	world	history	Verdi's last opera, Falstaff, premieres at La Scala, Milan.
1893	7	22	world	history	Katharine Lee Bates writes "America the Beautiful" after admiring the view from the top of Pikes Peak near Colorado Springs, Colorado.
1893	9	11	india	history	Swami Vivekananda speaks at the Parliament of the World's Religions, Chicago (11 September)
1893	11	1	world	history	The Battle of Bembezi took place and was the most decisive battle won by the British in the First Matabele War of 1893.
1893	11	12	world	history	Abdur Rahman Khan accepts the Durand Line as the border between the Emirate of Afghanistan and the British Raj.
1893	11	13	world	history	13 November stabbing is committed by Léon Léauthier during the Ère des attentats. This is an influential event in the birth of modern terrorism.
1894	2	7	world	history	The Cripple Creek miner's strike, led by the Western Federation of Miners, begins in Cripple Creek, Colorado, United States.
1894	5	1	world	history	Coxey's Army, the first significant American protest march, arrives in Washington, D.C.
1894	5	21	world	history	The Manchester Ship Canal in the United Kingdom is officially opened by Queen Victoria, who later knights its designer Sir Edward Leader Williams.
1894	6	6	world	history	Governor Davis H. Waite orders the Colorado state militia to protect and support the miners engaged in the Cripple Creek miners' strike.
1894	6	23	world	history	The International Olympic Committee is founded at the Sorbonne in Paris, at the initiative of Baron Pierre de Coubertin.
1894	8	1	world	history	The Empire of Japan and Qing China declare war on each other after a week of fighting over Korea, formally inaugurating the First Sino-Japanese War.
1894	9	1	world	history	Over 400 people die in the Great Hinckley Fire, a forest fire in Hinckley, Minnesota.
1894	11	1	world	history	Buffalo Bill, 15 of his Native Americans, and Annie Oakley were filmed by Thomas Edison in his Black Maria Studio in West Orange, New Jersey.
1894	11	1	world	history	Nicholas II becomes the new (and last) Tsar of Russia after his father, Alexander III, dies.
1894	11	17	world	history	H. H. Holmes, one of the first modern serial killers, is arrested in Boston, Massachusetts.
1894	12	22	world	history	The Dreyfus affair begins in France, when Alfred Dreyfus is wrongly convicted of treason.
1895	1	5	world	history	Dreyfus affair: French army officer Alfred Dreyfus is stripped of his rank and sentenced to life imprisonment on Devil's Island.
1895	2	1	world	history	Fountains Valley, Pretoria, the oldest nature reserve in Africa, is proclaimed by President Paul Kruger.
1895	5	25	world	history	The Republic of Formosa is formed, with Tang Jingsong as its president.
1895	11	8	world	science	Rontgen discovers X-rays (8 November)
1895	12	28	world	science	Wilhelm Röntgen publishes a paper detailing his discovery of a new type of radiation, which later will be known as x-rays.
1896	2	1	world	history	La bohème premieres in Turin at the Teatro Regio (Turin), conducted by the young Arturo Toscanini.
1896	4	6	world	history	In Athens, the opening of the first modern Olympic Games is celebrated, 1,500 years after the original games are banned by Roman emperor Theodosius I.
1896	4	10	world	history	Summer Olympics: The Olympic marathon is run ending with the victory of Greek athlete Spyridon Louis.
1896	5	1	world	history	While on a pilgrimage of Shah Abdol-Azim Shrine in Ray, Tehran, Naser al-Din Shah of Qajar Persia, was assassinated by Mirza Reza Kermani.
1896	5	26	world	history	Nicholas II is crowned as the last Tsar of Imperial Russia.
1896	6	2	world	history	Guglielmo Marconi applies for a patent for his wireless telegraph.
1896	7	9	world	history	William Jennings Bryan delivers his Cross of Gold speech advocating bimetallism at the 1896 Democratic National Convention in Chicago.
1897	0	0	world	science	J. J. Thomson discovers the electron
1897	2	1	world	history	Shinhan Bank, the oldest bank in South Korea, opens in Seoul.
1897	8	2	world	history	Anglo-Afghan War: The Siege of Malakand ends when a relief column is able to reach the British garrison in the Malakand states.
1898	0	0	world	science	Marie and Pierre Curie discover polonium and radium
1898	1	13	world	history	Émile Zola's J'accuse…! exposes the Dreyfus affair.
1898	2	7	world	history	Dreyfus affair: Émile Zola is brought to trial for libel for publishing J'Accuse...!
1898	6	10	world	history	Spanish–American War: In the Battle of Guantánamo Bay, U.S. Marines begin the American invasion of Spanish-held Cuba.
1898	6	12	world	history	Philippine Declaration of Independence: General Emilio Aguinaldo declares the Philippines' independence from Spain.
1898	6	27	world	history	The first solo circumnavigation of the globe is completed by Joshua Slocum from Briar Island, Nova Scotia.
1898	7	3	world	history	A Spanish squadron, led by Pascual Cervera y Topete, is defeated by an American squadron under William T. Sampson in the Battle of Santiago de Cuba.
1898	7	7	world	history	US president William McKinley signs the Newlands Resolution, annexing Hawaii as a territory of the United States.
1898	8	13	world	science	Carl Gustav Witt discovers 433 Eros, the first near-Earth asteroid to be found.
1898	9	13	world	history	Hannibal Goodwin patents celluloid photographic film.
1898	10	14	world	history	The steam ship SS Mohegan sinks near the Lizard peninsula, Cornwall, killing 106.
1898	11	5	world	history	Negrese nationalists revolt against Spanish rule and establish the short-lived Republic of Negros.
1898	12	26	world	history	Marie and Pierre Curie announce the isolation of radium.
1899	1	14	world	science	RMS Oceanic, the largest ship afloat since SS Great Eastern, is launched.
1899	1	23	world	history	The Malolos Constitution is inaugurated, establishing the First Philippine Republic. Emilio Aguinaldo is sworn in as its first president.
1899	3	18	world	science	Phoebe, a satellite of Saturn, becomes the first to be discovered with photographs, taken in August 1898, by William Henry Pickering.
1899	3	31	world	history	Philippine–American War: Malolos, capital of the First Philippine Republic, is captured by American forces.
1899	4	18	world	history	The St. Andrew's Ambulance Association is granted a royal charter by Queen Victoria.
1899	5	30	world	history	Pearl Hart, a female outlaw of the Old West, robs a stage coach 30 miles southeast of Globe, Arizona.
1899	9	23	world	history	Philippine-American War:  the American Asiatic Squadron destroys a Filipino battery at the Battle of Olongapo.
1899	11	2	world	history	The Boers begin their 118-day siege of British-held Ladysmith during the Second Boer War.
1900	0	0	world	science	Max Planck introduces the quantum idea
1900	1	2	world	history	American statesman and diplomat John Hay announces the Open Door Policy to promote trade with China.
1900	1	6	world	history	Second Boer War: Having already besieged the fortress at Ladysmith, Boer forces attack it, but are driven back by British defenders.
1900	1	13	world	history	To combat Czech nationalism, Emperor Franz Joseph decrees German will be language of the Austro-Hungarian Armed Forces.
1900	1	14	world	history	Giacomo Puccini's Tosca opens in Rome.
1900	1	16	world	history	The United States Senate accepts the Anglo-German treaty of 1899 in which the United Kingdom renounces its claims to the Samoan islands.
1900	1	24	world	history	Second Boer War: Boers stop a British attempt to break the Siege of Ladysmith in the Battle of Spion Kop.
1900	2	7	world	history	Second Boer War: British troops fail in their third attempt to lift the Siege of Ladysmith.
1900	2	18	world	history	Second Boer War: Imperial forces suffer their worst single-day loss of life on Bloody Sunday, the first day of the Battle of Paardeberg.
1900	3	24	world	history	Mayor of New York City Robert Anderson Van Wyck breaks ground for a new underground "Rapid Transit Railroad" that would link Manhattan and Brooklyn.
1900	3	30	world	science	Archaeologists in Knossos, Crete, discover the first clay tablet with hieroglyphic writing in a script later called Linear B.
1900	4	12	world	history	One day after its enactment by the Congress, President William McKinley signs the Foraker Act into law, giving Puerto Rico limited self-rule.
1900	4	30	world	history	Hawaii becomes a territory of the United States, with Sanford B. Dole as governor.
1900	5	1	world	history	The Scofield Mine disaster kills over 200 men in Scofield, Utah in what is to date the fifth-worst mining accident in United States history.
1900	6	14	world	history	The second German Naval Law calls for the Imperial German Navy to be doubled in size, resulting in an Anglo-German naval arms race.
1900	7	9	world	history	The Governor of Shanxi province in North China orders the execution of 45 foreign Christian missionaries and local church members, including children.
1900	7	14	world	history	Armies of the Eight-Nation Alliance capture Tientsin during the Boxer Rebellion.
1900	7	27	world	history	Kaiser Wilhelm II makes a speech comparing Germans to Huns; for years afterwards, "Hun" would be a disparaging name for Germans.
1900	7	29	world	history	In Italy, King Umberto I of Italy is assassinated by the anarchist Gaetano Bresci. His son, Victor Emmanuel III, 31 years old, succeeds to the throne.
1900	8	14	world	history	Battle of Peking: The Eight-Nation Alliance occupies Beijing, China, in a campaign to end the bloody Boxer Rebellion in China.
1900	10	19	world	science	Max Planck discovers Planck's law of black-body radiation.
1900	11	6	world	history	President William McKinley is re-elected, along with his vice-presidential running mate, Governor Theodore Roosevelt of New York.
1900	11	7	world	history	Second Boer War: The Battle of Leliefontein takes place, during which the Royal Canadian Dragoons win three Victoria Crosses.
1901	1	10	world	science	The first great Texas oil gusher is discovered at Spindletop in Beaumont, Texas.
1901	1	22	world	history	Edward VII is proclaimed King of the United Kingdom after the death of his mother, Queen Victoria.
1901	1	31	world	history	Anton Chekhov's Three Sisters premieres at Moscow Art Theatre in Russia.
1901	3	4	world	history	William McKinley is inaugurated President of the United States for the second time; Theodore Roosevelt is vice president.
1901	7	24	world	history	O. Henry is released from prison in Columbus, Ohio, after serving three years for embezzlement from a bank.
1901	8	5	world	history	Peter O'Connor sets the first World Athletics recognised long jump world record of 24 ft 11.75 in (7.6137 m), a record that would stand for 20 years.
1901	8	6	world	history	Kiowa land in Oklahoma is opened for white settlement, effectively dissolving the contiguous reservation.
1901	8	14	world	history	The first claimed powered flight, by Gustave Whitehead in his Number 21.
1901	9	2	world	history	Vice President of the United States Theodore Roosevelt utters the famous phrase, "Speak softly and carry a big stick" at the Minnesota State Fair.
1901	12	11	world	history	Guglielmo Marconi transmits the first transatlantic radio signal from Poldhu, Cornwall, England to St. John's, Newfoundland.
1901	12	12	world	history	Guglielmo Marconi receives the first transatlantic radio signal (the letter "S" [•••] in Morse Code), at Signal Hill in St John's, Newfoundland.
1902	1	1	world	history	The first American college football bowl game, the Rose Bowl between Michigan and Stanford, is held in Pasadena, California.
1902	2	27	world	history	Second Boer War: Australian soldiers Harry "Breaker" Morant and Peter Handcock are executed in Pretoria after being convicted of war crimes.
1902	4	18	world	history	The 7.5 Mw Guatemala earthquake shakes Guatemala with a maximum Mercalli intensity of VIII (Severe), killing between 800 and 2,000.
1902	4	20	world	history	Pierre and Marie Curie refine radium chloride.
1902	6	28	world	history	The U.S. Congress passes the Spooner Act, authorizing President Theodore Roosevelt to acquire rights from Colombia for the Panama Canal.
1902	7	14	world	science	Peruvian explorer and farmer Agustín Lizárraga discovers Machu Picchu, the "Lost City of the Incas".
1902	8	9	world	history	Edward VII and Alexandra of Denmark are crowned King and Queen of the United Kingdom of Great Britain and Ireland.
1903	1	9	world	history	Hallam Tennyson, 2nd Baron Tennyson, son of the poet Alfred Tennyson, becomes the second Governor-General of Australia.
1903	1	17	world	history	El Yunque National Forest in Puerto Rico becomes part of the United States National Forest System as the Luquillo Forest Reserve.
1903	4	19	world	history	The Kishinev pogrom in Kishinev (Bessarabia) begins, forcing tens of thousands of Jews to later seek refuge in Palestine and the Western world.
1903	4	29	world	history	A landslide kills 70 people in Frank, in the District of Alberta, Canada.
1903	5	26	world	history	Românul de la Pind, the longest-running newspaper by and about Aromanians until World War II, is founded.
1903	6	11	world	history	A group of Serbian officers storms the royal palace and assassinates King Alexander I of Serbia and his wife, Queen Draga.
1903	6	19	world	history	Benito Mussolini, at the time a radical Socialist, is arrested by Bern police for advocating a violent general strike.
1903	8	3	world	history	Macedonian rebels in Kruševo proclaim the Kruševo Republic, which exists for only ten days before Ottoman Turks lay waste to the town.
1903	8	18	world	history	German engineer Karl Jatho allegedly flies his self-made, motored gliding airplane four months before the first flight of the Wright brothers.
1903	11	17	world	history	The Russian Social Democratic Labour Party splits into two groups: The Bolsheviks (Russian for "majority") and Mensheviks (Russian for "minority").
1903	11	18	world	history	The Hay–Bunau-Varilla Treaty is signed by the United States and Panama, giving the United States exclusive rights over the Panama Canal Zone.
1903	12	17	world	history	The Wright brothers make the first controlled powered, heavier-than-air flight in the Wright Flyer at Kitty Hawk, North Carolina.
1904	1	7	world	history	The distress signal "CQD" is established only to be replaced two years later by "SOS".
1904	1	17	world	history	Anton Chekhov's The Cherry Orchard receives its premiere performance at the Moscow Art Theatre.
1904	2	8	world	science	Japanese forces launch a surprise attack against Russian-controlled Port Arthur, marking the start of the Russo-Japanese war.
1904	7	31	world	history	Russo-Japanese War: Battle of Hsimucheng: Units of the Imperial Japanese Army defeat units of the Imperial Russian Army in a strategic confrontation.
1905	0	0	world	science	Einstein's miracle year: special relativity, E = mc^2, photoelectric effect
1905	2	17	world	history	Russian Revolution of 1905: Grand Duke Sergei Alexandrovich of Russia is assassinated in the Moscow Kremlin by Socialist Revolutionary Ivan Kalyayev.
1905	3	23	world	history	Eleftherios Venizelos calls for Crete's union with Greece, and begins what is to be known as the Theriso revolt.
1905	3	31	world	history	Kaiser Wilhelm II of Germany declares his support for Moroccan independence in Tangier, beginning the First Moroccan Crisis.
1905	4	4	india	history	In India, an earthquake hits the Kangra Valley, killing 20,000, and destroying most buildings in Kangra, McLeod Ganj and Dharamshala.
1905	6	7	world	history	Norway's parliament dissolves its union with Sweden. The vote was confirmed by a national plebiscite on August 13 of that year.
1905	9	8	world	history	The 7.2 Mw Calabria earthquake shakes southern Italy with a maximum Mercalli intensity of XI (Extreme), killing between 557 and 2,500 people.
1905	10	16	india	history	Partition of Bengal (16 October); Swadeshi movement begins
1905	11	28	world	history	Irish nationalist Arthur Griffith founds Sinn Féin as a political party with the main aim of establishing a dual monarchy in Ireland.
1905	12	11	world	history	A workers' uprising occurs in Kyiv, Ukraine (then part of the Russian Empire), and establishes the Shuliavka Republic.
1905	12	16	world	history	In rugby union, the "Match of the Century" is played between Wales and New Zealand at Cardiff Arms Park.
1906	1	22	world	history	SS Valencia runs aground on rocks on Vancouver Island, British Columbia, killing more than 130.
1906	2	18	world	history	Édouard de Laveleye forms the Belgian Olympic Committee in Brussels.
1906	4	22	world	history	The 1906 Intercalated Games open in Athens.
1906	5	31	world	history	The attempted regicide of Spanish King Alfonso XIII and Queen Victoria Eugenie on their wedding day instead kills 24.
1906	6	7	world	science	Cunard Line's RMS Lusitania is launched from the John Brown Shipyard, Glasgow (Clydebank), Scotland.
1906	6	25	world	history	Pittsburgh, Pennsylvania millionaire Harry Thaw shoots and kills prominent architect Stanford White.
1906	8	5	world	history	Persian Constitutional Revolution: Mozaffar ad-Din Shah Qajar, King of Iran, agrees to convert the government to a constitutional monarchy.
1906	12	30	india	history	All-India Muslim League founded (30 December)
1907	1	29	world	history	Charles Curtis of Kansas becomes the first Native American U.S. Senator.
1907	2	5	world	science	Belgian chemist Leo Baekeland announces the creation of Bakelite, the world's first synthetic plastic.
1907	6	13	world	history	The Workers' Federation of Chile declares a general strike in solidarity with a rail workers' strike.
1907	6	18	world	history	Most resistance societies in Santiago return to work, bringing an end to the 1907 Chilean general strike.
1907	8	1	world	history	The start of the first Scout camp on Brownsea Island, the origin of the worldwide Scouting movement.
1907	8	9	world	history	The first Boy Scout encampment concludes at Brownsea Island in southern England.
1907	11	16	india	history	Indian Territory and Oklahoma Territory join to form Oklahoma, which is admitted as the 46th U.S. state.
1907	12	6	world	history	A coal mine explosion at Monongah, West Virginia, kills 362 workers.
1907	12	21	world	history	The Chilean Army commits a massacre of at least 2,000 striking saltpeter miners in Iquique, Chile.
1908	1	15	world	history	The Alpha Kappa Alpha sorority becomes the first Greek-letter organization founded and established by African American college women.
1908	1	28	world	history	Members of the Portuguese Republican Party fail in their attempted coup d'état against the administrative dictatorship of Prime Minister João Franco.
1908	2	1	world	history	Lisbon Regicide: King Carlos I of Portugal and Infante Luis Filipe are shot dead in Lisbon.
1908	4	11	world	science	SMS Blücher, the last armored cruiser to be built by the Imperial German Navy, is launched.
1908	4	14	world	history	Hauser Dam, a steel dam on the Missouri River in Montana, fails, sending a surge of water 25 to 30 feet (7.6 to 9.1 m) high downstream.
1908	10	14	world	history	The Chicago Cubs defeat the Detroit Tigers, 2–0, clinching the 1908 World Series; this would be their last until winning the 2016 World Series.
1908	12	28	world	history	The 7.1 Mw Messina earthquake shakes Southern Italy with a maximum Mercalli intensity of XI (Extreme), killing between about 80,000.
1909	0	0	world	science	Bakelite, the first plastic, is made
1909	1	4	world	history	Explorer Aeneas Mackintosh of the Imperial Trans-Antarctic Expedition escaped death by fleeing across ice floes.
1909	1	20	world	history	Newly formed automaker General Motors (GM) buys into the Oakland Motor Car Company, which later becomes GM's long-running Pontiac division.
1909	1	25	world	history	Richard Strauss's opera Elektra receives its debut performance at the Dresden State Opera.
1909	1	28	world	history	United States troops leave Cuba, with the exception of Guantanamo Bay Naval Base, after being there since the Spanish–American War.
1909	2	26	world	history	Kinemacolor, the first successful color motion picture process, is first shown to the general public at the Palace Theatre in London.
1909	4	14	world	history	Muslims in the Ottoman Empire begin a massacre of Armenians in Adana.
1909	4	27	world	history	Sultan of Ottoman Empire Abdul Hamid II is overthrown, and is succeeded by his brother, Mehmed V.
1909	6	2	world	history	Alfred Deakin becomes Prime Minister of Australia for the third time.
1909	11	18	world	history	Two United States warships are sent to Nicaragua after 500 revolutionaries (including two Americans) are executed by order of José Santos Zelaya.
1910	4	12	world	science	SMS Zrínyi, one of the last pre-dreadnought battleships built by the Austro-Hungarian Navy, is launched.
1910	4	28	world	history	Frenchman Louis Paulhan wins the 1910 London to Manchester air race, the first long-distance aeroplane race in the United Kingdom.
1910	6	2	world	history	Charles Rolls, a co-founder of Rolls-Royce Limited, becomes the first man to make a non-stop double crossing of the English Channel by plane.
1910	6	19	world	history	The first Father's Day is celebrated in Spokane, Washington.
1910	7	24	world	history	The Ottoman Empire captures the city of Shkodër, putting down the Albanian Revolt of 1910.
1910	10	20	world	science	British ocean liner RMS Olympic is launched.
1910	10	21	world	history	HMS Niobe arrives in Halifax Harbour to become the first ship of the Royal Canadian Navy.
1910	11	7	world	history	The first air freight shipment (from Dayton, Ohio, to Columbus, Ohio) is undertaken by the Wright brothers and department store owner Max Morehouse.
1910	11	23	world	history	Johan Alfred Ander becomes the last person to be executed in Sweden.
1910	12	21	world	history	An underground explosion at the Hulton Bank Colliery No. 3 Pit in Over Hulton, Westhoughton, England, kills 344 miners.
1911	0	0	india	history	Delhi Durbar; capital shifted from Calcutta to Delhi
1911	0	0	world	science	Rutherford proposes the nucleus of the atom
1911	1	3	world	history	A gun battle in the East End of London leaves two dead. It sparked a political row over the involvement of then-Home Secretary Winston Churchill.
1911	1	3	world	history	A magnitude 7.7 earthquake destroys the city of Almaty in Russian Turkestan.
1911	1	5	india	history	Kappa Alpha Psi, the world's third-oldest and largest black fraternity, is founded at Indiana University.
1911	1	14	world	history	Roald Amundsen's South Pole expedition makes landfall on the eastern edge of the Ross Ice Shelf.
1911	1	29	world	history	Mexican Revolution: Mexicali is captured by the Mexican Liberal Party, igniting the Magonista rebellion of 1911.
1911	1	30	world	history	The destroyer USS Terry makes the first airplane rescue at sea saving the life of Douglas McCurdy 16 kilometres (10 miles) from Havana, Cuba.
1911	4	27	world	history	The Second Canton Uprising takes place in Guangzhou, Qing China, but is suppressed.
1911	6	22	world	history	George V and Mary of Teck are crowned King and Queen of the United Kingdom of Great Britain and Ireland.
1911	6	22	world	history	Mexican Revolution: Government forces bring an end to the Magonista rebellion of 1911 in the Second Battle of Tijuana.
1911	7	24	world	science	Hiram Bingham III re-discovers Machu Picchu, "the Lost City of the Incas".
1911	7	28	world	history	The Australasian Antarctic Expedition began as the SY Aurora departed London.
1911	8	29	world	history	Ishi, considered the last Native American to make contact with European Americans, emerges from the wilderness of northeastern California.
1911	9	20	world	history	The White Star Line's RMS Olympic collides with the British warship HMS Hawke.
1911	10	9	world	history	An accidental bomb explosion triggers the Wuchang Uprising against the Qing dynasty, beginning the Xinhai Revolution.
1911	10	25	world	history	The Xinhai Revolution spreads to Guangzhou, where the Qing general Fengshan is assassinated by the Chinese Assassination Corps.
1911	11	5	world	history	After declaring war on the Ottoman Empire on September 29, 1911, Italy annexes Tripoli and Cyrenaica.
1911	12	27	india	history	"Jana Gana Mana", the national anthem of India, is first sung in the Calcutta Session of the Indian National Congress.
1912	1	4	world	history	The Scout Association is incorporated throughout the British Empire by royal charter.
1912	1	6	world	science	German geophysicist Alfred Wegener first presents his theory of continental drift.
1912	1	17	world	history	British polar explorer Captain Robert Falcon Scott reaches the South Pole, one month after Roald Amundsen.
1912	2	25	world	history	Marie-Adélaïde, the eldest of six daughters of Guillaume IV, becomes the first reigning Grand Duchess of Luxembourg.
1912	3	30	world	history	Sultan Abd al-Hafid signs the Treaty of Fez, making Morocco a French protectorate.
1912	4	18	world	history	The Cunard liner RMS Carpathia brings 705 survivors from the RMS Titanic to New York City.
1912	6	6	world	history	The eruption of Novarupta in Alaska begins. It is the largest volcanic eruption of the 20th century.
1912	7	8	world	history	Henrique Mitchell de Paiva Couceiro leads an unsuccessful royalist attack against the First Portuguese Republic in Chaves.
1912	9	2	world	history	Arthur Rose Eldred is awarded the first Eagle Scout award of the Boy Scouts of America.
1912	10	11	world	history	First Balkan War: The day after the Battle of Sarantaporo, Greek troops liberate the city of Kozani.
1912	10	21	world	history	First Balkan War: The Greek navy completes the capture of the island of Lemnos for use as a forward base against the Dardanelles.
1912	11	2	world	history	Bulgaria defeats the Ottoman Empire in the Battle of Lule Burgas, the bloodiest battle of the First Balkan War, which opens her way to Constantinople.
1912	11	5	world	history	Woodrow Wilson is elected the 28th President of the United States, defeating incumbent William Howard Taft.
1912	11	7	world	history	The Deutsche Opernhaus (now Deutsche Oper Berlin) opens in the Berlin neighborhood of Charlottenburg, with a production of Beethoven's Fidelio.
1912	11	12	world	history	First Balkan War: King George I of Greece makes a triumphal entry into Thessaloniki after its liberation from 482 years of Ottoman rule.
1912	11	27	world	history	Spain declares a protectorate over the north shore of Morocco.
1912	11	28	world	history	Albania declares its independence from the Ottoman Empire.
1912	12	16	world	history	First Balkan War: The Royal Hellenic Navy defeats the Ottoman Navy at the Battle of Elli.
1912	12	28	world	history	The first municipally owned streetcars take to the streets in San Francisco.
1913	1	3	world	history	First Balkan War: Greece completes its capture of the eastern Aegean island of Chios, as the last Ottoman forces on the island surrender.
1913	2	3	world	history	The Sixteenth Amendment to the United States Constitution is ratified, authorizing the Federal government to impose and collect an income tax.
1913	2	5	world	history	Greek military aviators Michael Moutoussis and Aristeidis Moraitinis perform the first naval air mission in history, with a Farman MF.7 hydroplane.
1913	7	4	world	history	President Woodrow Wilson addresses American Civil War veterans at the Great Reunion of 1913.
1913	8	10	world	history	Second Balkan War: Delegates from Bulgaria, Romania, Serbia, Montenegro, and Greece sign the Treaty of Bucharest, ending the war.
1913	8	28	world	history	Queen Wilhelmina opens the Peace Palace in The Hague.
1913	9	23	world	science	The United Mine Workers of America launch a strike which eventually escalated into the Colorado Coalfield War.
1913	10	7	world	history	Ford Motor Company introduces the first moving vehicle assembly line.
1913	10	27	world	history	A rail workers' strike in Chile escalates into a general strike, organized by the Regional Workers' Federation of Chile.
1913	12	1	world	history	Crete, having obtained self rule from Turkey after the First Balkan War, is annexed by Greece.
1914	1	11	world	history	The Karluk, flagship of the Canadian Arctic Expedition, sinks after being crushed by ice.
1914	2	26	world	science	HMHS Britannic, sister to the RMS Titanic, is launched at Harland and Wolff shipyard in Belfast.
1914	5	25	world	history	The House of Commons of the United Kingdom passes the Home Rule Bill for devolution in Ireland.
1914	6	23	world	history	Mexican Revolution: Pancho Villa takes Zacatecas from Victoriano Huerta.
1914	6	27	world	history	The Illinois Monument is dedicated at Cheatham Hill in what is now the Kennesaw Mountain National Battlefield Park.
1914	7	4	world	history	The funeral of Archduke Franz Ferdinand and his wife Sophie takes place in Vienna, six days after their assassinations in Sarajevo.
1914	7	13	world	history	Felix Ysagun Manalo registers the Iglesia ni Cristo (Church of Christ) as Iglesia ni Kristo with the government of the Philippines.
1914	7	28	world	history	First World War begins (28 July)
1914	7	28	world	history	World War I: In the culmination of the July Crisis, Austria-Hungary declares war on the Kingdom of Serbia and begins the Great War.
1914	8	1	world	history	World War I: The German Empire declares war on the Russian Empire.
1914	8	15	world	history	World War I: The First Russian Army, led by Paul von Rennenkampf, enters East Prussia.
1914	8	28	world	history	World War I: The Royal Navy defeats the German fleet in the Battle of Heligoland Bight.
1914	8	29	world	history	World War I: Start of the Battle of St. Quentin in which the French Fifth Army counter-attacked the invading Germans at Saint-Quentin, Aisne.
1914	9	3	world	history	World War I: Start of the Battle of Grand Couronné, a German assault against French positions on high ground near the city of Nancy.
1914	9	8	world	history	World War I: Private Thomas Highgate becomes the first British soldier to be executed for desertion during the war.
1914	9	14	world	history	HMAS AE1, the Royal Australian Navy's first submarine, is lost at sea with all hands near East New Britain, Papua New Guinea.
1914	9	17	world	history	Andrew Fisher becomes Prime Minister of Australia for the third time.
1914	10	19	world	history	World War I: The First Battle of Ypres begins.
1914	10	27	world	history	World War I: The new British battleship HMS Audacious is sunk by a minefield laid by the armed German merchant-cruiser Berlin.
1914	11	2	world	history	World War I: The Russian Empire declares war on the Ottoman Empire and the Dardanelles is subsequently closed.
1914	11	5	world	history	World War I: France and the British Empire declare war on the Ottoman Empire.
1914	11	23	world	history	Mexican Revolution: The last of U.S. forces withdraw from Veracruz, occupied seven months earlier in response to the Tampico Affair.
1914	11	28	world	history	World War I: Following a war-induced closure in July, the New York Stock Exchange re-opens for bond trading.
1914	12	16	world	history	World War I: Admiral Franz von Hipper commands a raid on Scarborough, Hartlepool and Whitby.
1915	0	0	world	science	Einstein publishes general relativity (November)
1915	1	9	india	history	Gandhiji returns to India from South Africa (9 January)
1915	1	17	world	history	Russia defeats Ottoman Turkey in the Battle of Sarikamish during the Caucasus Campaign of World War I.
1915	1	31	world	history	World War I: Germany is the first to make large-scale use of poison gas in warfare in the Battle of Bolimów against Russia.
1915	3	18	world	history	World War I: During the Battle of Gallipoli, three battleships are sunk during a failed British and French naval attack on the Dardanelles.
1915	4	22	world	science	World War I: The use of poison gas in World War I escalates when chlorine gas is released as a chemical weapon in the Second Battle of Ypres.
1915	4	26	world	history	World War I: Italy secretly signs the Treaty of London pledging to join the Allied Powers.
1915	5	14	world	history	The May 14 Revolt takes place in Lisbon, Portugal.
1915	5	27	world	history	HMS Princess Irene explodes and sinks off Sheerness, Kent, with the loss of 352 lives.
1915	7	7	world	history	Colombo Town Guard officer Henry Pedris is executed in British Ceylon for allegedly inciting persecution of Muslims.
1915	7	25	world	history	RFC Captain Lanoe Hawker becomes the first British pursuit aviator to earn the Victoria Cross.
1915	7	25	world	history	The British capture Nasiriyah from the Ottomans during the Mesopotamian campaign.
1915	8	1	world	history	Patrick Pearse gives his famous speech "Ireland unfree shall never be at peace" at O'Donovan Rossa's funeral in Dublin.
1915	8	4	world	history	World War I: The German 12th Army occupies Warsaw during the Gorlice–Tarnów Offensive and the Great Retreat of 1915.
1915	8	6	world	history	World War I: Battle of Sari Bair: The Allies mount a diversionary attack timed to coincide with a major Allied landing of reinforcements at Suvla Bay.
1915	9	25	world	history	World War I: The Second Battle of Champagne begins.
1915	9	30	world	history	World War I: Radoje Ljutovac becomes the first soldier in history to shoot down an enemy aircraft with ground-to-air fire.
1915	12	12	world	history	Yuan Shikai declares the establishment of the Empire of China and proclaims himself Emperor.
1916	0	0	india	history	Lucknow Pact between the Congress and the Muslim League
1916	1	10	world	history	World War I: Imperial Russia begins the Erzurum Offensive, leading to the defeat of the Ottoman Empire's Third Army.
1916	1	24	world	history	In Brushaber v. Union Pacific Railroad Co., the Supreme Court of the United States declares the federal income tax constitutional.
1916	1	27	world	history	World War I: The British government passes the Military Service Act that introduces conscription in the United Kingdom.
1916	2	3	world	history	The Centre Block of the Parliament buildings in Ottawa, Ontario, Canada burns down with the loss of seven lives.
1916	2	25	world	history	World War I: In the Battle of Verdun, a German unit captures Fort Douaumont, keystone of the French defences, without a fight.
1916	5	10	world	history	Sailing in the lifeboat James Caird, Ernest Shackleton arrives at South Georgia after a journey of 800 nautical miles from Elephant Island.
1916	5	15	world	history	A seventeen-year-old farmworker, Jesse Washington, is lynched in Waco, Texas, USA, after being convicted of rape and murder.
1916	5	31	world	history	World War I: Battle of Jutland: The British Grand Fleet engages the High Seas Fleet in the largest naval battle of the war, which proves indecisive.
1916	7	14	world	history	World War I:   Battle of Delville Wood begins as an action within the Battle of the Somme, lasting until 3 September 1916.
1916	7	15	world	history	In Seattle, Washington, William Boeing and George Conrad Westervelt incorporate Pacific Aero Products (later renamed Boeing).
1916	7	19	world	history	World War I: Battle of Fromelles: British and Australian troops attack German trenches as part of the Battle of the Somme.
1916	7	22	world	history	Preparedness Day Bombing: In San Francisco, a bomb explodes on Market Street during a parade, killing ten and injuring 40.
1916	8	2	world	history	World War I: Austrian sabotage causes the sinking of the Italian battleship Leonardo da Vinci in Taranto.
1916	8	30	world	history	Ernest Shackleton completes the rescue of all of his men stranded on Elephant Island in Antarctica.
1916	11	5	world	history	The Kingdom of Poland is proclaimed by the Act of 5th November of the emperors of Germany and Austria-Hungary.
1916	11	13	world	history	World War I: Prime Minister of Australia Billy Hughes is expelled from the Labor Party over his support for conscription.
1916	12	6	world	history	World War I: The Central Powers capture Bucharest.
1917	1	9	world	history	World War I: The Battle of Rafa is fought near the Egyptian border with Palestine.
1917	2	5	world	history	The Congress of the United States passes the Immigration Act of 1917 over President Woodrow Wilson's veto.
1917	3	11	india	history	World War I: Mesopotamian campaign: Baghdad falls to Anglo-Indian forces commanded by General Frederick Stanley Maude.
1917	4	12	world	history	World War I: Canadian forces successfully complete the taking of Vimy Ridge from the Germans.
1917	7	2	world	history	In the leadup to the Battle of Aqaba, T. E. Lawrence and his Arab forces defeat a battalion of  Ottomans at Abu al-Lissan.
1917	7	27	world	history	World War I: The Allies reach the Yser Canal at the Battle of Passchendaele.
1917	7	31	world	history	World War I: The Battle of Passchendaele begins near Ypres in West Flanders, Belgium.
1917	8	28	world	history	Ten suffragists, members of the Silent Sentinels, are arrested while picketing the White House in favor of women's suffrage in the United States.
1917	10	13	world	history	The "Miracle of the Sun" is witnessed by an estimated 70,000 people in the Cova da Iria in Portugal.
1917	10	25	world	history	Old Style date of the October Revolution in Russia.
1917	11	5	world	history	Tikhon is elected the Patriarch of Moscow and of the Russian Orthodox Church.
1917	11	7	world	history	Russian Revolution (7 November)
1917	11	7	world	history	World War I: The Third Battle of Gaza ends, with British forces capturing Gaza from the Ottoman Empire.
1917	11	27	world	history	P. E. Svinhufvud becomes the chairman of his first senate, technically the first Prime Minister of Finland.
1917	12	2	world	history	World War I: Russia and the Central Powers sign an armistice at Brest-Litovsk, and peace talks leading to the Treaty of Brest-Litovsk begin.
1917	12	6	world	history	World War I: USS Jacob Jones is the first American destroyer to be sunk by enemy action when it is torpedoed by German submarine SM U-53.
1917	12	6	world	history	Halifax Explosion: A munitions explosion near Halifax, Nova Scotia kills more than 1,900 people in the largest artificial explosion up to that time.
1917	12	6	world	history	Finland declares independence from the Russian Empire.
1917	12	11	world	history	World War I: British General Edmund Allenby enters Jerusalem on foot and declares martial law.
1917	12	12	world	history	Father Edward J. Flanagan founds Boys Town as a farm village for wayward boys.
1917	12	20	world	history	Cheka, the first Soviet secret police force, is founded.
1918	1	8	world	history	U.S. President Woodrow Wilson announces his "Fourteen Points" as conditions for ending World War I.
1918	1	17	world	history	Finnish Civil War: The first serious battles take place between the Red Guards and the White Guard.
1918	1	24	world	history	The Gregorian calendar is introduced in Russia by decree of the Council of People's Commissars effective February 14 (New Style).
1918	1	26	world	history	Finnish Civil War: A group of Red Guards hangs a red lantern atop the tower of Helsinki Workers' Hall to symbolically mark the start of the war.
1918	1	28	world	history	Finnish Civil War: The Red Guard rebels seize control of the capital, Helsinki; members of the Senate of Finland go underground.
1918	1	29	world	history	Ukrainian–Soviet War: The Bolshevik Red Army, on its way to besiege Kyiv, is met by a small group of military students at the Battle of Kruty.
1918	1	31	world	history	Finnish Civil War: The Suinula massacre, which changes the nature of the war in a more hostile direction, takes place in Kangasala.
1918	2	3	world	history	The Twin Peaks Tunnel in San Francisco, California begins service as the longest streetcar tunnel in the world at 11,920 feet (3,630 meters) long.
1918	2	16	world	history	The Council of Lithuania unanimously adopts the Act of Independence, declaring Lithuania an independent state.
1918	2	25	world	history	World War I: German forces capture Tallinn to virtually complete the occupation of Estonia.
1918	3	30	world	history	Beginning of the bloody March Events in Baku and other locations of Baku Governorate.
1918	4	21	world	history	World War I: German fighter ace Manfred von Richthofen, better known as "The Red Baron", is shot down and killed over Vaux-sur-Somme in France.
1918	5	14	world	history	Cape Town Mayor, Sir Harry Hands, inaugurates the two-minute silence.
1918	5	15	world	history	The Finnish Civil War ends when the Whites take over Fort Ino, a Russian coastal artillery base on the Karelian Isthmus, from Russian troops.
1918	6	24	world	history	First airmail service in Canada from Montreal to Toronto.
1918	7	4	world	history	World War I: The Battle of Hamel, a successful attack by the Australian Corps against German positions near the town of Le Hamel on the Western Front.
1918	7	6	world	history	The Left SR uprising in Russia starts with the assassination of German ambassador Wilhelm von Mirbach by Cheka members.
1918	8	29	world	history	World War I: Bapaume taken by the New Zealand Division in the Hundred Days Offensive.
1918	9	19	world	history	The battle of Megiddo begins in which British forces attack the right flank of the Ottoman army during World War I.
1918	9	23	world	history	World War I: British forces capture Haifa, Acre, and Es Salt from the Ottoman Empire.
1918	9	25	world	history	World War I: The end of the Battle of Megiddo, the climax of the British Army's Sinai and Palestine campaign under General Edmund Allenby.
1918	9	30	world	history	Ukrainian War of Independence: Insurgent forces led by Nestor Makhno defeats the Central Powers at the battle of Dibrivka.
1918	10	8	world	history	World War I: Corporal Alvin C. York kills 28 German soldiers and captures 132, for which he was awarded the Medal of Honor.
1918	10	11	world	history	The 7.1 Mw San Fermín earthquake shakes Puerto Rico. The quake and resulting tsunami kill up to 116 people.
1918	10	28	world	history	World War I: A new Polish government in western Galicia is established, triggering the Polish–Ukrainian War.
1918	11	11	world	history	First World War ends (11 November)
1918	11	11	world	history	World War I: Germany signs an armistice agreement with the Allies in a railroad car in the forest of Compiègne.
1918	11	13	world	history	World War I: Allied troops occupy Constantinople, the capital of the Ottoman Empire.
1918	12	1	world	history	Transylvania unites with Romania, following the incorporation of Bessarabia (March 27) and Bukovina (November 28) and thus concluding the Great Union.
1918	12	17	world	history	Darwin Rebellion: Up to 1,000 demonstrators march on Government House in Darwin, Northern Territory, Australia.
1919	1	5	world	history	The German Workers' Party, which would become the Nazi Party, is founded in Munich.
1919	1	7	world	history	Montenegrin guerrilla fighters rebel against the planned annexation of Montenegro by Serbia, but fail.
1919	1	15	world	history	Great Molasses Flood: A wave of molasses released from an exploding storage tank sweeps through Boston, Massachusetts, killing 21 and injuring 150.
1919	1	22	world	history	Act Zluky is signed, unifying the Ukrainian People's Republic and the West Ukrainian National Republic.
1919	1	23	world	history	The First Regional Congress of Peasants, Workers and Insurgents is held by the Makhnovshchina at Velykomykhailivka.
1919	1	28	world	history	The Order of the White Rose of Finland is established by Baron Gustaf Mannerheim, the regent of Finland.
1919	2	5	world	science	Charlie Chaplin, Mary Pickford, Douglas Fairbanks, and D. W. Griffith launch United Artists.
1919	3	23	world	history	In Milan, Italy, Benito Mussolini founds his Fascist political movement.
1919	4	10	world	history	Mexican Revolution leader Emiliano Zapata is ambushed and shot dead by government forces in Morelos.
1919	4	10	world	history	The Third Regional Congress of Peasants, Workers and Insurgents is held by the Makhnovshchina at Huliaipole.
1919	4	13	india	history	Jallianwala Bagh massacre at Amritsar (13 April)
1919	5	11	world	history	Uruguay becomes a signatory to the Buenos Aires copyright treaty.
1919	5	27	world	history	The NC-4 aircraft arrives in Lisbon after completing the first transatlantic flight.
1919	6	2	world	history	Anarchists simultaneously set off bombs in eight separate U.S. cities.
1919	6	7	world	history	Sette Giugno: Nationalist riots break out in Valletta, the capital of Malta. British soldiers fire into the crowd, killing four people.
1919	6	11	world	history	Sir Barton wins the Belmont Stakes, becoming the first horse to win the U.S. Triple Crown.
1919	6	14	world	history	John Alcock and Arthur Whitten Brown depart from St. John's, Newfoundland on the first nonstop transatlantic flight.
1919	7	13	world	history	The British airship R34 lands in Norfolk, England, completing the first airship return journey across the Atlantic in 182 hours of flight.
1919	7	21	world	history	The dirigible Wingfoot Air Express crashes into the Illinois Trust and Savings Building in Chicago, killing 12 people.
1919	7	27	world	history	The Chicago Race Riot erupts after a racial incident occurred on a South Side beach, leading to 38 fatalities and 537 injuries over a five-day period.
1919	9	4	world	history	Mustafa Kemal Atatürk, who founded the Republic of Turkey, gathers a congress in Sivas to make decisions as to the future of Anatolia and Thrace.
1919	9	18	world	history	In the Netherlands, a law granting full voting rights to women is granted royal assent by Queen Wilhelmina.
1919	9	30	world	history	The Elaine massacre in Arkansas commences.
1919	10	3	world	history	Cincinnati Reds pitcher Adolfo Luque becomes the first Latin American player to appear in a World Series.
1919	10	9	world	history	The Cincinnati Reds win the World Series, resulting in the Black Sox Scandal.
1919	10	27	world	history	The Fourth Regional Congress of Peasants, Workers and Insurgents is held by the Makhnovshchina at Oleksandrivsk.
1919	10	28	world	history	The U.S. Congress passes the Volstead Act over President Woodrow Wilson's veto, paving the way for Prohibition to begin the following January.
1919	11	11	world	history	The Industrial Workers of the World attack an Armistice Day parade in Centralia, Washington, ultimately resulting in the deaths of five people.
1919	12	2	world	history	Ukrainian War of Independence: Ukrainian Bolsheviks attempt to assassinate Nestor Makhno as part of the Polonsky conspiracy.
1919	12	26	world	history	Babe Ruth of the Boston Red Sox is sold to the New York Yankees by owner Harry Frazee, allegedly establishing the Curse of the Bambino superstition.
1920	1	10	world	history	League of Nations Covenant automatically enters into force after the Treaty of Versailles is ratified by Germany.
1920	1	19	world	history	The United States Senate votes against joining the League of Nations.
1920	5	9	world	history	Polish–Soviet War: The Polish army under General Edward Rydz-Śmigły celebrates its capture of Kiev with a victory parade on Khreshchatyk.
1920	7	15	world	history	Aftermath of World War I: The Parliament of Poland establishes Silesian Voivodeship before the Polish-German plebiscite.
1920	8	1	india	history	Non-Cooperation Movement begins (1 August)
1920	8	10	world	history	World War I: Ottoman sultan Mehmed VI's representatives sign the Treaty of Sèvres that divides up the Ottoman Empire between the Allies.
1920	8	13	world	history	Polish–Soviet War: The Battle of Warsaw begins and will last till August 25. The Red Army is defeated.
1920	8	19	world	history	The Tambov Rebellion breaks out, in response to the Bolshevik policy of Prodrazvyorstka.
1920	9	23	world	history	The Louisiana hurricane dissipates over Kansas after forcing around 4,500 people to evacuate and causing $1.45 million in damages.
1920	9	29	world	history	Ukrainian War of Independence: The Ukrainian Soviet Socialist Republic agree to a truce with the Makhnovshchina.
1920	10	2	world	history	Ukrainian War of Independence: Mikhail Frunze orders the Red Army to immediately cease hostilities with the Revolutionary Insurgent Army of Ukraine.
1920	11	2	world	history	The Ocoee massacre commences in Orange County, Florida on the day of the 1920 United States presidential election.
1920	11	28	world	history	Irish War of Independence: Kilmichael Ambush: The Irish Republican Army ambush a convoy of British Auxiliaries and kill seventeen.
1921	1	2	world	history	World premiere of the science fiction play R.U.R. by the Czech writer Karel Čapek in a theater in Hradec Králové.
1921	1	9	world	history	Greco-Turkish War: The First Battle of İnönü, the first battle of the war, begins near Eskişehir in Anatolia.
1921	2	25	world	history	Georgian capital Tbilisi falls to the invading Russian forces after heavy fighting and the Russians declare the Georgian Soviet Socialist Republic.
1921	4	11	world	history	Emir Abdullah establishes the first centralised government in the newly created British protectorate of Transjordan.
1921	6	12	world	science	Mikhail Tukhachevsky orders the use of chemical weapons against the Tambov Rebellion, bringing an end to the peasant uprising.
1921	6	28	world	history	Serbian King Alexander I proclaims the new constitution of the Kingdom of Serbs, Croats and Slovenes, known thereafter as the Vidovdan Constitution.
1921	7	2	world	history	World War I: U.S. President Warren G. Harding signs the Knox–Porter Resolution formally ending the war between the United States and Germany.
1921	7	22	world	history	Rif War: The Spanish Army suffers its worst military defeat in modern times to the Berbers of the Rif region of Spanish Morocco.
1921	7	27	world	science	Researchers at the University of Toronto, led by biochemist Frederick Banting, prove that the hormone insulin regulates blood sugar.
1921	8	4	world	history	Bolshevik–Makhnovist conflict: Mikhail Frunze declares victory over the Makhnovshchina.
1921	8	14	world	history	Tannu Uriankhai, later Tuvan People's Republic is established as a completely independent country (which is supported by Soviet Russia).
1921	8	28	world	history	Russian Civil War: The Red Army dissolves the Makhnovshchina after driving the Revolutionary Insurgent Army out of Ukraine.
1921	9	8	world	history	Margaret Gorman, a 16-year-old, wins the Atlantic City Pageant's Golden Mermaid trophy; pageant officials later dubbed her the first Miss America.
1921	10	21	world	history	President Warren G. Harding delivers the first speech by a sitting U.S. president against lynching in the Deep South.
1921	11	11	world	history	The Tomb of the Unknowns is dedicated by U.S. President Warren G. Harding at Arlington National Cemetery.
1921	12	6	world	history	The Anglo-Irish Treaty is signed in London by British and Irish representatives.
1922	2	2	world	history	The uprising called the "pork mutiny" starts in the region between Kuolajärvi and Savukoski in Finland.
1922	2	5	india	history	Chauri Chaura incident; Gandhiji suspends Non-Cooperation (5 February)
1922	3	18	india	history	In India, Mohandas Gandhi is sentenced to six years in prison for civil disobedience, of which he serves only two.
1922	4	20	world	history	The Soviet government creates the South Ossetian Autonomous Oblast within the Georgian SSR.
1922	6	22	world	science	British Army Field Marshal Sir Henry Wilson is killed by the Irish Republican Army helping to spark the Irish Civil War.
1922	6	28	world	history	The Irish Civil War begins with the shelling of the Four Courts in Dublin by Free State forces.
1922	7	9	world	history	Johnny Weissmuller swims the 100 meters freestyle in 58.6 seconds, breaking the world swimming record and the 'minute barrier'.
1922	7	20	world	history	The League of Nations awards mandates of Togoland to France and Tanganyika to the United Kingdom.
1922	8	2	world	history	A typhoon hits Shantou, Republic of China, killing more than 50,000 people.
1922	8	4	world	history	Enver Pasha dies in a skirmish between the Bolshevik Red Army and Basmachi troops, to whom he had defected earlier.
1922	8	30	world	history	Battle of Dumlupınar: The final battle in the Greco-Turkish War (Turkish War of Independence).
1922	10	27	world	history	A referendum in Rhodesia rejects the country's annexation to the South African Union.
1922	10	28	world	history	Italian fascists led by Benito Mussolini march on Rome and take over the Italian government.
1922	11	1	world	history	Abolition of the Ottoman sultanate: The last sultan of the Ottoman Empire, Mehmed VI, abdicates.
1922	11	13	world	history	The United States Supreme Court upholds mandatory vaccinations for public school students in Zucht v. King.
1922	12	7	world	history	The Parliament of Northern Ireland votes to remain a part of the United Kingdom and not unify with Southern Ireland.
1923	1	1	world	history	Britain's Railways are grouped into the Big Four: LNER, GWR, SR, and LMS.
1923	1	9	world	history	Lithuanian residents of the Memel Territory rebel against the League of Nations' decision to leave the area as a mandated region under French control.
1923	1	11	world	history	Occupation of the Ruhr: Troops from France and Belgium occupy the Ruhr area to force Germany to make its World War I reparation payments.
1923	1	20	world	history	During the Irish Civil War the Irish Free State Army executes 10 members of the anti-treaty Irish Republican Army
1923	2	16	world	history	Howard Carter unseals the burial chamber of Pharaoh Tutankhamun.
1923	4	26	world	history	The Duke of York (the future King George VI) weds Lady Elizabeth Bowes-Lyon at Westminster Abbey.
1923	8	2	world	history	U.S. Vice President Calvin Coolidge becomes president upon the death of President Warren G. Harding.
1923	9	9	world	history	Mustafa Kemal Atatürk, the founder of the Republic of Turkey, founds the Republican People's Party.
1923	10	15	world	history	The German Rentenmark is introduced in Germany to counter hyperinflation in the Weimar Republic.
1923	11	11	world	history	Adolf Hitler is arrested in Munich for high treason for his role in the Beer Hall Putsch.
1923	11	23	world	history	Thousands of Irish Republicans end the 1923 Irish hunger strikes, five  die from starvation.
1924	1	22	world	history	Ramsay MacDonald becomes the first Labour Prime Minister of the United Kingdom.
1924	1	25	world	history	The 1924 Winter Olympics opens in Chamonix, in the French Alps, inaugurating the Winter Olympic Games.
1924	1	27	world	history	Six days after his death, Vladimir Lenin's body is carried into a specially erected mausoleum.
1924	2	8	world	history	The first state execution in the United States by gas chamber takes place in Nevada.
1924	4	13	world	history	A.E.K., a major Greek multi-sport club, is established in Athens by Greek refugees from Constantinople.
1924	5	10	world	history	J. Edgar Hoover is appointed first Director of the United States' Federal Bureau of Investigation (FBI), and remains so until his death in 1972.
1924	6	8	world	history	British Mount Everest expedition: British mountaineers Andrew Irvine and George Mallory go missing.
1924	8	28	world	history	The Georgian opposition stages the August Uprising against the Soviet Union.
1924	10	27	world	history	The Uzbek SSR is founded in the Soviet Union.
1924	12	20	world	history	Adolf Hitler is released from Landsberg Prison.
1925	1	30	world	history	The Government of Turkey expels Patriarch Constantine VI from Istanbul.
1925	2	2	world	history	Serum run to Nome: Dog sleds reach Nome, Alaska with diphtheria serum, inspiring the Iditarod race.
1925	3	18	india	history	The 1925 Tri-State tornado hits the Midwestern states of Missouri, Illinois, and Indiana, killing 695 people.
1925	5	14	world	history	Mrs Dalloway, one of Virginia Woolf's earliest and best-known novels, is published.
1925	5	16	world	history	The first modern performance of Claudio Monteverdi's opera Il ritorno d'Ulisse in patria occurred in Paris.
1925	5	25	world	history	Scopes Trial: John T. Scopes is indicted for teaching human evolution in Tennessee.
1925	6	6	world	history	The original Chrysler Corporation is founded by Walter Chrysler from the remains of the Maxwell Motor Company.
1925	7	21	world	history	Scopes Trial: In Dayton, Tennessee, high school biology teacher John T. Scopes is found guilty of teaching human evolution in class and fined $100.
1925	8	9	india	history	A train robbery takes place in Kakori, near Lucknow, India, by the Indian independence revolutionaries, against the British government.
1925	9	8	world	history	Rif War: Spanish forces including troops from the Foreign Legion under Colonel Francisco Franco landing at Al Hoceima, Morocco.
1925	11	5	world	history	Secret agent Sidney Reilly, the first "super-spy" of the 20th century, is executed by the OGPU, the secret police of the Soviet Union.
1925	12	11	world	history	Roman Catholic papal encyclical Quas primas introduces the Feast of Christ the King.
1926	4	21	world	history	Al-Baqi cemetery, former site of the mausoleum of four Shi'a Imams, is leveled to the ground by Wahhabis.
1926	5	28	world	history	The 28 May 1926 coup d'état: Ditadura Nacional is established in Portugal to suppress the unrest of the First Republic.
1926	6	19	world	history	King Roger, an opera about Roger II of Sicily by Karol Szymanowski, is premiered at the Grand Theatre in Warsaw.
1926	6	28	world	history	Mercedes-Benz is formed by Gottlieb Daimler and Karl Benz merging their two companies.
1926	9	8	world	history	Germany is admitted to the League of Nations.
1926	9	18	world	history	A hurricane devastates Miami, Florida, killing 372 people.
1926	9	19	world	history	Football stadium San Siro is inaugurated in Milan, Italy
1926	12	17	world	history	Antanas Smetona assumes power in Lithuania as the 1926 coup d'état is successful.
1927	0	0	india	history	Simon Commission appointed; boycott follows
1927	1	22	world	history	Teddy Wakelam gives the first live radio commentary of a football match, between Arsenal F.C. and Sheffield United at Highbury.
1927	2	3	world	history	A revolt against the military dictatorship of Portugal breaks out at Porto.
1927	3	11	world	history	In New York City, Samuel Roxy Rothafel opens the Roxy Theatre.
1927	4	12	world	history	Shanghai massacre of 1927: Chiang Kai-shek orders the Chinese Communist Party members executed in Shanghai, ending the First United Front.
1927	4	19	world	history	Mae West is sentenced to ten days in jail for obscenity for her play Sex.
1927	4	27	world	history	Carabineros de Chile (Chilean national police force and gendarmerie) are created.
1927	5	27	world	history	The Ford Motor Company ceases manufacture of the Ford Model T and begins to retool plants to make the Ford Model A.
1927	8	7	world	history	The Peace Bridge opens between Fort Erie, Ontario and Buffalo, New York.
1927	8	19	world	history	Patriarch Sergius of Moscow proclaims the declaration of loyalty of the Russian Orthodox Church to the Soviet Union.
1927	11	12	world	history	Leon Trotsky is expelled from the Soviet Communist Party, leaving Joseph Stalin in undisputed control of the Soviet Union.
1927	11	13	world	history	The Holland Tunnel opens to traffic as the first Hudson River vehicle tunnel linking New Jersey to New York City.
1927	12	2	world	history	Following 19 years of Ford Model T production, the Ford Motor Company unveils the Ford Model A as its new automobile.
1927	12	27	world	history	Kern and Hammerstein's musical play Show Boat, considered to be the first true American musical play, opens at the Ziegfeld Theatre on Broadway.
1928	0	0	world	science	Alexander Fleming notices penicillin (September)
1928	1	31	world	history	Leon Trotsky is exiled to Alma-Ata.
1928	2	28	india	science	C. V. Raman discovers the Raman effect (28 February)
1928	6	8	world	history	Second Northern Expedition: The National Revolutionary Army captures Beijing, whose name is changed to Beiping ("Northern Peace").
1928	7	7	world	science	Sliced bread is sold for the first time (on the inventor's 48th birthday) by the Chillicothe Baking Company of Chillicothe, Missouri.
1928	10	15	world	history	The airship Graf Zeppelin completes its first trans-Atlantic flight, landing at Lakehurst, New Jersey, United States.
1928	10	28	world	history	Indonesia Raya, now the national anthem of Indonesia, is first played during the Second Indonesian Youth Congress.
1928	11	1	world	history	The Law on the Adoption and Implementation of the Turkish Alphabet, replaces the Arabic alphabet with the Latin alphabet.
1928	11	17	india	history	Lala Lajpat Rai dies after a lathi charge (17 November)
1929	0	0	india	history	Lahore Congress demands Purna Swaraj (December)
1929	1	6	world	history	King Alexander of the Serbs, Croats and Slovenes suspends his country's constitution, starting the January 6th Dictatorship.
1929	2	9	world	history	Members of the Việt Nam Quốc Dân Đảng assassinate the labor recruiter Bazin, prompting a crackdown by French colonial authorities.
1929	2	26	world	history	President Calvin Coolidge signs legislation establishing the 96,000 acres (390 km2) Grand Teton National Park in Wyoming.
1929	4	6	world	history	Huey P. Long, Governor of Louisiana, is impeached by the Louisiana House of Representatives.
1929	4	14	world	history	The inaugural Monaco Grand Prix takes place in the Principality of Monaco. William Grover-Williams wins driving a Bugatti Type 35.
1929	5	15	world	history	A fire at the Cleveland Clinic in Cleveland, Ohio kills 123.
1929	5	16	world	history	In Hollywood, the first Academy Awards ceremony takes place.
1929	6	8	world	history	Margaret Bondfield is appointed Minister of Labour. She is the first woman appointed to the Cabinet of the United Kingdom.
1929	10	24	world	history	Wall Street Crash begins the Great Depression (24 October)
1929	12	27	world	history	Soviet General Secretary Joseph Stalin orders the "liquidation of the kulaks as a class".
1930	2	3	world	history	The Communist Party of Vietnam is founded at a "Unification Conference" held in Kowloon, British Hong Kong.
1930	2	18	world	science	While studying photographs taken in January, Clyde Tombaugh discovers Pluto.
1930	2	18	world	history	Elm Farm Ollie becomes the first cow to fly in a fixed-wing aircraft and also the first cow to be milked in an aircraft.
1930	3	12	india	history	Dandi March / Salt Satyagraha (12 March to 6 April)
1930	4	6	world	history	At the end of the Salt March, Gandhi raises a lump of mud and salt and declares, "With this, I am shaking the foundations of the British Empire."
1930	4	22	world	history	The United Kingdom, Japan and the United States sign the London Naval Treaty regulating submarine warfare and limiting shipbuilding.
1930	4	28	world	history	The Independence Producers host the first night game in the history of Organized Baseball in Independence, Kansas.
1930	5	27	world	history	The 1,046 feet (319 m) Chrysler Building in New York City, the tallest man-made structure at the time, opens to the public.
1930	7	13	world	history	The inaugural FIFA World Cup begins in Uruguay.
1930	7	30	world	history	In Montevideo, Uruguay wins the first FIFA World Cup by beating Argentina.
1930	11	11	world	science	Patent number US1781541 is awarded to Albert Einstein and Leó Szilárd for their invention, the Einstein refrigerator.
1931	3	23	india	history	Gandhi-Irwin Pact; Bhagat Singh, Sukhdev and Rajguru hanged (23 March)
1931	6	23	world	history	Wiley Post and Harold Gatty take off from Roosevelt Field, Long Island in an attempt to circumnavigate the world in a single-engine plane.
1931	8	5	world	history	Judge and Nazi Party member Werner Best drafts the Boxheim Documents, which described a violent takeover of the government by the NSDAP.
1931	10	21	world	science	A secret society in the Imperial Japanese Army launches an abortive coup d'état attempt.
1932	0	0	world	science	James Chadwick discovers the neutron
1932	1	21	world	history	Finland and the Soviet Union sign a non-aggression treaty.
1932	1	25	world	history	Second Sino-Japanese War: The Chinese National Revolutionary Army begins the defense of Harbin.
1932	1	25	world	history	Alt Llobregat insurrection suppressed in Central Catalonia, Spain.
1932	2	4	world	history	Second Sino-Japanese War: Harbin, Manchuria, falls to Japan.
1932	2	27	world	history	The Mäntsälä rebellion begins when members of the far-right Lapua Movement start shooting at the social democrats' event in Mäntsälä, Finland.
1932	4	5	world	history	Dominion of Newfoundland: Ten thousand rioters seize the Colonial Building leading to the end of self-government.
1932	5	15	world	history	In an attempted coup d'état, the Prime Minister of Japan, Inukai Tsuyoshi, is assassinated.
1932	5	20	world	history	The American Friends of Lafayette is founded at Lafayette College in Easton, Pennsylvania
1932	5	28	world	history	In the Netherlands, construction of the Afsluitdijk is completed and the Zuiderzee bay is converted to the freshwater IJsselmeer.
1932	6	24	world	history	A bloodless revolution instigated by the People's Party ends the absolute power of King Prajadhipok of Siam (now Thailand).
1932	7	9	world	history	The state of São Paulo revolts against the Brazilian Federal Government, starting the Constitutionalist Revolution.
1932	7	30	world	history	Premiere of Walt Disney's Flowers and Trees, the first cartoon short to use Technicolor and the first Academy Award winning cartoon short.
1932	8	2	world	science	The positron (antiparticle of the electron) is discovered by Carl D. Anderson.
1932	9	17	world	history	A speech by Laureano Gómez leads to the escalation of the Leticia Incident.
1932	9	18	world	science	The body of actress Peg Entwistle is discovered by police, two days after her suicide by jumping off of the Hollywoodland sign.
1932	9	29	world	history	Last day of the Battle of Boquerón between Paraguay and Bolivia during the Chaco War.
1932	10	25	world	history	George Lansbury became the leader of the opposition British Labour Party.
1932	12	7	world	science	German-born Swiss physicist Albert Einstein is granted an American visa.
1933	1	8	world	history	Anarchist insurrection of January 1933 breaks out in Barcelona, Spain.
1933	1	12	world	history	Casas Viejas incident: 22 peasants killed by the Security and Assault Corps in Casas Viejas, Spain.
1933	2	5	world	history	Mutiny on Royal Netherlands Navy warship HNLMS De Zeven Provinciën off the coast of Sumatra, Dutch East Indies.
1933	2	25	world	science	Launch of the USS Ranger at Newport News, Virginia. It is the first purpose-built aircraft carrier to be commissioned by the US Navy.
1933	3	4	world	history	The Parliament of Austria is suspended because of a quibble over procedure – Chancellor Engelbert Dollfuss initiates an authoritarian rule by decree.
1933	3	4	world	history	Franklin D. Roosevelt is inaugurated as the 32nd President of the United States.
1933	3	23	world	history	The Reichstag passes the Enabling Act of 1933, making Adolf Hitler dictator of Germany.
1933	4	4	world	history	U.S. Navy airship USS Akron is wrecked off the New Jersey coast due to severe weather.
1933	4	26	world	history	The Gestapo, the official secret police force of Nazi Germany, is established by Hermann Göring.
1933	5	6	world	history	The Deutsche Studentenschaft attack Magnus Hirschfeld's Institut für Sexualwissenschaft, later burning many of its books.
1933	5	10	world	history	Censorship: In Germany, the Nazis stage massive public book burnings.
1933	5	25	world	history	The Walt Disney Company cartoon Three Little Pigs premieres at Radio City Music Hall, featuring the hit song "Who's Afraid of the Big Bad Wolf?"
1933	5	27	world	history	New Deal: The U.S. Federal Securities Act is signed into law requiring the registration of securities with the Federal Trade Commission.
1933	6	6	world	history	The first drive-in theater opens in Camden, New Jersey.
1933	7	6	world	history	The first Major League Baseball All-Star Game is played in Chicago's Comiskey Park. The American League defeated the National League 4–2.
1933	7	14	world	history	In a decree called the Gleichschaltung, Adolf Hitler abolishes all German political parties except the Nazis.
1933	11	12	world	history	Nazi Germany uses a referendum to ratify its withdrawal from the League of Nations.
1933	12	17	world	history	The first NFL Championship Game is played at Wrigley Field in Chicago between the New York Giants and Chicago Bears. The Bears win 23–21.
1934	1	15	world	history	The 8.0 Mw Nepal–Bihar earthquake strikes Nepal and Bihar with a maximum Mercalli intensity of XI (Extreme), killing an estimated 6,000–10,700 people.
1934	2	9	world	history	The Balkan Entente is formed between Greece, Romania, Yugoslavia, and Turkey.
1934	2	16	world	history	The Austrian Civil War ends with the defeat of the Social Democrats and the Republikanischer Schutzbund.
1934	3	24	world	history	The Tydings–McDuffie Act is passed by the United States Congress, allowing the Philippines to become a self-governing commonwealth.
1934	4	12	world	history	The U.S. Auto-Lite strike begins, culminating in a five-day melee between Ohio National Guard troops and 6,000 strikers and picketers.
1934	5	15	world	history	A self coup by prime minister Kārlis Ulmanis succeeds in Latvia, suspending its constitution and dissolving its Saeima.
1934	5	28	world	history	Near Callander, Ontario, Canada, the Dionne quintuplets are born to Oliva and Elzire Dionne; they will be the first quintuplets to survive infancy.
1934	6	19	world	history	The Communications Act of 1934 establishes the United States' Federal Communications Commission (FCC).
1934	7	2	world	history	The Night of the Long Knives ends after three days of killings.
1934	8	2	world	history	Reichskanzler Adolf Hitler becomes Führer of Germany following the death of President Paul von Hindenburg.
1934	8	19	world	history	The German referendum of 1934 approves Adolf Hitler's appointment as head of state with the title of Führer.
1934	10	9	world	science	An Ustashe assassin kills King Alexander I of Yugoslavia and Louis Barthou, Foreign Minister of France, in Marseille.
1934	12	21	world	history	Lieutenant Kijé, one of Sergei Prokofiev's best-known works, premiered.
1935	0	0	india	history	Government of India Act, 1935
1935	1	7	world	history	Benito Mussolini and French Foreign Minister Pierre Laval sign the Franco-Italian Agreement.
1935	1	11	world	history	Amelia Earhart becomes the first person to fly solo from Hawaii to California.
1935	2	26	world	history	Adolf Hitler orders the Luftwaffe to be re-formed, violating the provisions of the Treaty of Versailles.
1935	2	26	world	history	Robert Watson-Watt carries out a demonstration near Daventry which leads directly to the development of radar in the United Kingdom.
1935	5	31	world	history	A 7.7 Mw earthquake destroys Quetta in modern-day Pakistan killing 40,000.
1935	6	10	world	history	Dr. Robert Smith takes his last drink, and Alcoholics Anonymous is founded in Akron, Ohio, United States, by him and Bill Wilson.
1935	6	10	world	history	Chaco War ends: A truce is called between Bolivia and Paraguay who had been fighting since 1932.
1935	6	12	world	history	A ceasefire is negotiated between Bolivia and Paraguay, ending the Chaco War.
1935	7	20	world	history	Switzerland: A Royal Dutch Airlines plane en route from Milan to Frankfurt crashes into a Swiss mountain, killing thirteen.
1935	7	24	world	history	The Dust Bowl heat wave reaches its peak, sending temperatures to 109 °F (43 °C) in Chicago and 104 °F (40 °C) in Milwaukee.
1935	10	20	world	history	The Long March, a mammoth retreat undertaken by the armed forces of the Chinese Communist Party a year prior, ends.
1935	11	22	world	history	The China Clipper inaugurates the first commercial transpacific air service, connecting Alameda, California with Manila.
1935	12	12	world	history	The Lebensborn Project, a Nazi reproduction program, is founded by Heinrich Himmler.
1935	12	27	world	history	Regina Jonas is ordained as the first female rabbi in the history of Judaism.
1936	1	29	world	history	The first inductees into the Baseball Hall of Fame are announced.
1936	4	5	world	history	Tupelo–Gainesville tornado outbreak: An F5 tornado kills 233 in Tupelo, Mississippi.
1936	5	9	world	history	Italy formally annexes Ethiopia after taking the capital Addis Ababa on May 5.
1936	6	11	world	science	Inventor Edwin Armstrong demonstrates FM broadcasting to an audience of engineers at the FCC in Washington, DC.
1936	7	22	world	history	Spanish Civil War: The Popular Executive Committee of Valencia takes power in the Valencian Community.
1936	7	23	world	history	In Catalonia, Spain, the Unified Socialist Party of Catalonia is founded through the merger of Socialist and Communist parties.
1936	7	26	world	history	Spanish Civil War: Germany and Italy decide to intervene in the war in support for Francisco Franco and the Nationalist faction.
1936	7	26	world	history	King Edward VIII, in one of his few official duties before he abdicates the throne, officially unveils the Canadian National Vimy Memorial.
1936	8	1	world	history	The Olympics open in Berlin with a ceremony presided over by Adolf Hitler.
1936	8	3	world	history	A fire wipes out Kursha-2 in the Meshchera Lowlands, Ryazan Oblast, Russia, killing 1,200 and leaving only 20 survivors.
1936	8	3	world	history	Jesse Owens wins the 100 metre dash, defeating Ralph Metcalfe, at the Berlin Olympics.
1936	8	4	world	history	Prime Minister of Greece Ioannis Metaxas suspends parliament and the Constitution and establishes the 4th of August Regime.
1936	8	14	world	history	Rainey Bethea is hanged in Owensboro, Kentucky in the last known public execution in the United States.
1936	8	19	world	history	The Great Purge of the Soviet Union begins when the first of the Moscow Trials is convened.
1936	8	28	world	history	Nazi Germany begins its mass arrests of Jehovah's Witnesses, who are interned in concentration camps.
1936	9	4	world	history	Spanish Civil War: Largo Caballero forms a war cabinet to direct the republican war effort.
1936	9	14	world	history	Raoul Villain, who assassinated the French Socialist Jean Jaurès, is himself killed by Spanish Republicans in Ibiza.
1936	11	6	world	history	Spanish Civil War: The republican government flees from Madrid to Valencia, leading to the formation of the Madrid Defense Council in its stead.
1936	11	7	world	history	Spanish Civil War: The Madrid Defense Council is formed to coordinate the Defense of Madrid against nationalist forces.
1936	12	7	world	history	Australian cricketer Jack Fingleton becomes the first player to score centuries in four consecutive Test innings.
1936	12	12	world	history	The beginning of Xi'an incident. As a result, Chiang Kai Shek is captured.
1937	1	15	world	history	Spanish Civil War: Nationalists and Republicans both withdraw after suffering heavy losses, ending the Second Battle of the Corunna Road.
1937	1	25	world	history	The Guiding Light debuts on NBC radio from Chicago. In 1952 it moves to CBS television, where it remains until September 18, 2009.
1937	2	8	world	history	Spanish Civil War: Republican forces establish the Interprovincial Council of Santander, Palencia and Burgos in Cantabria.
1937	2	16	world	history	Wallace H. Carothers receives a United States patent for nylon.
1937	3	18	world	history	Spanish Civil War: Spanish Republican forces defeat the Italians at the Battle of Guadalajara.
1937	4	12	world	history	Sir Frank Whittle ground-tests the first jet engine designed to power an aircraft, at Rugby, England.
1937	4	26	world	history	Spanish Civil War: Guernica, Spain, is bombed by the German Condor Legion and the Italian Aviazione Legionaria.
1937	4	28	world	science	South African medical researcher Max Theiler develops the yellow fever vaccine at the Rockefeller Foundation in New York City.
1937	5	12	world	history	King George VI and Queen Elizabeth of the United Kingdom are crowned in Westminster Abbey.
1937	5	27	world	history	In California, the Golden Gate Bridge opens to pedestrian traffic, creating a vital link between San Francisco and Marin County, California.
1937	6	11	world	history	Great Purge: The Soviet Union under Joseph Stalin executes eight army leaders.
1937	6	14	world	history	Pennsylvania becomes the first (and only) state of the United States to celebrate Flag Day officially as a state holiday.
1937	7	29	world	history	Tongzhou mutiny: In Tongzhou, China, the East Hebei Army attacks Japanese troops and civilians.
1937	8	10	world	history	Spanish Civil War: The Regional Defence Council of Aragon is dissolved by the Second Spanish Republic.
1937	8	24	world	history	Spanish Civil War: the Basque Army surrenders to the Italian Corpo Truppe Volontarie following the Santoña Agreement.
1937	9	25	world	history	Second Sino-Japanese War: The Chinese Eighth Route Army gains a minor, but morale-boosting victory in the Battle of Pingxingguan.
1937	10	2	world	history	Rafael Trujillo orders the execution of Haitians living in the border region of the Dominican Republic.
1937	10	9	world	history	Murder of 9 Catholic priests in Zhengding, China, who protected the local population from the advancing Japanese army.
1937	10	11	world	history	The Duke and Duchess of Windsor tour Nazi Germany for 12 days and meet Adolf Hitler on 22 October.
1937	10	26	world	history	Nazi Germany begins expulsions of 18,000 Polish Jews.
1937	11	1	world	history	Stalinists execute Pastor Paul Hamberg and seven members of Azerbaijan's Lutheran community.
1937	12	11	world	history	Second Italo-Ethiopian War: Italy leaves the League of Nations.
1937	12	12	world	history	Second Sino-Japanese War: USS Panay incident: Japanese aircraft bomb and sink U.S. gunboat USS Panay on the Yangtze river in China.
1938	3	3	world	science	Oil is discovered in Saudi Arabia.
1938	4	18	world	history	Superman debuts in Action Comics #1 (cover dated June 1938).
1938	7	3	world	history	United States President Franklin D. Roosevelt dedicates the Eternal Light Peace Memorial and lights the eternal flame at Gettysburg Battlefield.
1938	7	3	world	history	World speed record for a steam locomotive is set in England, by the Mallard, which reaches a speed of 125.88 miles per hour (202.58 km/h).
1938	7	28	world	history	Hawaii Clipper disappears between Guam and Manila as the first loss of an airliner in trans-Pacific China Clipper service.
1938	7	31	world	history	Bulgaria signs a non-aggression pact with Greece and other states of Balkan Antanti (Turkey, Romania, Yugoslavia).
1938	7	31	world	science	Archaeologists discover engraved gold and silver plates from King Darius the Great in Persepolis.
1938	12	17	world	science	Otto Hahn discovers the nuclear fission of the heavy element uranium, the scientific and technological basis of nuclear energy.
1939	1	24	world	history	The deadliest earthquake in Chilean history strikes Chillán, killing approximately 28,000 people.
1939	1	26	world	history	Spanish Civil War: Catalonia Offensive: Troops loyal to nationalist General Francisco Franco and aided by Italy take Barcelona.
1939	1	30	world	history	During a speech in the Reichstag, Adolf Hitler makes a prediction about the end of the Jewish race in Europe if another world war were to occur.
1939	2	25	world	history	As part of British air raid precautions, the first of 2.5 million Anderson shelters is constructed in a garden in Islington, north London.
1939	3	3	india	history	In Bombay, Mohandas Gandhi begins a hunger strike in protest at the autocratic rule in British India.
1939	4	7	world	history	Benito Mussolini declares an Italian protectorate over Albania and forces King Zog I into exile.
1939	5	21	world	history	The Canadian National War Memorial is unveiled by King George VI and Queen Elizabeth in Ottawa, Ontario, Canada.
1939	6	12	world	history	Shooting begins on Paramount Pictures' Dr. Cyclops, the first horror film photographed in three-strip Technicolor.
1939	8	2	world	science	Albert Einstein and Leo Szilard write a letter to Franklin D. Roosevelt, urging him to begin the Manhattan Project to develop a nuclear weapon.
1939	8	5	world	history	The Thirteen Roses: Thirteen female members of the Unified Socialist Youth are executed by Francoist forces in Madrid, Spain.
1939	9	1	world	history	Second World War begins (1 September)
1939	9	1	world	history	World War II: Germany and Slovakia invade Poland, beginning the European phase of World War II.
1939	9	2	world	history	World War II: Following the start of the invasion of Poland the previous day, the Free City of Danzig (now Gdańsk, Poland) is annexed by Nazi Germany.
1939	9	9	world	history	World War II: The Battle of Hel begins, the longest-defended pocket of Polish Army resistance during the German invasion of Poland.
1939	9	9	world	history	Burmese national hero U Ottama dies in prison after a hunger strike to protest Britain's colonial government.
1939	9	17	world	history	World War II: The Soviet invasion of Poland begins.
1939	9	17	world	history	World War II: German submarine U-29 sinks the British aircraft carrier HMS Courageous.
1939	9	18	world	history	World War II: The Polish government of Ignacy Mościcki flees to Romania.
1939	9	19	world	history	World War II: The Battle of Kępa Oksywska concludes, with Polish losses reaching roughly 14% of all the forces engaged.
1939	9	30	world	history	World War II: General Władysław Sikorski becomes prime minister of the Polish government-in-exile.
1939	10	8	world	history	World War II: Germany annexes western Poland.
1939	10	14	world	history	World War II: The German submarine U-47 sinks the British battleship HMS Royal Oak within her harbour at Scapa Flow, Scotland.
1939	11	23	world	history	World War II: HMS Rawalpindi is sunk by the German battleships Scharnhorst and Gneisenau.
1939	12	6	world	history	Winter War: The Red Army's advance on the Karelian Isthmus is stopped by Finns at the Mannerheim Line during the Battle of Taipale.
1939	12	12	world	history	Winter War: The Battle of Tolvajärvi, also known as the first major Finnish victory in the Winter War, begins.
1939	12	12	world	history	HMS Duchess sinks after a collision with HMS Barham off the coast of Scotland with the loss of 124 men.
1939	12	17	world	history	World War II: Battle of the River Plate: The Admiral Graf Spee is scuttled by Captain Hans Langsdorff outside Montevideo.
1939	12	27	world	history	The 7.8 Mw Erzincan earthquake shakes eastern Turkey with a maximum Mercalli intensity of XI (Extreme). At least 32,700 people were killed.
1939	12	27	world	history	Winter War: Finland holds off a Soviet attack in the Battle of Kelja.
1940	2	27	world	science	Martin Kamen and Sam Ruben discover carbon-14.
1940	3	3	world	history	Five people are killed in an arson attack on the offices of the communist newspaper Flamman in Luleå, Sweden.
1940	3	30	world	history	Second Sino-Japanese War: Japan declares Nanking capital of a new Chinese puppet government, nominally controlled by Wang Jingwei.
1940	4	7	world	history	Booker T. Washington becomes the first African American to be depicted on a United States postage stamp.
1940	4	14	world	history	World War II: Royal Marines land in Namsos, Norway, preceding a larger force which will arrive two days later.
1940	5	6	world	history	John Steinbeck is awarded the Pulitzer Prize for his novel The Grapes of Wrath.
1940	5	27	world	history	World War II: In the Le Paradis massacre, 99 soldiers from a Royal Norfolk Regiment unit are shot after surrendering to German troops; two survive.
1940	5	28	world	history	World War II: Belgium surrenders to Nazi Germany to end the Battle of Belgium.
1940	6	7	world	history	King Haakon VII, Crown Prince Olav and the Norwegian government leave Tromsø and go into exile in London. They return exactly five years later.
1940	6	8	world	history	World War II: The completion of Operation Alphabet, the evacuation of Allied forces from Narvik at the end of the Norwegian campaign.
1940	6	12	world	history	World War II: Thirteen thousand British and French troops surrender to General Erwin Rommel at Saint-Valery-en-Caux.
1940	6	18	world	history	World War II: Appeal of 18 June by Charles de Gaulle.
1940	6	23	world	history	Henry Larsen begins the first successful west-to-east navigation of Northwest Passage from Vancouver, British Columbia, Canada.
1940	6	24	world	history	World War II: Operation Collar, the first British Commando raid on occupied France, by No 11 Independent Company.
1940	6	28	world	history	Romania cedes Bessarabia and Northern Bukovina to the Soviet Union after facing an ultimatum.
1940	7	20	world	history	California opens its first freeway, the Arroyo Seco Parkway.
1940	7	27	world	history	The animated short A Wild Hare is released, introducing the character of Bugs Bunny.
1940	8	3	world	history	World War II: Italian forces begin the invasion of British Somaliland.
1940	8	5	world	history	World War II: The Soviet Union formally annexes Latvia.
1940	8	6	world	history	Estonia is annexed by the Soviet Union.
1940	9	17	world	history	World War II: Due to setbacks in the Battle of Britain and approaching autumn weather, Hitler postpones Operation Sea Lion.
1940	9	29	world	history	Two Avro Ansons collide in mid-air over New South Wales, Australia, remain locked together, then land safely.
1940	10	7	world	history	World War II: The McCollum memo proposes bringing the United States into the war in Europe by provoking the Japanese to attack the United States.
1940	10	15	world	history	President Lluís Companys of Catalonia is executed by the Francoist government.
1940	10	21	world	history	The first edition of the Ernest Hemingway novel For Whom the Bell Tolls is published.
1940	10	28	world	history	World War II: Greece rejects Italy's ultimatum. Italy invades Greece through Albania a few hours later.
1940	11	5	world	history	World War II: The British armed merchant cruiser HMS Jervis Bay is sunk by the German pocket battleship Admiral Scheer.
1940	11	11	world	science	World War II: In the Battle of Taranto, the Royal Navy launches the first all-aircraft ship-to-ship naval attack in history.
1940	11	11	world	history	World War II: The German auxiliary cruiser Atlantis captures top secret British mail from the Automedon, and sends it to Japan.
1940	11	12	world	history	World War II: The Battle of Gabon ends as Free French Forces take Libreville, Gabon, and all of French Equatorial Africa from Vichy French forces.
1940	11	13	world	history	Walt Disney's animated musical film Fantasia is first released at New York's Broadway Theatre, on the first night of a roadshow.
1940	11	16	world	history	World War II: In response to the leveling of Coventry by the German Luftwaffe two days before, the Royal Air Force bombs Hamburg.
1940	11	16	world	history	The Holocaust: In occupied Poland, the Nazis close off the Warsaw Ghetto from the outside world.
1940	11	16	world	history	New York City's "Mad Bomber" George Metesky places his first bomb at a Manhattan office building used by Consolidated Edison.
1940	11	22	world	history	World War II: Following the initial Italian invasion, Greek troops counterattack into Italian-occupied Albania and capture Korytsa.
1940	11	23	world	history	World War II: Romania becomes a signatory of the Tripartite Pact, officially joining the Axis powers.
1940	11	24	world	history	World War II: The First Slovak Republic becomes a signatory to the Tripartite Pact, officially joining the Axis powers.
1940	11	27	world	history	World War II: At the Battle of Cape Spartivento, the Royal Navy engages the Regia Marina in the Mediterranean Sea.
1940	11	27	world	history	In Romania, the ruling Iron Guard fascist party assassinates over 60 of arrested King Carol II of Romania's aides and other political dissidents.
1940	12	20	world	history	Captain America Comics #1, containing the first appearance of the superhero Captain America, is published.
1941	1	2	world	history	World War II: The Cardiff Blitz severely damages the cathedral in Cardiff, Wales.
1941	1	6	world	history	United States President Franklin D. Roosevelt delivers his Four Freedoms speech in the State of the Union address.
1941	1	10	world	history	World War II: The Greek army captures Kleisoura.
1941	1	17	world	history	Franco-Thai War: Vichy French forces inflict a decisive defeat over the Royal Thai Navy.
1941	1	20	world	history	A German officer is killed in Bucharest, Romania, sparking a rebellion and pogrom by the Iron Guard, killing 125 Jews and 30 soldiers.
1941	1	22	world	history	World War II: British and Commonwealth troops capture Tobruk from Italian forces during Operation Compass.
1941	1	23	world	history	Charles Lindbergh testifies before the U.S. Congress and recommends that the United States negotiate a neutrality pact with Adolf Hitler.
1941	1	25	world	history	Pope Pius XII elevates the Apostolic Vicariate of the Hawaiian Islands to the dignity of a diocese. It becomes the Roman Catholic Diocese of Honolulu.
1941	2	5	world	history	World War II: Allied forces begin the Battle of Keren to capture Keren, Eritrea.
1941	2	9	world	history	World War II: Bombing of Genoa: The Cathedral of San Lorenzo in Genoa, Italy, is struck by a bomb which fails to detonate.
1941	3	4	world	science	World War II: The United Kingdom launches Operation Claymore on the Lofoten Islands, the first large-scale British Commando raid.
1941	4	6	world	science	World War II: Nazi Germany launches Operation 25 (the invasion of Kingdom of Yugoslavia) and Operation Marita (the invasion of Greece).
1941	4	10	world	history	World War II: The Axis powers establish the Independent State of Croatia.
1941	5	6	world	history	At California's March Field, Bob Hope performs his first USO show.
1941	5	10	world	history	World War II: The House of Commons in London is damaged by the Luftwaffe in an air raid.
1941	5	20	world	history	World War II: Battle of Crete: German paratroops invade Crete.
1941	5	30	world	history	World War II: Manolis Glezos and Apostolos Santas climb the Athenian Acropolis and tear down the German flag.
1941	5	31	world	history	Anglo-Iraqi War: The United Kingdom completes the re-occupation of Iraq and returns 'Abd al-Ilah to power as regent for Faisal II.
1941	6	1	world	history	World War II: The Battle of Crete ends as Crete capitulates to Germany.
1941	6	2	world	history	World War II: German paratroopers murder Greek civilians in the villages of Kondomari and Alikianos.
1941	6	8	world	history	World War II: The Allies commence the Syria–Lebanon Campaign against the possessions of Vichy France in the Levant.
1941	6	22	world	history	World War II: Nazi Germany invades the Soviet Union in Operation Barbarossa.
1941	6	25	world	history	World War II: The Continuation War between the Soviet Union and Finland, supported by Nazi Germany, began.
1941	6	27	world	science	Romanian authorities launch one of the most violent pogroms in Jewish history in the city of Iași, resulting in the murder of at least 13,266 Jews.
1941	6	27	world	history	World War II: German troops capture the city of Białystok during Operation Barbarossa.
1941	7	4	world	science	Nazi crimes against the Polish nation: Nazi troops massacre Polish scientists and writers in the captured Ukrainian city of Lviv.
1941	7	6	world	science	World War II: The German army launches its offensive to encircle several Soviet armies near Smolensk.
1941	7	13	world	history	World War II: Montenegrins begin the Trinaestojulski ustanak (Thirteenth of July Uprising), a popular revolt against the Axis powers.
1941	7	20	world	history	Soviet leader Joseph Stalin consolidates the Commissariats of Home Affairs and National Security to form the NKVD and names Lavrentiy Beria its chief.
1941	7	31	world	history	World War II: The Battle of Smolensk concludes with Germany capturing about 300,000 Soviet Red Army prisoners.
1941	8	14	world	history	World War II: Winston Churchill and Franklin D. Roosevelt sign the Atlantic Charter of war stating postwar aims.
1941	8	19	world	history	Germany and Romania sign the Tiraspol Agreement, rendering the region of Transnistria under control of the latter.
1941	8	29	world	history	World War II: Tallinn, the capital of Estonia, is occupied by Nazi Germany following an occupation by the Soviet Union.
1941	8	30	world	history	The Tighina Agreement, a treaty regarding administration issues of the Transnistria Governorate, is signed between Germany and Romania.
1941	9	8	world	history	World War II: German forces begin the Siege of Leningrad.
1941	9	20	world	history	The Holocaust in Lithuania: Lithuanian Nazis and local police begin a mass execution of 403 Jews in Nemenčinė.
1941	9	29	world	history	During World War II, German forces, with the aid of local Ukrainian collaborators, begin the two-day Babi Yar massacre.
1941	10	20	world	history	World War II: Thousands of civilians in German-occupied Serbia are murdered in the Kragujevac massacre.
1941	10	21	world	history	World War II: The Kragujevac massacre against Serbian men and boys takes place.
1941	12	6	world	history	World War II:  Camp X opens in Canada to begin training Allied secret agents for the war.
1941	12	12	world	history	The Holocaust: Adolf Hitler declares the imminent extermination of the Jews at a meeting in the Reich Chancellery.
1941	12	20	world	history	World War II: First battle of the American Volunteer Group, better known as the "Flying Tigers", in Kunming, China.
1941	12	21	world	history	World War II: A Thai-Japanese Pact of Alliance is signed.
1941	12	28	world	history	World War II: Operation Anthropoid, the plot to assassinate high-ranking Nazi officer Reinhard Heydrich, commences.
1942	1	2	world	history	World War II: Manila is captured by Japanese forces, enabling them to control the Philippines.
1942	1	11	world	history	World War II: Japanese forces attack Tarakan in Borneo, Netherlands Indies (Battle of Tarakan)
1942	1	12	world	history	World War II: United States President Franklin D. Roosevelt creates the National War Labor Board.
1942	1	13	world	history	World War II: First use of an aircraft ejection seat by a German test pilot in a Heinkel He 280 jet fighter.
1942	1	16	world	history	The Holocaust: Nazi Germany begins deporting Jews from the Łódź Ghetto to Chełmno extermination camp.
1942	1	21	world	history	The Jewish resistance organization, Fareynikte Partizaner Organizatsye, based in the Vilna Ghetto is established.
1942	1	23	world	history	World War II: The Battle of Rabaul commences Japan's invasion of Australia's Territory of New Guinea.
1942	1	24	world	history	World War II: The Allies bombard Bangkok, leading Thailand, then under Japanese control, to declare war against the United States and United Kingdom.
1942	1	31	world	history	World War II: Allied forces are defeated by the Japanese at the Battle of Malaya and retreat to Singapore.
1942	2	1	world	history	World War II: Josef Terboven, Reichskommissar of German-occupied Norway, appoints Vidkun Quisling the Minister President of the National Government.
1942	2	2	world	history	The Osvald Group is responsible for the first, active event of anti-Nazi resistance in Norway, to protest the inauguration of Vidkun Quisling.
1942	2	18	world	history	World War II: The Imperial Japanese Army begins the systematic extermination of perceived hostile elements among the Chinese in Singapore.
1942	2	27	world	history	World War II: During the Battle of the Java Sea, an Allied strike force is defeated by a Japanese task force in the Java Sea in the Dutch East Indies.
1942	2	27	world	science	World War II: Operation Biting launches its overnight raid on the German coastal radar station at Bruneval to retrieve a Würzburg installation.
1942	3	3	world	history	World War II: Ten Japanese warplanes raid Broome, Western Australia, killing more than 100 people.
1942	3	17	world	history	Holocaust: The first Jews from the Lvov Ghetto are gassed at the Belzec death camp in what is today eastern Poland.
1942	4	5	world	history	World War II: Adolf Hitler issues Fuhrer Directive No. 41 summarizing Case Blue, including the German Sixth Army's planned assault on Stalingrad.
1942	4	18	world	history	World War II: The Doolittle Raid on Japan: Tokyo, Yokohama, Kobe and Nagoya are bombed.
1942	4	18	world	history	Pierre Laval becomes Prime Minister of Vichy France.
1942	4	19	world	history	World War II: In German-occupied Poland, the Majdan-Tatarski ghetto is established, situated between the Lublin Ghetto and a Majdanek subcamp.
1942	5	6	world	history	World War II: On Corregidor, the last American forces in the Philippines surrender to the Japanese.
1942	5	10	world	history	World War II: The Thai Phayap Army invades the Shan States during the Burma Campaign.
1942	5	12	world	history	World War II: The U.S. tanker SS Virginia is torpedoed in the mouth of the Mississippi River by the German submarine U-507.
1942	5	27	world	history	World War II: In Operation Anthropoid, Reinhard Heydrich is fatally wounded in Prague; he dies of his injuries eight days later.
1942	5	31	world	history	World War II: Imperial Japanese Navy midget submarines begin a series of attacks on Sydney, Australia.
1942	6	8	world	history	World War II: The Imperial Japanese Navy submarines I-21 and I-24 shell the Australian cities of Sydney and Newcastle.
1942	6	22	world	science	World War II: Erwin Rommel is promoted to Field Marshal after the Axis capture of Tobruk.
1942	6	23	world	history	World War II: Germany's latest fighter aircraft, a Focke-Wulf Fw 190, is captured intact when it mistakenly lands at RAF Pembrey in Wales.
1942	6	28	world	history	World War II: Nazi Germany starts its strategic summer offensive against the Soviet Union, codenamed Case Blue.
1942	7	4	world	history	World War II: The 250-day Siege of Sevastopol in the Crimea ends when the city falls to Axis forces.
1942	7	6	world	history	Anne Frank and her family go into hiding in the "Secret Annexe" above her father's office in an Amsterdam warehouse.
1942	7	15	world	history	The Holocaust: Nazi Germany begins the deportation of 100,000 Jews from the occupied Netherlands to extermination camps.
1942	7	23	world	history	World War II: The German offensives Operation Edelweiss and Operation Braunschweig begin on the Eastern Front.
1942	7	27	world	history	World War II: Allied forces successfully halt the final Axis advance into Egypt.
1942	8	6	world	history	Queen Wilhelmina of the Netherlands becomes the first reigning queen to address a joint session of the United States Congress.
1942	8	8	india	history	Quit India Movement launched (8 August)
1942	8	9	world	history	Dmitri Shostakovich's 7th symphony premieres in a besieged Leningrad.
1942	9	3	world	history	World War II: In response to news of its coming liquidation, Dov Lopatyn leads an uprising in the Ghetto of Lakhva (present-day Belarus).
1942	9	9	world	history	World War II: A Japanese floatplane drops incendiary bombs on Oregon.
1942	9	23	world	history	World War II: The Matanikau action on Guadalcanal begins: U.S. Marines attack Japanese units along the Matanikau River.
1942	10	2	world	history	World War II: Ocean Liner RMS Queen Mary accidentally rams and sinks HMS Curacoa, killing over 300 crewmen aboard Curacoa.
1942	10	11	world	history	World War II: Off Guadalcanal, United States Navy ships intercept and defeat a Japanese force.
1942	10	28	world	history	The Alaska Highway first connects Alaska to the North American railway network at Dawson Creek in Canada.
1942	11	1	world	history	World War II: Matanikau Offensive begins during the Guadalcanal campaign and ends three days later with an American victory.
1942	11	22	world	history	World War II: Battle of Stalingrad: General Friedrich Paulus sends Adolf Hitler a telegram saying that the German 6th Army is surrounded.
1942	11	27	world	history	World War II: At Toulon, the French navy scuttles its ships and submarines to keep them out of Nazi hands.
1942	12	2	world	science	World War II: During the Manhattan Project, a team led by Enrico Fermi initiates the first artificial self-sustaining nuclear chain reaction.
1942	12	16	world	history	The Holocaust: Schutzstaffel chief Heinrich Himmler orders that Roma candidates for extermination be deported to Auschwitz.
1942	12	20	india	history	World War II: Japanese air forces bomb Calcutta, India.
1943	1	11	world	history	The Republic of China agrees to the Sino-British New Equal Treaty and the Sino-American New Equal Treaty.
1943	1	14	world	history	World War II: Japan begins Operation Ke, the successful operation to evacuate its forces from Guadalcanal during the Guadalcanal campaign.
1943	1	14	world	history	World War II: Franklin D. Roosevelt and Winston Churchill begin the Casablanca Conference to discuss strategy and study the next phase of the war.
1943	1	23	world	history	World War II: Troops of the British Eighth Army capture Tripoli in Libya from the German–Italian Panzer Army.
1943	1	24	world	history	World War II: Franklin D. Roosevelt and Winston Churchill conclude a conference in Casablanca.
1943	1	29	world	history	World War II: The first day of the Battle of Rennell Island, USS Chicago (CA-29) is torpedoed and heavily damaged by Japanese bombers.
1943	2	2	world	history	World War II: The Battle of Stalingrad comes to an end when Soviet troops accept the surrender of the last organized German troops in the city.
1943	2	27	world	history	The Holocaust: In Berlin, the Gestapo arrest 1,800 Jewish men with German wives, leading to the Rosenstrasse protest.
1943	4	7	world	history	Ioannis Rallis becomes collaborationist Prime Minister of Greece during the Axis Occupation.
1943	4	18	world	history	World War II: Operation Vengeance, Admiral Isoroku Yamamoto is killed when his aircraft is shot down by U.S. fighters over Bougainville Island.
1943	4	30	world	history	World War II: The British submarine HMS Seraph surfaces near Huelva to cast adrift a dead man dressed as a courier and carrying false invasion plans.
1943	5	14	world	history	World War II: A Japanese submarine sinks AHS Centaur off the coast of Queensland.
1943	5	20	world	science	The Luttra Woman, a bog body from the Early Neolithic period (radiocarbon-dated c. 3928–3651 BC), is discovered near Luttra, Sweden.
1943	5	30	world	history	The Holocaust: Josef Mengele becomes chief medical officer of the Zigeunerfamilienlager (Romani family camp) at Auschwitz concentration camp.
1943	6	8	world	history	World War II: The two-day Battle of Porta between the Royal Italian Army and the Greek People's Liberation Army begins.
1943	6	19	world	history	The Philadelphia Eagles and Pittsburgh Steelers of the NFL merge for one season due to player shortages caused by World War II.
1943	6	25	world	history	The Holocaust and World War II: Jews in the Częstochowa Ghetto in Poland stage an uprising against the Nazis.
1943	7	9	world	history	World War II: The Allied invasion of Sicily begins, leading to the downfall of Mussolini and forcing Hitler to break off the Battle of Kursk.
1943	7	22	world	history	World War II: Axis occupation forces violently disperse a massive protest in Athens, killing 22.
1943	7	25	world	history	World War II: Benito Mussolini is forced out of office by the King (encouraged by the Grand Council of Fascism) and is replaced by Pietro Badoglio.
1943	7	25	world	history	World War II: 136 Greek civilians are murdered by soldiers of the German 1st Mountain Division in the village of Mousiotitsa, Greece.
1943	7	28	world	history	World War II: Operation Gomorrah: The Royal Air Force bombs Hamburg, Germany causing a firestorm that kills 42,000 German civilians.
1943	9	8	world	history	World War II: The Armistice of Cassibile is proclaimed by radio. OB Süd immediately implements plans to disarm the Italian forces.
1943	9	9	world	history	World War II: The Allies land at Salerno and Taranto, Italy.
1943	10	14	world	history	World War II: The United States Eighth Air Force loses 60 of 291 B-17 Flying Fortresses during the Second Raid on Schweinfurt.
1943	10	14	world	history	World War II: The Second Philippine Republic, a puppet state of Japan, is inaugurated with José P. Laurel as its president.
1943	10	21	india	history	Subhas Chandra Bose forms the Provisional Government of Free India (21 October)
1943	10	21	india	history	World War II: The Provisional Government of Free India is formally established in Japanese-occupied Singapore.
1943	11	6	world	history	World War II: The 1st Ukrainian Front liberates Kyiv from German occupation.
1943	11	22	world	history	Lebanon gains independence from France, nearly two years after it was first announced by the Free French government.
1943	11	23	world	history	World War II: Tarawa and Makin atolls fall to American forces.
1943	11	24	world	history	World War II: At the battle of Makin the USS Liscome Bay is torpedoed near Tarawa and sinks, killing 650 men.
1943	12	26	world	history	World War II: German warship Scharnhorst is sunk off Norway's North Cape after a battle against major Royal Navy forces.
1944	1	22	world	history	World War II: The Allies commence Operation Shingle, an assault on Anzio and Nettuno, Italy.
1944	1	29	world	science	World War II: In Bologna, Italy, the Anatomical theatre of the Archiginnasio is completely destroyed in an air-raid.
1944	1	31	world	science	World War II: American forces land on Kwajalein Atoll and other islands in the Japanese-held Marshall Islands.
1944	3	3	world	history	The Order of Nakhimov and Order of Ushakov are instituted in USSR as the highest naval awards.
1944	3	4	world	history	World War II: After the success of Big Week, the USAAF begins a daylight bombing campaign of Berlin.
1944	3	10	world	history	Greek Civil War: The Political Committee of National Liberation is established in Greece by the National Liberation Front.
1944	3	24	world	history	German troops massacre 335 Italian civilians in Rome.
1944	3	30	world	history	World War II: Allied bombers conduct their most severe bombing run on Sofia, Bulgaria.
1944	4	10	world	history	Rudolf Vrba and Alfréd Wetzler escape from Birkenau death camp.
1944	4	22	world	history	World War II: Operation Persecution is initiated: Allied forces land in the Hollandia (currently known as Jayapura) area of New Guinea.
1944	4	22	world	history	World War II: In Greenland, the Allied Sledge Patrol attack the German Bassgeiger weather station.
1944	4	26	world	history	Georgios Papandreou becomes head of the Greek government-in-exile based in Egypt.
1944	4	26	world	history	World War II:  Heinrich Kreipe is captured by Allied commandos in occupied Crete.
1944	4	28	world	history	World War II: Nine German E-boats attack US and UK units during Exercise Tiger, the rehearsal for the Normandy landings, killing 946.
1944	6	7	world	history	World War II: Battle of Normandy: At Ardenne Abbey, members of the SS Division Hitlerjugend massacre 23 Canadian prisoners of war.
1944	6	10	world	history	World War II: In Distomo, Boeotia, Greece, 228 men, women and children are massacred by German troops.
1944	6	12	world	history	World War II: Battle of Carentan: American paratroopers of the 101st Airborne Division secure the town of Carentan, Normandy, France.
1944	6	13	world	science	World War II: German combat elements, reinforced by the 17th SS Panzergrenadier Division, launch a counterattack on American forces near Carentan.
1944	6	14	world	history	World War II: After several failed attempts, the British Army abandons Operation Perch, its plan to capture the German-occupied town of Caen.
1944	6	23	world	history	An F4 tornado tears through the Appalachian Mountains, killing over 100 people in West Virginia, particularly in the town of Shinnston.
1944	6	27	world	history	World War II: Mogaung is the first place in Burma to be liberated from the Japanese by British Chindits, supported by the Chinese.
1944	7	6	world	history	The Hartford circus fire, one of America's worst fire disasters, kills approximately 168 people and injures over 700 in Hartford, Connecticut.
1944	7	7	world	history	World War II: Largest Banzai charge of the Pacific War at the Battle of Saipan.
1944	7	20	world	history	World War II: Adolf Hitler survives an assassination attempt led by German Army Colonel Claus von Stauffenberg.
1944	7	21	world	history	World War II: Battle of Guam: American troops land on Guam, starting a battle that will end on August 10.
1944	7	22	world	history	The Polish Committee of National Liberation publishes its manifesto, starting the period of Communist rule in Poland.
1944	7	25	world	history	World War II: Operation Spring near Caen is one of the bloodiest days for the First Canadian Army during the war.
1944	8	1	world	history	World War II: The Warsaw Uprising against the Nazi German occupation breaks out in Warsaw, Poland.
1944	8	2	world	history	ASNOM: Birth of the Socialist Republic of Macedonia, celebrated as Day of the Republic in North Macedonia.
1944	8	5	world	history	World War II: Polish insurgents liberate a German labor camp (Gęsiówka) in Warsaw, freeing 348 Jewish prisoners.
1944	8	7	world	history	IBM dedicates the first program-controlled calculator, the Automatic Sequence Controlled Calculator (known best as the Harvard Mark I).
1944	8	9	world	history	The United States Forest Service and the Wartime Advertising Council release posters featuring Smokey Bear for the first time.
1944	8	10	world	history	World War II: The Battle of Guam in the Pacific comes to an effective end.
1944	8	13	world	history	World War II: German troops begin the pillage and razing of Anogeia in Crete that would continue until September 5.
1944	8	23	world	history	Freckleton air disaster: A United States Army Air Forces B-24 Liberator bomber crashes into a school in Freckleton, England, killing 61 people.
1944	8	28	world	science	World War II: Marseille and Toulon are liberated.
1944	8	29	world	history	World War II:  Slovak National Uprising takes place as 60,000 Slovak troops turn against the Nazis.
1944	9	2	world	history	The last execution of a Finn in Finland takes place when soldier Olavi Laiho is executed by shooting in Oulu.
1944	9	17	world	science	World War II: Soviet troops launch the Tallinn Offensive against Germany and pro-independence Estonian units.
1944	9	18	world	history	World War II: The British submarine HMS Tradewind torpedoes Jun'yō Maru, killing 5,600, mostly slave labourers and POWs.
1944	9	18	world	history	World War II: Operation Market Garden results in the liberation of Eindhoven.
1944	9	19	world	history	World War II: The Moscow Armistice between Finland and the Soviet Union is signed, which officially ended the Continuation War.
1944	9	25	world	history	World War II: Surviving elements of the British 1st Airborne Division withdraw from Arnhem via Oosterbeek.
1944	10	8	world	history	World War II: Captain Bobbie E. Brown earns a Medal of Honor for his actions during the Battle of Crucifix Hill, just outside Aachen.
1944	10	13	world	history	World War II: The Soviet Riga Offensive captures the city.
1944	10	15	world	history	World War II: Germany replaces the Hungarian government after Hungary announces an armistice with the Soviet Union.
1944	10	19	world	science	A coup is launched against Juan Federico Ponce Vaides, beginning the ten-year Guatemalan Revolution.
1944	10	20	world	history	World War II: The Soviet Red Army and Yugoslav Partisans liberate Belgrade.
1944	10	20	world	history	Liquefied natural gas leaks from storage tanks in Cleveland and then explodes, leveling 30 blocks and killing 130 people.
1944	10	20	world	history	World War II:  American general Douglas MacArthur fulfills his promise to return to the Philippines when he comes ashore during the Battle of Leyte.
1944	10	21	world	history	World War II: The first kamikaze attack damages HMAS Australia as the Battle of Leyte Gulf begins.
1944	10	27	world	history	World War II: German forces capture Banská Bystrica during Slovak National Uprising thus bringing it to an end.
1944	11	12	world	history	World War II: The Royal Air Force sink the German battleship Tirpitz, moored off Tromsø, Norway.
1944	11	16	world	history	The Jussi Awards, the Finnish film award ceremony, is held for the first time at Restaurant Adlon in Helsinki.
1944	11	23	world	history	World War II: The Lotta Svärd Movement is disbanded under the terms of the armistice treaty in Finland after the Continuation War.
1944	11	24	world	science	World War II: The 73rd Bombardment Wing launches the first attack on Tokyo from the Northern Mariana Islands.
1944	11	27	world	history	World War II: RAF Fauld explosion: An explosion at a Royal Air Force ammunition dump in Staffordshire kills seventy people.
1944	12	16	world	history	World War II: The Battle of the Bulge begins with the surprise offensive of three German armies through the Ardennes forest.
1944	12	22	world	history	World War II: The People's Army of Vietnam is formed to resist Japanese occupation of Indochina, now Vietnam.
1944	12	26	world	history	World War II: George S. Patton's Third Army breaks the encirclement of surrounded U.S. forces at Bastogne, Belgium.
1944	12	28	world	history	Maurice Richard becomes the first player to score eight points in one game of NHL ice hockey.
1944	12	31	world	history	World War II: Operation Nordwind, the last major Wehrmacht offensive on the Western Front, begins.
1945	1	5	world	history	The Soviet Union recognizes the new pro-Soviet Provisional Government of the Republic of Poland.
1945	1	16	world	history	World War II: Adolf Hitler moves into his underground bunker, the so-called Führerbunker.
1945	1	17	world	history	The SS-Totenkopfverbände begin the evacuation of the Auschwitz concentration camp as the Red Army closes in.
1945	1	19	world	history	World War II: Soviet forces liberate the Łódź Ghetto. Of more than 200,000 inhabitants in 1940, fewer than 900 had survived the Nazi occupation.
1945	1	20	world	history	World War II: The provisional government of Béla Miklós in Hungary agrees to an armistice with the Allies.
1945	1	20	world	history	World War II: Germany begins the evacuation of 1.8 million people from East Prussia, a task which will take nearly two months.
1945	1	26	world	history	World War II: Audie Murphy displays valor and bravery in action for which he will later be awarded the Medal of Honor.
1945	1	27	world	history	World War II: The Soviet 322nd Rifle Division liberates the remaining inmates of Auschwitz-Birkenau.
1945	1	28	world	history	World War II: Supplies begin to reach the Republic of China over the newly reopened Burma Road.
1945	1	31	world	history	US Army private Eddie Slovik is executed for desertion, the first such execution of an American soldier since the Civil War.
1945	2	3	world	history	World War II: The United States and the Philippine Commonwealth begin a month-long battle to retake Manila from Japan.
1945	2	4	world	history	World War II: The Yalta Conference between the "Big Three" (Churchill, Roosevelt, and Stalin) opens at the Livadia Palace in the Crimea.
1945	2	8	world	history	World War II: British and Canadian forces commence Operation Veritable to occupy land between the Maas and Rhine rivers.
1945	2	8	world	history	World War II: Mikhail Devyataev escapes with nine other Soviet POWs from a Nazi concentration camp in Peenemünde, Usedom.
1945	2	9	world	history	World War II: Battle of the Atlantic: HMS Venturer sinks U-864 off the coast of Fedje, Norway, in a rare instance of submarine-to-submarine combat.
1945	2	9	world	history	World War II: A force of Allied aircraft unsuccessfully attack a German destroyer in Førdefjorden, Norway.
1945	2	16	world	history	World War II: American forces land on Corregidor Island in the Philippines.
1945	2	26	world	history	World War II: US troops reclaim the Philippine island of Corregidor from the Japanese.
1945	3	3	world	history	World War II: In poor visibility, the RAF mistakenly bombs the Bezuidenhout area of The Hague, Netherlands, killing 511 people.
1945	3	10	world	history	World War II: The U.S. Army Air Force firebombs Tokyo, and the resulting conflagration kills more than 100,000 people, mostly civilians.
1945	3	11	world	history	World War II: The Empire of Vietnam, a short-lived Japanese puppet state, is established.
1945	3	17	world	history	World War II:  The Ludendorff Bridge in Remagen, Germany, collapses, ten days after its capture.
1945	3	30	world	history	World War II: Soviet forces invade Austria and capture Vienna. Polish and Soviet forces liberate Danzig.
1945	4	6	world	history	World War II: Sarajevo is liberated from German and Croatian forces by the Yugoslav Partisans.
1945	4	13	world	history	World War II: German troops kill more than 1,000 political and military prisoners in Gardelegen, Germany.
1945	4	13	world	history	World War II: Soviet and Bulgarian forces capture Vienna.
1945	4	18	world	history	World War II: Over 1,000 bombers attack the small island of Heligoland, Germany.
1945	4	18	world	history	Italian resistance movement: In Turin, despite the harsh repressive measures adopted by Nazi-fascists, a great pre-insurrectional strike begins.
1945	4	20	world	history	World War II: U.S. troops capture Leipzig, Germany, only to later cede the city to the Soviet Union.
1945	4	20	world	history	Twenty Jewish children used in medical experiments at Neuengamme are killed in the basement of the Bullenhuser Damm school.
1945	4	21	world	history	World War II: Soviet forces south of Berlin at Zossen attack the German High Command headquarters.
1945	4	22	world	history	World War II: Sachsenhausen concentration camp is liberated by soldiers of the Red Army and Polish First Army.
1945	4	27	world	history	World War II: Benito Mussolini is arrested by Italian partisans in Dongo, while attempting escape disguised as a German soldier.
1945	4	28	world	history	Benito Mussolini and his mistress Clara Petacci are shot dead by Walter Audisio, a member of the Italian resistance movement.
1945	4	29	world	history	World War II: Adolf Hitler marries his longtime partner Eva Braun in a Berlin bunker and designates Admiral Karl Dönitz as his successor.
1945	4	29	world	history	World War II: The Surrender of Caserta is signed by the commander of German forces in Italy.
1945	4	30	world	history	World War II: Führerbunker: Adolf Hitler and Eva Braun commit suicide after being married for less than 40 hours.
1945	4	30	world	history	World War II:  Soviet soldiers raise the first Soviet flag over the Reichstag.  The Victory Banner will be raised the next day.
1945	5	5	world	history	World War II: The Prague uprising begins as an attempt by the Czech resistance to free the city from German occupation.
1945	5	6	world	history	World War II: Axis Sally delivers her last propaganda broadcast to Allied troops.
1945	5	9	world	history	World War II: The Channel Islands are liberated from Nazi occupation.
1945	5	13	world	history	World War II: Yevgeny Khaldei's photograph Raising a Flag over the Reichstag is published in Ogonyok magazine.
1945	6	7	world	history	King Haakon VII of Norway returns from exactly five years in exile during World War II.
1945	6	10	world	history	World War II:  Australian Imperial Forces land in Brunei Bay to liberate Brunei.
1945	6	18	world	history	William Joyce ("Lord Haw-Haw") is charged with treason for his pro-German propaganda broadcasting during World War II.
1945	6	19	world	history	The Smoke Tragedy leaves 355 workers dead in the underground copper mine of El Teniente, Chile.
1945	6	24	world	history	The first Victory Day Parade takes place on Red Square in Moscow, Soviet Union, symbolizing the victory of the Soviet Union over Nazi Germany.
1945	7	26	india	science	World War II: The USS Indianapolis arrives at Tinian with components and enriched uranium for the Little Boy nuclear bomb.
1945	7	26	world	history	The Labour Party wins the United Kingdom general election of July 5 by a landslide, removing Winston Churchill from power.
1945	7	28	world	history	A U.S. Army B-25 bomber crashes into the 79th floor of the Empire State Building killing 14 and injuring 26.
1945	7	31	world	history	Pierre Laval, the fugitive former leader of Vichy France, surrenders to Allied soldiers in Austria.
1945	8	9	world	history	World War II:  The Red Army invades Japanese-occupied Manchuria.
1945	8	19	world	history	August Revolution: Viet Minh led by Ho Chi Minh take power in Hanoi, Vietnam.
1945	8	30	world	history	The Supreme Commander of the Allied Forces, General Douglas MacArthur, lands at Atsugi Air Force Base.
1945	9	2	world	history	Communist leader Ho Chi Minh proclaims the Democratic Republic of Vietnam after the end of the Nguyễn dynasty.
1945	9	9	world	history	World War II and Second Sino-Japanese War: The Empire of Japan formally surrenders to China.
1945	10	24	world	history	Atomic bombs on Hiroshima and Nagasaki; Second World War ends; United Nations founded (24 October)
1945	10	25	world	history	Fifty years of Japanese administration of Taiwan formally ends when the Republic of China assumes control.
1945	12	12	world	history	The People's Republic of Korea is outlawed in the South, by order of the United States Army Military Government in Korea.
1945	12	17	world	history	Kurdistan flag day, the flag of Kurdistan is raised for the first time in Mahabad in eastern Kurdistan.
1945	12	22	world	history	U.S. President Harry S. Truman issues an executive order giving World War II refugees precedence in visa applications under U.S. immigration quotas.
1946	1	10	world	science	The United States Army Signal Corps successfully conducts Project Diana, bouncing radio waves off the Moon and receiving the reflected signals.
1946	1	11	world	history	Enver Hoxha, Secretary General of the Communist Party of Albania, declares the People's Republic of Albania with himself as head of state.
1946	1	19	world	history	General Douglas MacArthur establishes the International Military Tribunal for the Far East in Tokyo to try Japanese war criminals.
1946	1	24	world	science	The United Nations General Assembly passes its first resolution to establish the United Nations Atomic Energy Commission.
1946	1	31	world	history	The Democratic Republic of Vietnam introduces the đồng to replace the French Indochinese piastre at par.
1946	2	8	world	history	The People's Republic of Korea is dissolved in the North and replaced by the communist-controlled Provisional People's Committee of North Korea.
1946	3	11	world	history	Rudolf Höss, the first commandant of Auschwitz concentration camp, is captured by British troops.
1946	4	7	world	history	The Soviet Union annexes East Prussia as the Kaliningrad Oblast of the Russian Soviet Federative Socialist Republic.
1946	4	18	world	history	The International Court of Justice holds its inaugural meeting in The Hague, Netherlands.
1946	4	20	world	history	The League of Nations officially dissolves, giving most of its power to the United Nations.
1946	4	21	world	history	The U.S. Weather Bureau records that a tornado which struck Timber Lake, South Dakota was 4 miles (6.4 km), among the widest tornadoes on record.
1946	5	21	world	science	Physicist Louis Slotin is fatally irradiated in a criticality incident during an experiment with the demon core at Los Alamos National Laboratory.
1946	6	18	world	history	Dr. Ram Manohar Lohia, a Socialist, calls for a Direct Action Day against the Portuguese in Goa.
1946	7	7	world	history	Howard Hughes nearly dies when his XF-11 reconnaissance aircraft prototype crashes in a Beverly Hills neighborhood.
1946	8	3	india	history	Santa Claus Land, the world's first themed amusement park, opens in Santa Claus, Indiana, United States.
1946	8	23	world	history	Ordinance No. 46 of the British Military Government constitutes the German Länder (states) of Hanover and Schleswig-Holstein.
1946	8	28	world	history	The Workers' Party of North Korea, predecessor of the ruling Workers' Party of Korea, is founded at a congress held in Pyongyang, North Korea.
1946	9	19	world	history	The Council of Europe is founded following a speech by Winston Churchill at the University of Zurich.
1946	9	20	world	history	The first Cannes Film Festival is held, having been delayed for seven years due to World War II.
1946	10	3	world	history	An American Overseas Airlines Douglas DC-4 crashes near Ernest Harmon Air Force Base in Stephenville, Newfoundland and Labrador, Canada, killing 39.
1946	10	13	world	history	France adopts the constitution of the Fourth Republic.
1946	12	9	india	history	Cabinet Mission; Constituent Assembly meets (9 December)
1946	12	12	world	history	United Nations Security Council Resolution 13 relating to acceptance of Siam (now Thailand) to the United Nations is adopted.
1946	12	20	world	history	It's a Wonderful Life premieres at the Globe Theatre in New York to mixed reviews.
1946	12	21	world	history	An 8.1 Mw earthquake and subsequent tsunami in Nankaidō, Japan, kills over 1,300 people and destroys over 38,000 homes.
1947	1	22	world	history	KTLA, the first commercial television station west of the Mississippi River, begins operation in Hollywood.
1947	1	25	world	history	Thomas Goldsmith Jr. files a patent for a "Cathode Ray Tube Amusement Device", the first ever electronic game.
1947	2	18	world	history	First Indochina War: The French gain complete control of Hanoi after forcing the Viet Minh to withdraw to the mountains.
1947	4	28	world	history	Thor Heyerdahl and five crew mates set out from Peru on the Kon-Tiki to demonstrate that Peruvian natives could have settled Polynesia.
1947	6	19	world	history	Pan Am Flight 121 crashes in the Syrian Desert near Mayadin, Syria, killing 15 and injuring 21.
1947	6	24	world	history	Kenneth Arnold makes the first widely reported UFO sighting near Mount Rainier, Washington.
1947	7	6	india	history	Referendum held in Sylhet to decide its fate in the Partition of India.
1947	7	8	world	history	Reports are broadcast that a UFO crash-landed in Roswell, New Mexico in what became known as the Roswell UFO incident.
1947	7	19	world	history	Prime Minister of the shadow Burmese government, Bogyoke Aung San and eight others are assassinated.
1947	8	14	india	history	Pakistan gains independence from the British Empire as the Dominion of Pakistan, due to the partition of India.
1947	8	15	india	history	India becomes independent (15 August); Partition of the subcontinent
1947	8	15	india	history	India gains independence from British rule after nearly 190 years of British company and crown rule and joins the Commonwealth of Nations.
1947	10	14	world	history	Flying the Bell X-1 over Muroc Army Air Field in California, Captain Chuck Yeager breaks the sound barrier in level flight, reaching Mach 1.05.
1947	11	6	world	history	Meet the Press, the longest running television program in history, makes its debut on NBC Television.
1947	11	13	world	history	The Soviet Union completes development of the AK-47, one of the first proper assault rifles.
1947	12	2	world	history	Jerusalem Riots of 1947: Arabs riot in Jerusalem in response to the United Nations Partition Plan for Palestine.
1948	1	7	world	history	Kentucky Air National Guard pilot Thomas Mantell crashes while in pursuit of a supposed UFO.
1948	1	17	world	history	The Renville Agreement between the Netherlands and Indonesia is ratified.
1948	1	30	india	history	Mahatma Gandhi assassinated (30 January)
1948	1	30	world	history	British South American Airways' Tudor IV Star Tiger disappears over the Bermuda Triangle.
1948	2	4	world	history	Ceylon (later renamed Sri Lanka) becomes independent within the British Commonwealth.
1948	2	17	world	history	The Al-Waziri coup briefly ousts the ruling Hamidaddin dynasty of Yemen; Imam Yahya Muhammad Hamid ed-Din is killed.
1948	4	22	world	history	Arab–Israeli War: The port city of Haifa is captured by Jewish forces.
1948	4	28	world	history	Igor Stravinsky conducts the premiere of his American ballet, Orpheus at the New York City Center.
1948	5	13	world	history	Arab–Israeli War: The Kfar Etzion massacre occurs, a day prior to the Israeli Declaration of Independence.
1948	5	28	world	history	Daniel François Malan is elected as Prime Minister of South Africa. He later goes on to implement Apartheid.
1948	6	7	world	history	Edvard Beneš resigns as President of Czechoslovakia rather than signing the Ninth-of-May Constitution, making his nation a Communist state.
1948	6	18	world	history	Columbia Records introduces the long-playing record album in a public demonstration at the Waldorf-Astoria Hotel in New York City.
1948	6	24	world	history	Cold War: Start of the Berlin Blockade: The Soviet Union makes overland travel between West Germany and West Berlin impossible.
1948	6	25	world	history	The United States Congress passes the Displaced Persons Act to allow World War II refugees to immigrate to the United States above quota restrictions.
1948	6	28	world	history	Cold War: The Tito–Stalin Split results in the expulsion of the League of Communists of Yugoslavia from the Cominform.
1948	6	28	world	history	Boxer Dick Turpin beats Vince Hawkins at Villa Park in Birmingham to become the first black British boxing champion in the modern era.
1948	7	14	world	history	Palmiro Togliatti, leader of the Italian Communist Party, is shot and wounded near the Italian Parliament.
1948	8	3	world	history	Whittaker Chambers accuses Alger Hiss of being a communist and a spy for the Soviet Union.
1948	9	9	world	history	Kim Il Sung is appointed as premier of the Democratic People's Republic of Korea (North Korea). This is celebrated annually as its national holiday.
1948	9	13	india	history	Deputy Prime Minister of India Vallabhbhai Patel orders the Army to move into Hyderabad to integrate it with the Indian Union.
1948	9	14	india	history	The Indian Army captures the city of Aurangabad as part of Operation Polo.
1948	9	17	india	history	The Nizam of Hyderabad surrenders his sovereignty over the Hyderabad State and joins the Indian Union.
1948	9	18	world	history	Margaret Chase Smith of Maine becomes the first woman elected to the United States Senate without completing another senator's term.
1948	10	20	world	history	A KLM Lockheed L-049 Constellation crashes on approach to Glasgow Prestwick Airport, killing 40.
1948	10	27	world	history	A deadly smog event begins in Donora, Pennsylvania, eventually killing 20 and sickening thousands.
1948	10	28	world	history	Ecological disaster in Donora, Pennsylvania.
1948	12	10	world	history	Universal Declaration of Human Rights adopted (10 December)
1948	12	11	world	history	Arab–Israeli War: The United Nations passes General Assembly Resolution 194, creating a Conciliation Commission to mediate the conflict.
1948	12	17	world	history	The Finnish Security Police is established to remove communist leadership from its predecessor, the State Police.
1948	12	20	world	history	Indonesian National Revolution: The Dutch military captures Yogyakarta, the temporary capital of the newly formed Republic of Indonesia.
1948	12	28	world	history	The DC-3 airliner NC16002 disappears 80 kilometres (50 mi) south of Miami.
1949	1	1	india	history	United Nations cease-fire takes effect in Kashmir from one minute before midnight. War between India and Pakistan stops accordingly.
1949	1	2	world	history	Luis Muñoz Marín is inaugurated as the first democratically elected Governor of Puerto Rico.
1949	1	3	world	history	The Bangko Sentral ng Pilipinas, the central bank of the Philippines, is established.
1949	1	5	world	history	In his State of the Union address, United States President Harry S. Truman unveils his Fair Deal program.
1949	1	15	world	history	Chinese Civil War: The Communist forces take over Tianjin from the Nationalist government.
1949	1	31	world	history	These Are My Children, the first television daytime soap opera, is broadcast by the NBC station in Chicago, United States.
1949	3	10	world	history	Mildred Gillars ("Axis Sally") is convicted of treason.
1949	3	24	world	history	Hanns Albin Rauter, a chief SS and Police Leader in the Netherlands, is convicted and executed for crimes against humanity.
1949	3	30	world	history	Cold War: A riot breaks out in Austurvöllur square in Reykjavík, when Iceland joins NATO.
1949	3	31	world	history	The Dominion of Newfoundland joins the Canadian Confederation and becomes the 10th Province of Canada.
1949	4	4	world	history	Cold War: Twelve nations sign the North Atlantic Treaty creating the North Atlantic Treaty Organization.
1949	4	18	world	history	The Republic of Ireland Act comes into force, declaring Éire to be a republic and severing Ireland's "association" with the Commonwealth of Nations.
1949	4	20	world	history	Amethyst incident: The People's Liberation Army attacks HMS Amethyst (F116) travelling to the British embassy in Nanjing during the Chinese Civil War.
1949	5	12	world	history	Cold War: The Soviet Union lifts its blockade of Berlin.
1949	6	8	world	history	George Orwell's dystopian novel Nineteen Eighty-Four is published in the United States
1949	6	14	world	science	Albert II, a rhesus monkey, rides a V-2 rocket to an altitude of 134 km (83 mi), thereby becoming the first mammal and first monkey in space.
1949	6	24	world	history	The first television western, Hopalong Cassidy, starring William Boyd, is aired on NBC.
1949	8	3	world	history	The Basketball Association of America and the National Basketball League finalize the merger that would create the National Basketball Association.
1949	8	5	world	history	In Montana, 12 smokejumper firefighters and a US Forest Service fire guard are killed in the Mann Gulch Fire.
1949	8	18	world	history	Kemi strike: Two protesters die in the scuffle between the police and the strikers' protest procession in Kemi, Finland.
1949	8	29	world	science	Soviet atomic bomb project: The Soviet Union tests its first atomic bomb, known as First Lightning or Joe 1, at Semipalatinsk, Kazakhstan.
1949	9	4	world	history	Paul Robeson performs a second concert in Peekskill, New York eight days after the Peekskill riots.
1949	9	17	world	history	The Canadian steamship SS Noronic burns in Toronto Harbour with the loss of over 118 lives.
1949	10	28	world	history	An Air France Lockheed Constellation crashes in the Azores, killing all 48 people on board.
1949	11	26	india	history	Constituent Assembly adopts the Constitution (26 November)
1949	12	7	world	history	Chinese Civil War: The Government of the Republic of China moves from Nanjing to Taipei, Taiwan.
1949	12	27	world	history	Indonesian National Revolution: The Netherlands officially recognizes Indonesian independence. End of the Dutch East Indies.
1950	1	26	india	history	Constitution of India comes into force (26 January); India becomes a republic
1950	2	9	world	history	Second Red Scare: US Senator Joseph McCarthy accuses the United States Department of State of being filled with Communists.
1950	6	25	world	history	The Korean War begins with the invasion of South Korea by North Korea.
1950	7	20	world	science	Cold War: In Philadelphia, Harry Gold pleads guilty to spying for the Soviet Union by passing secrets from atomic scientist Klaus Fuchs.
1950	7	29	world	history	Korean War: After four days, the No Gun Ri Massacre ends when the US Army 7th Cavalry Regiment is withdrawn.
1950	8	1	world	history	Guam is organized as an unincorporated territory of the United States as the President Harry S. Truman signs the Guam Organic Act.
1950	8	18	world	history	Julien Lahaut, the chairman of the Communist Party of Belgium, is assassinated. The Party newspaper blames royalists and Rexists.
1950	9	3	world	history	"Nino" Farina becomes the first Formula One Drivers' champion after winning the 1950 Italian Grand Prix.
1950	9	4	world	history	Darlington Raceway is the site of the inaugural Southern 500, the first 500-mile NASCAR race.
1950	9	17	india	history	The Republic of India formally recognised the State of Israel.
1950	9	18	world	history	Korean War: U.S. Eighth Army and United Nations forces break out of the Pusan Perimeter in southeast Korea.
1950	9	18	world	history	TV Tupi Difusora, the first television station to broadcast in Brazil, begins transmissions on Channel 3 in São Paulo.
1950	9	19	world	history	Korean War: An attack by North Korean forces was repelled at the Battle of Nam River.
1950	9	23	world	history	Korean War: The Battle of Hill 282 is the first US friendly-fire incident on British military personnel since World War II.
1950	10	19	world	history	Korean War: The Battle of Pyongyang ends in a United Nations victory. Hours later, the Chinese Army begins crossing the border into Korea.
1950	11	1	world	history	Puerto Rican nationalists Griselio Torresola and Oscar Collazo attempt to assassinate US President Harry S. Truman at Blair House.
1950	11	13	world	history	General Carlos Delgado Chalbaud, President of Venezuela, is assassinated in Caracas.
1950	12	2	world	history	Korean War: The Battle of the Ch'ongch'on River ends with a decisive Chinese victory and UN forces are completely expelled from North Korea.
1951	0	0	india	history	First Five-Year Plan begins; first general election in 1951-52
1951	1	4	world	history	Korean War: Chinese and North Korean forces capture Seoul for the second time.
1951	1	14	world	history	National Airlines Flight 83 crashes during landing at Philadelphia International Airport, killing seven passengers and crew.
1951	1	27	world	science	Nuclear testing at the Nevada Test Site begins with Operation Ranger.
1951	1	31	world	history	United Nations Security Council Resolution 90 relating to the Korean War is adopted.
1951	2	7	world	history	Korean War: More than 700 suspected communist sympathizers are massacred by South Korean forces.
1951	2	25	world	history	The first Pan American Games are officially opened in Buenos Aires by Argentine President Juan Perón.
1951	3	31	world	science	Remington Rand delivers the first UNIVAC I computer to the United States Census Bureau.
1951	4	5	world	history	Cold War: Ethel and Julius Rosenberg are sentenced to death for spying for the Soviet Union.
1951	7	4	world	history	Cold War: A court in Czechoslovakia sentences American journalist William N. Oatis to ten years in prison on charges of espionage.
1951	7	13	world	history	Vuoristorata, one of the oldest still-operating wooden roller coasters in Europe, is opened at the Linnanmäki amusement park in Helsinki, Finland.
1951	7	14	world	history	Ferrari take their first Formula One grand prix victory at the British Grand Prix at Silverstone.
1951	7	20	world	history	King Abdullah I of Jordan is assassinated by a Palestinian while attending Friday prayers in Jerusalem.
1951	7	21	world	history	Canadian Pacific Air Lines Flight 3505 disappears while flying from Vancouver to Tokyo. The aircraft and its 37 occupants are never found.
1951	7	26	world	history	Walt Disney's 13th animated film, Alice in Wonderland, premieres in London, England, United Kingdom.
1951	9	23	world	history	George VI, king of the United Kingdom, has his left lung removed in an operation after a malignant tumour was found.
1951	10	15	world	science	Mexican chemist Luis E. Miramontes completes the synthesis of norethisterone, the basis of an early oral contraceptive.
1951	10	20	world	history	The "Johnny Bright incident" occurs during a football game between the Drake Bulldogs and Oklahoma A&M Aggies.
1951	12	16	world	history	A Miami Airlines Curtiss C-46 Commando crashes in Elizabeth, New Jersey, killing all 58 aboard including dancer Doris Ruby.
1951	12	17	world	history	The American Civil Rights Congress delivers "We Charge Genocide" to the United Nations.
1951	12	20	world	science	The EBR-1 in Arco, Idaho becomes the first nuclear power plant to generate electricity. The electricity powered four light bulbs.
1951	12	31	world	science	Cold War: The Marshall Plan expires after distributing more than US$13.3 billion in foreign aid to rebuild Western Europe.
1952	1	14	world	history	NBC's long-running morning news program Today debuts, with host Dave Garroway.
1952	1	26	world	history	Black Saturday in Egypt: rioters burn Cairo's central business district, targeting British and upper-class Egyptian businesses.
1952	2	26	world	history	Vincent Massey is sworn in as the first Canadian-born Governor General of Canada.
1952	3	10	world	history	Fulgencio Batista leads a successful coup in Cuba.
1952	4	11	world	history	Pan Am Flight 526A ditches near San Juan-Isla Grande Airport in San Juan, Puerto Rico, after experiencing an engine failure, killing 52 people.
1952	4	28	world	history	Dwight D. Eisenhower resigns as Supreme Allied Commander of NATO in order to campaign in the 1952 United States presidential election.
1952	4	28	world	history	The Treaty of San Francisco comes into effect, restoring Japanese sovereignty and ending its state of war with most of the Allies of World War II.
1952	4	29	world	history	Pan Am Flight 202 crashes into the Amazon basin near Carolina, Maranhão, Brazil, killing 50 people.
1952	5	2	world	history	A De Havilland Comet makes the first jetliner flight with fare-paying passengers, from London to Johannesburg.
1952	5	13	india	history	The Rajya Sabha, the upper house of the Parliament of India, holds its first sitting.
1952	6	13	world	history	Catalina affair: A Swedish Douglas DC-3 is shot down by a Soviet MiG-15 fighter.
1952	7	3	world	history	The SS United States sets sail on her maiden voyage to Southampton. During the voyage, the ship takes the Blue Riband away from the RMS Queen Mary.
1952	7	3	world	history	The Constitution of Puerto Rico is approved by the United States Congress.
1952	7	21	world	history	The 7.3 Mw Kern County earthquake strikes Southern California with a maximum Mercalli intensity of XI (Extreme), killing 12 and injuring hundreds.
1952	8	29	world	history	American experimental composer John Cage's 4’33” premieres at Maverick Concert Hall, played by American pianist David Tudor.
1952	9	8	world	history	The Canadian Broadcasting Corporation makes its first televised broadcast on the second escape of the Boyd Gang.
1952	10	20	world	history	The Governor of Kenya Evelyn Baring declares a state of emergency and begins arresting hundreds of suspected leaders of the Mau Mau Uprising.
1952	11	22	world	history	A Douglas C-124 Globemaster II crashes into Mount Gannet, Alaska, killing all 52 aboard.
1952	12	1	world	history	The New York Daily News reports the news of Christine Jorgensen, the first notable case of sex reassignment surgery.
1952	12	20	world	history	A United States Air Force C-124 crashes and burns in Moses Lake, Washington, killing 87 of the 115 people on board.
1953	0	0	karnataka	history	Andhra State formed; demand for linguistic states grows
1953	1	3	world	history	Frances P. Bolton and her son, Oliver from Ohio, become the first mother and son to serve simultaneously in the U.S. Congress.
1953	1	5	world	history	The play Waiting for Godot by Samuel Beckett receives its première in Paris.
1953	1	14	world	history	Josip Broz Tito is elected the first President of Yugoslavia.
1953	1	19	world	history	Almost 72 percent of all television sets in the United States are tuned into I Love Lucy to watch Lucy give birth.
1953	2	28	world	science	Watson and Crick describe the DNA double helix (28 February)
1953	3	3	world	history	A De Havilland Comet (Canadian Pacific Air Lines) crashes in Karachi, Pakistan, killing 11 people.
1953	4	13	world	science	CIA director Allen Dulles launches the mind-control program Project MKUltra.
1953	4	29	world	science	The first U.S. experimental 3D television broadcast shows an episode of Space Patrol on Los Angeles ABC affiliate KECA-TV.
1953	5	14	world	history	Approximately 7,100 brewery workers in Milwaukee perform a walkout, marking the start of the 1953 Milwaukee brewery strike.
1953	5	25	world	science	Nuclear weapons testing: At the Nevada Test Site, the United States conducts its first and only nuclear artillery test.
1953	5	25	world	history	The first public television station in the United States officially begins broadcasting as KUHT from the campus of the University of Houston.
1953	6	18	world	history	A United States Air Force C-124 crashes and burns near Tachikawa, Japan, killing 129.
1953	6	18	world	history	The Egyptian revolution of 1952 ends with the overthrow of the Muhammad Ali dynasty and the declaration of the Republic of Egypt.
1953	6	19	world	history	Cold War: Julius and Ethel Rosenberg are executed at Sing Sing, in New York.
1953	7	7	world	history	Ernesto "Che" Guevara sets out on a trip through Bolivia, Peru, Ecuador, Panama, Costa Rica, Nicaragua, Honduras, and El Salvador.
1953	8	10	world	history	First Indochina War: The French Union withdraws its forces from Operation Camargue against the Viet Minh in central Vietnam.
1953	8	19	world	history	Cold War: The CIA and MI6 help to overthrow the government of Mohammad Mosaddegh in Iran and reinstate the Shah Mohammad Reza Pahlavi.
1953	10	19	world	history	Ray Bradbury's Fahrenheit 451 is published.
1953	11	17	world	history	The remaining human inhabitants of the Blasket Islands, County Kerry, Ireland, are evacuated to the mainland.
1954	1	2	india	history	India establishes its highest civilian awards, the Bharat Ratna and the Padma Vibhushan.
1954	1	7	world	history	Georgetown–IBM experiment: The first public demonstration of a machine translation system is held in New York at the head office of IBM.
1954	1	10	world	history	BOAC Flight 781, a de Havilland DH.106 Comet 1, explodes and falls into the Tyrrhenian Sea, killing 35 people.
1954	1	14	world	history	The Hudson Motor Car Company merges with Nash-Kelvinator Corporation forming the American Motors Corporation.
1954	1	21	world	science	The first nuclear-powered submarine, the USS Nautilus, is launched in Groton, Connecticut by Mamie Eisenhower, the First Lady of the United States.
1954	4	18	world	history	Gamal Abdel Nasser seizes power in Egypt.
1954	4	22	world	history	Red Scare: Witnesses begin testifying and live television coverage of the Army–McCarthy hearings begins.
1954	4	26	world	science	The first clinical trials of Jonas Salk's polio vaccine begin in Fairfax County, Virginia.
1954	5	6	world	history	Roger Bannister becomes the first person to run the mile in under four minutes.
1954	6	24	world	history	First Indochina War: Battle of Mang Yang Pass: Viet Minh troops belonging to the 803rd Regiment ambush G.M. 100 of France in An Khê.
1954	6	27	world	science	The Obninsk Nuclear Power Plant, the Soviet Union's first nuclear power station, opens in Obninsk, near Moscow.
1954	7	21	world	history	First Indochina War: The Geneva Conference partitions Vietnam into North Vietnam and South Vietnam.
1954	8	13	world	history	Radio Pakistan broadcasts the "Qaumī Tarāna", the national anthem of Pakistan for the first time.
1954	8	23	world	science	The Cruise of the Kings, a royal cruise organised by the Queen Consort of Greece, Frederica of Hanover, departs from Marseille, France.
1954	9	3	world	history	The People's Liberation Army begins shelling the Republic of China-controlled islands of Quemoy, starting the First Taiwan Strait Crisis.
1954	9	14	world	science	In a top secret nuclear test, a Soviet Tu-4 bomber drops a 40 kiloton atomic weapon just north of Totskoye village.
1954	9	18	world	history	Finnish president J. K. Paasikivi becomes the first Western head of state to be awarded the highest honor of the Soviet Union, the Order of Lenin.
1954	9	20	world	history	The Moomin comics, created by Tove Jansson and Lars Jansson, is published internationally in the London newspaper The Evening News.
1954	9	24	world	history	AEC Routemaster, the iconic London bus was introduced.
1954	9	24	world	history	The Cochabamba–Santa Cruz highway connecting western and eastern Bolivia is inaugurated.
1954	10	27	world	history	Benjamin O. Davis, Jr. becomes the first African-American general in the United States Air Force.
1954	11	13	world	history	Great Britain defeats France to capture the first ever Rugby League World Cup in Paris in front of around 30,000 spectators.
1954	12	2	world	history	Cold War: The United States Senate votes 65 to 22 to censure Joseph McCarthy for "conduct that tends to bring the Senate into dishonor and disrepute".
1955	1	7	world	history	Contralto Marian Anderson becomes the first person of color to perform at the Metropolitan Opera in Giuseppe Verdi's Un ballo in maschera.
1955	1	12	world	history	A Martin 2-0-2 and Douglas DC-3 collide over Boone County, Kentucky, killing 15 people.
1955	4	11	india	history	The Air India Kashmir Princess is bombed and crashes in a failed assassination attempt on Zhou Enlai by the Kuomintang.
1955	4	18	world	history	Twenty-nine nations meet at Bandung, Indonesia, for the first Asian-African Conference.
1955	5	9	world	history	Cold War: West Germany joins NATO.
1955	5	14	world	history	Cold War: Eight Communist bloc countries, including the Soviet Union, sign a mutual defense treaty called the Warsaw Pact.
1955	6	2	world	history	The USSR and Yugoslavia sign the Belgrade declaration and thus normalize relations between the two countries, discontinued since 1948.
1955	8	28	world	history	Black teenager Emmett Till is lynched in Mississippi for whistling at a white woman, galvanizing the nascent civil rights movement.
1955	9	23	world	history	An all-white jury in Mississippi finds Roy Bryant and J. W. Milam not guilty in the torture-murder of 14-year-old African American boy Emmett Till.
1955	10	26	world	history	Ngô Đình Diệm proclaims himself as President of the newly created Republic of Vietnam.
1955	11	5	world	history	After being destroyed in World War II, the rebuilt Vienna State Opera reopens with a performance of Beethoven's Fidelio.
1955	11	22	world	science	The Soviet Union launches RDS-37, a 1.6 megaton two stage hydrogen bomb designed by Andrei Sakharov. The bomb was dropped over Semipalatinsk.
1955	12	20	world	history	Cardiff is proclaimed the capital city of Wales, United Kingdom.
1956	1	8	world	history	Operation Auca: Five U.S. missionaries are killed by the Waorani of Ecuador shortly after making first contact.
1956	1	30	world	history	In the United States, Civil Rights Movement leader Martin Luther King Jr.'s home is bombed in retaliation for the Montgomery bus boycott.
1956	2	25	world	history	In his speech On the Cult of Personality and Its Consequences, Nikita Khrushchev, leader of the Soviet Union, denounces Stalin.
1956	3	23	world	history	Pakistan becomes the first Islamic republic in the world. This date is now celebrated as Republic Day in Pakistan.
1956	4	5	world	history	Cuban Revolution: Fidel Castro declares himself at war with Cuban President Fulgencio Batista.
1956	4	7	world	history	Francoist Spain agrees to surrender its protectorate in Morocco.
1956	4	26	world	history	SS Ideal X, the world's first successful container ship, leaves Port Newark, New Jersey, for Houston, Texas.
1956	5	20	world	history	In Operation Redwing, the first United States airborne hydrogen bomb is dropped over Bikini Atoll in the Pacific Ocean.
1956	7	13	world	history	The Dartmouth workshop is the first conference on artificial intelligence.
1956	7	30	world	history	A joint resolution of the U.S. Congress is signed by President Dwight D. Eisenhower, authorizing In God We Trust as the U.S. national motto.
1956	9	13	world	history	The dike around the Dutch polder East Flevoland is closed.
1956	10	8	world	history	The New York Yankees's Don Larsen pitches the only perfect game in a World Series.
1956	10	14	india	history	Dr. B. R. Ambedkar, leader of India's Untouchable caste, converts to Buddhism along with 385,000 of his followers (see Neo-Buddhism).
1956	11	1	india	history	States Reorganisation Act: states formed on linguistic lines (1 November); Mysore State enlarged
1956	11	12	world	history	Morocco, Sudan and Tunisia join the United Nations.
1956	12	12	world	history	United Nations Security Council Resolution 121 relating to acceptance of Japan to the United Nations is adopted.
1956	12	28	world	science	Chin Peng, David Marshall and Tunku Abdul Rahman meet in Baling, Malaya to try to resolve the Malayan Emergency situation.
1957	1	9	world	history	British Prime Minister Sir Anthony Eden resigns from office following his failure to retake the Suez Canal from Egyptian sovereignty.
1957	1	14	world	history	Kripalu Maharaj is named fifth Jagadguru (world teacher) after giving seven days of speeches before 500 Hindu scholars.
1957	1	23	world	science	American inventor Walter Frederick Morrison sells the rights to his flying disc to the Wham-O toy company, which later renames it the "Frisbee".
1957	2	1	world	history	Northeast Airlines Flight 823 crashes on Rikers Island in New York City, killing 20 people and injuring 78 others.
1957	3	17	world	history	A plane crash in Cebu, Philippines kills Philippine President Ramon Magsaysay and 24 others.
1957	3	31	world	history	Elections to the Territorial Assembly of the French colony Upper Volta are held. After the elections PDU and MDV form a government.
1957	5	1	world	history	A Vickers VC.1 Viking crashes while attempting to return to Blackbushe Airport in Yateley, killing 34.
1957	5	15	world	history	At Malden Island in the Pacific Ocean, Britain tests its first hydrogen bomb in Operation Grapple.
1957	6	24	world	history	In Roth v. United States, the U.S. Supreme Court rules that obscenity is not protected by the First Amendment.
1957	6	27	world	history	Hurricane Audrey makes landfall near the Texas–Louisiana border, killing over 400 people, mainly in and around Cameron, Louisiana.
1957	7	6	world	history	John Lennon and Paul McCartney meet for the first time, as teenagers at Woolton Fete, three years before forming the Beatles.
1957	7	14	world	history	Rawya Ateya takes her seat in the National Assembly of Egypt, thereby becoming the first female parliamentarian in the Arab world.
1957	7	19	world	history	The largely autobiographical novel The Ordeal of Gilbert Pinfold by Evelyn Waugh is published.
1957	7	28	world	history	Heavy rain and a mudslide in Isahaya, western Kyushu, Japan, kills 992.
1957	9	2	world	history	President Ngô Đình Diệm of South Vietnam becomes the first foreign head of state to make a state visit to Australia.
1957	9	24	world	history	President Eisenhower sends the 101st Airborne Division to Little Rock, Arkansas, to enforce desegregation.
1957	10	4	world	science	Sputnik 1 launched (4 October)
1957	12	6	world	science	Project Vanguard: A launchpad explosion of Vanguard TV3 thwarts the first United States attempt to launch a satellite into Earth orbit.
1958	1	23	world	history	After a general uprising and rioting in the streets, President Marcos Pérez Jiménez leaves Venezuela.
1958	1	31	world	science	Cold War: Space Race: The Explorer 1, the first successful American satellite, detects the Van Allen radiation belt.
1958	2	5	world	history	A hydrogen bomb known as the Tybee Bomb is lost by the US Air Force off the coast of Savannah, Georgia, never to be recovered.
1958	4	4	world	history	The CND peace symbol is displayed in public for the first time in London.
1958	4	6	world	history	Capital Airlines Flight 67 crashes in Tittabawassee Township, Michigan, near Freeland Tri-City Airport, killing 47.
1958	4	21	world	history	United Air Lines Flight 736 collides with a United States Air Force fighter jet near Arden, Nevada in what is now Enterprise, Nevada.
1958	5	13	world	history	During a visit to Caracas, Venezuela, the US Vice President Richard Nixon's car is attacked by anti-American demonstrators.
1958	5	20	world	history	Capital Airlines Flight 300 collides in mid-air with a United States Air Force Lockheed T-33 over Brunswick, Maryland, killing 12.
1958	5	24	world	history	United Press International is formed through a merger of the United Press and the International News Service.
1958	5	28	world	history	Cuban Revolution: Fidel Castro's 26th of July Movement, heavily reinforced by Frank Pais Militia, overwhelm an army post in El Uvero.
1958	6	2	world	history	Aeronaves de México Flight 111 crashes on approach to Guadalajara International Airport, killing 45.
1958	6	18	world	history	Benjamin Britten's one-act opera Noye's Fludde premieres at the Aldeburgh Festival.
1958	7	7	world	history	US President Dwight D. Eisenhower signs the Alaska Statehood Act into law.
1958	7	14	world	history	In the 14 July Revolution in Iraq, the monarchy is overthrown by popular forces led by Abd al-Karim Qasim, who becomes the nation's new leader.
1958	8	18	world	history	Vladimir Nabokov's controversial novel Lolita is published in the United States.
1958	8	23	world	history	Chinese Civil War: The Second Taiwan Strait Crisis begins with the People's Liberation Army's bombardment of Quemoy.
1958	10	26	world	history	Pan American Airways makes the first commercial flight of the Boeing 707 from New York City to Paris.
1958	10	28	world	history	John XXIII is elected Pope.
1958	11	12	world	history	A team of rock climbers led by Warren Harding completes the first ascent of The Nose on El Capitan in Yosemite Valley.
1958	11	28	world	history	Chad, the Republic of the Congo, and Gabon become autonomous republics within the French Community.
1959	1	1	world	history	Cuban Revolution: Fulgencio Batista, dictator of Cuba, is overthrown by Fidel Castro's forces.
1959	1	2	world	science	Luna 1, the first spacecraft to reach the vicinity of the Moon and to orbit the Sun, is launched by the Soviet Union.
1959	1	4	world	science	Luna 1 becomes the first spacecraft to reach the vicinity of the Moon.
1959	1	16	world	history	Austral Líneas Aéreas Flight 205 crashes into the Atlantic Ocean near Astor Piazzolla International Airport in Mar del Plata, Argentina, killing 51.
1959	1	26	world	history	The 41-acre (17 ha) Chain Island is listed for sale by the California State Lands Commission, with a minimum bid of $5,226.
1959	1	29	world	history	The first Melodifestivalen is held at Cirkus in Stockholm, Sweden.
1959	2	2	world	history	Nine experienced ski hikers in the northern Ural Mountains in the Soviet Union die under mysterious circumstances.
1959	2	3	world	history	Sixty-five people are killed when American Airlines Flight 320 crashes into the East River on approach to LaGuardia Airport in New York City.
1959	2	9	world	history	The R-7 Semyorka, the first intercontinental ballistic missile, becomes operational at Plesetsk, USSR.
1959	2	16	world	history	Fidel Castro becomes Premier of Cuba after dictator Fulgencio Batista was overthrown on January 1.
1959	2	17	world	science	A Turkish Airlines Vickers Viscount crashes near Gatwick Airport, killing 14; Turkish prime minister Adnan Menderes survives the crash.
1959	2	17	world	science	Project Vanguard: Vanguard 2: The first weather satellite is launched to measure cloud-cover distribution.
1959	3	10	world	history	Tibetan uprising: Fearing an abduction attempt by China, thousands of Tibetans surround the Dalai Lama's palace to prevent his removal.
1959	3	30	india	history	Tenzin Gyatso, the 14th Dalai Lama, flees Tibet for India.
1959	6	8	world	history	USS Barbero and the United States Postal Service attempt the delivery of mail via Missile Mail.
1959	7	7	world	history	Venus occults the star Regulus. This rare event is used to determine the diameter of Venus and the structure of the Venusian atmosphere.
1959	7	21	world	science	NS Savannah, the first nuclear-powered cargo-passenger ship, is launched as a showcase for Dwight D. Eisenhower's "Atoms for Peace" initiative.
1959	8	3	world	history	Portugal's state police force PIDE fires upon striking workers in Bissau, Portuguese Guinea, killing over 50 people.
1959	8	7	world	science	Explorer program: Explorer 6 launches from the Atlantic Missile Range in Cape Canaveral, Florida.
1959	8	15	world	history	American Airlines Flight 514, a Boeing 707, crashes near the Calverton Executive Airpark in Calverton, New York, killing all five people on board.
1959	9	24	world	history	TAI Flight 307 crashes during takeoff from Bordeaux–Mérignac Airport in Bordeaux, Nouvelle-Aquitaine, France, killing 55 people.
1959	9	25	world	history	S. W. R. D. Bandaranaike, Prime Minister of Ceylon, is mortally shot by a Buddhist monk, Talduwe Somarama, and dies the next day.
1959	9	29	world	history	A Lockheed L-188 Electra crashes in Buffalo, Texas, killing 34 people.
1959	11	23	world	history	French President Charles de Gaulle declares in a speech in Strasbourg his vision for "Europe, from the Atlantic to the Urals".
1960	1	14	world	history	The Reserve Bank of Australia, the country's central bank and banknote issuing authority authorized by the 1959 Reserve Bank Act, is established.
1960	1	21	world	science	Little Joe 1B, a Mercury spacecraft, lifts off from Wallops Island, Virginia, with Miss Sam, a female rhesus monkey, on board.
1960	1	21	world	history	Avianca Flight 671 crashes at Montego Bay, Jamaica airport, killing 37 people.
1960	1	28	world	history	The National Football League announces expansion teams for Dallas to start in the 1960 NFL season and Minneapolis-St. Paul for the 1961 NFL season.
1960	2	3	world	history	British Prime Minister Harold Macmillan speaks of "a wind of change", signalling that his Government is likely to support decolonisation.
1960	2	26	world	history	A Kyiv-bound Aeroflot airliner crashes on approach to Snilow Airport in Lviv, killing 32 of the 33 people on board.
1960	2	26	world	history	A New York-bound Alitalia airliner crashes into a cemetery in Shannon, Ireland, shortly after takeoff, killing 34 of the 52 persons on board.
1960	3	17	india	history	Northwest Airlines Flight 710 explodes and crashes near Cannelton, Indiana, killing 63.
1960	4	4	world	history	France agrees to grant independence to the Mali Federation, a union of Senegal and French Sudan.
1960	4	19	world	history	Students in South Korea hold a nationwide pro-democracy protest against president Syngman Rhee, eventually forcing him to resign.
1960	4	26	world	history	Forced out by the April Revolution, President of South Korea Syngman Rhee resigns after 12 years of dictatorial rule.
1960	5	6	world	history	More than 20 million viewers watch the first televised royal wedding when Princess Margaret marries Antony Armstrong-Jones at Westminster Abbey.
1960	5	16	world	science	Theodore Maiman operates the first optical laser (a ruby laser), at Hughes Research Laboratories in Malibu, California.
1960	5	24	world	history	Following the 1960 Valdivia earthquake, the largest ever recorded earthquake, Cordón Caulle begins to erupt.
1960	5	27	world	history	In Turkey, a military coup removes President Celâl Bayar and the rest of the democratic government from office.
1960	6	10	world	history	Trans Australia Airlines Flight 538 crashes near Mackay Airport in Mackay, Queensland, Australia, killing 29.
1960	6	19	world	history	Charlotte Motor Speedway holds its first NASCAR race, the inaugural World 600.
1960	6	23	world	history	The United States Food and Drug Administration declares Enovid to be the first officially approved combined oral contraceptive pill in the world.
1960	6	24	world	history	Venezuelan President Rómulo Betancourt is injured in an assassination attempt.
1960	7	8	world	history	Francis Gary Powers is charged with espionage resulting from his flight over the Soviet Union.
1960	7	14	world	history	Jane Goodall arrives at the Gombe Stream Reserve in present-day Tanzania to begin her study of chimpanzees in the wild.
1960	7	14	world	history	Northwest Orient Airlines Flight 1-11 ditches off Polillo Island in the Philippines, killing one person and injuring 44.
1960	7	21	world	history	Sirimavo Bandaranaike is sworn in as prime minister of Ceylon, becoming the world's first democratically elected female head of government.
1960	8	1	world	history	Islamabad is declared the federal capital of the Government of Pakistan.
1960	8	6	world	history	Cuban Revolution: Cuba nationalizes American and foreign-owned property in the nation.
1960	8	9	world	history	South Kasai secedes from the Congo.
1960	8	19	world	science	Sputnik program: Korabl-Sputnik 2: The Soviet Union launches the satellite with the dogs Belka and Strelka, 40 mice, two rats and a variety of plants.
1960	9	30	world	history	The Flintstones, the first prime-time animated sitcom, premieres on ABC television.
1960	11	2	world	history	Penguin Books is found not guilty of obscenity in the trial R v Penguin Books Ltd, the Lady Chatterley's Lover case.
1960	11	11	world	history	A military coup against President Ngô Đình Diệm of South Vietnam is crushed.
1960	12	1	world	history	Patrice Lumumba is arrested by Mobutu Sese Seko's men on the banks of the Sankuru River, for inciting the army to rebellion.
1960	12	11	world	history	French forces crack down in a violent clash with protesters in French Algeria during a visit by French president Charles de Gaulle.
1961	1	3	world	history	Cold War: After a series of economic retaliations against one another, the United States severs diplomatic relations with Cuba.
1961	1	11	world	history	Throgs Neck Bridge over the East River, linking New York City's boroughs of The Bronx and Queens, opens to road traffic.
1961	1	24	world	history	Goldsboro B-52 crash: A bomber carrying two H-bombs breaks up in mid-air over North Carolina. The uranium core of one weapon remains lost.
1961	1	31	world	science	Project Mercury: Mercury-Redstone 2: The chimpanzee Ham travels into outer space.
1961	2	4	world	history	The Angolan War of Independence and the greater Portuguese Colonial War begin.
1961	4	12	world	science	Yuri Gagarin is the first human in space (12 April)
1961	4	20	world	history	Cold War: Failure of the Bay of Pigs Invasion of US-backed Cuban exiles against Cuba.
1961	4	30	world	science	K-19, the first Soviet nuclear submarine equipped with nuclear missiles, is commissioned.
1961	5	5	world	science	Project Mercury: Alan Shepard becomes the first American to travel into outer space, on a sub-orbital flight.
1961	5	16	world	history	Park Chung Hee leads a coup d'état to overthrow the Second Republic of South Korea.
1961	5	24	world	history	American civil rights movement: Freedom Riders are arrested in Jackson, Mississippi, for "disturbing the peace" after disembarking from their bus.
1961	5	31	world	history	In Moscow City Court, the Rokotov–Faibishenko show trial begins, despite the Khrushchev Thaw to reverse Stalinist elements in Soviet society.
1961	6	8	world	history	Marriage of Prince Edward, Duke of Kent to Katharine Worsley at York Minster.
1961	7	21	world	history	Alaska Airlines Flight 779 crashes near Shemya Air Force Base in Shemya, Alaska, killing six.
1961	7	25	world	history	Cold War: In a speech John F. Kennedy emphasizes that any attack on Berlin is an attack on NATO.
1961	9	17	world	history	Northwest Orient Airlines Flight 706 crashes during takeoff from O'Hare International Airport in Chicago, Illinois, killing all 37 people on board.
1961	10	7	world	history	A Douglas Dakota IV operated by Derby Aviation (later renamed to British Midland International) crashes in Canigou, France, killing 34 people.
1961	10	20	world	science	The Soviet Navy performs the first armed test of a submarine-launched ballistic missile, launching an R-13 from a Golf-class submarine.
1961	11	18	world	history	Vietnam War:  United States President John F. Kennedy sends 18,000 military advisors to South Vietnam.
1961	12	2	world	history	In a nationally broadcast speech, Cuban leader Fidel Castro declares that he is a Marxist–Leninist and that Cuba will adopt Communism.
1961	12	19	india	history	Goa, Daman and Diu liberated from Portugal (19 December)
1962	0	0	india	history	India-China war
1962	1	3	world	history	Pope John XXIII excommunicates Fidel Castro.
1962	1	9	world	science	Apollo program: NASA announces plans to build the C-5 rocket launch vehicle, then known as the "Advanced Saturn", to carry human beings to the Moon.
1962	1	11	world	history	Cold War: While tied to its pier in Polyarny, the Soviet submarine B-37 is destroyed when fire breaks out in its torpedo compartment.
1962	1	12	world	history	Vietnam War: Operation Chopper, the first American combat mission and first American helicopter assault in the war, takes place.
1962	1	26	world	science	Ranger 3 is launched to study the Moon. The space probe later misses the Moon by 22,000 miles (35,400 km).
1962	2	5	world	history	French President Charles de Gaulle calls for Algeria to be granted independence.
1962	2	16	world	history	The Great Sheffield Gale impacts the United Kingdom, killing nine people; the city of Sheffield is devastated, with 150,000 homes damaged.
1962	3	4	world	history	A Caledonian Airways Douglas DC-7 crashes shortly after takeoff from Cameroon, killing 111 – the worst crash of a DC-7.
1962	3	17	world	history	A Clockwork Orange, a British dystopian novel by Anthony Burgess, is published.
1962	3	29	world	history	Arturo Frondizi, the president of Argentina, is overthrown in a military coup by Argentina's armed forces, ending an 11+1⁄2 day constitutional crisis.
1962	4	21	world	history	The Seattle World's Fair (Century 21 Exposition) opens. It is the first World's Fair in the United States since World War II.
1962	4	26	world	science	NASA's Ranger 4 spacecraft crashes into the Moon.
1962	5	24	world	science	Project Mercury: American astronaut Scott Carpenter orbits the Earth three times in the Aurora 7 space capsule.
1962	6	1	world	history	Adolf Eichmann, former SS officer in Nazi Germany, is hanged in Israel for having committed crimes against humanity, war crimes, and other offenses.
1962	6	22	world	history	Air France Flight 117 crashes on approach to Pointe-à-Pitre International Airport in Guadeloupe, killing 112 people.
1962	7	6	world	history	The Late Late Show, the world's longest-running chat show by the same broadcaster, airs on RTÉ One for the first time.
1962	7	7	india	history	Alitalia Flight 771 crashes in Junnar, Maharashtra, India, killing 94 people.
1962	7	8	world	history	Ne Win besieges and blows up the Rangoon University Student Union building to crush the Student Movement.
1962	8	5	world	history	Apartheid: Nelson Mandela is jailed. He would not be released until 1990.
1962	9	18	world	history	Burundi, Jamaica, Rwanda and Trinidad and Tobago are admitted to the United Nations.
1962	9	18	world	history	Aeroflot Flight 213 crashes into a mountain near Chersky Airport, killing 32 people.
1962	9	25	world	history	The People's Democratic Republic of Algeria is formally proclaimed. Ferhat Abbas is elected President of the provisional government.
1962	10	3	world	science	Project Mercury: US astronaut Wally Schirra, in Sigma 7, is launched from Cape Canaveral for a six-orbit flight.
1962	10	8	world	history	Der Spiegel publishes an article disclosing the sorry state of the Bundeswehr, leading to accusations of treason.
1962	10	11	world	history	The Second Vatican Council becomes the first ecumenical council of the Roman Catholic Church in 92 years.
1962	10	13	world	history	The Pacific Northwest experiences a cyclone the equal of a Category 3 hurricane, with winds above 150 mph. Forty-six people die.
1962	10	20	india	science	China launches simultaneous offensives in Ladakh and across the McMahon Line, igniting the Sino-Indian War.
1962	10	25	world	history	Cuban Missile Crisis: Adlai Stevenson shows the United Nations Security Council reconnaissance photographs of Soviet ballistic missiles in Cuba.
1962	10	28	world	history	The Cuban Missile Crisis ends and Premier Nikita Khrushchev orders the removal of Soviet missiles from Cuba.
1962	11	17	world	history	President John F. Kennedy dedicates Washington Dulles International Airport, serving the Washington, D.C., region.
1962	11	24	world	history	Cold War: The West Berlin branch of the Socialist Unity Party of Germany forms a separate party, the Socialist Unity Party of West Berlin.
1962	12	7	world	history	Prince Rainier III of Monaco revises the principality's constitution, devolving some of his power to advisory and legislative councils.
1963	1	2	world	history	Vietnam War: The Viet Cong wins its first major victory, at the Battle of Ap Bac.
1963	1	13	world	history	Coup d'état in Togo results in the assassination of president Sylvanus Olympio.
1963	1	22	world	history	The Élysée Treaty of cooperation between France and West Germany is signed by Charles de Gaulle and Konrad Adenauer.
1963	1	23	world	history	The Guinea-Bissau War of Independence officially begins when PAIGC guerrilla fighters attack the Portuguese Army stationed in Tite.
1963	2	8	world	history	The regime of Prime Minister of Iraq Abd al-Karim Qasim is overthrown by the Ba'ath Party.
1963	2	27	world	history	The Dominican Republic receives its first democratically elected president, Juan Bosch, since the end of the dictatorship led by Rafael Trujillo.
1963	3	17	world	history	Mount Agung erupts on Bali killing more than 1,100 people.
1963	4	21	world	history	The first election of the Universal House of Justice is held, marking its establishment as the supreme governing institution of the Baháʼí Faith.
1963	6	10	world	history	The Equal Pay Act of 1963, aimed at abolishing wage disparity based on sex, is signed into law by John F. Kennedy as part of his New Frontier Program.
1963	6	11	world	history	Buddhist monk Thích Quảng Đức burns himself with gasoline in a busy Saigon intersection to protest the lack of religious freedom in South Vietnam.
1963	6	12	world	history	The film Cleopatra, starring Elizabeth Taylor and Richard Burton, is released in US theaters. It was the most expensive film made at the time.
1963	7	22	world	history	Crown Colony of Sarawak gains self-governance.
1963	7	26	world	history	An earthquake in Skopje, Yugoslavia (present-day North Macedonia) leaves 1,100 dead.
1963	7	27	world	history	The Puijo observation tower is opened to the general public at Puijo Hill in Kuopio, Finland.
1963	8	18	world	history	Civil rights movement: James Meredith becomes the first African American to graduate from the University of Mississippi.
1963	8	28	world	history	Martin Luther King Jr. gives his "I have a dream" speech (28 August)
1963	8	28	world	history	March on Washington for Jobs and Freedom: Rev. Dr. Martin Luther King Jr. gives his I Have a Dream speech.
1963	9	25	world	history	Lord Denning releases the UK government's official report on the Profumo affair.
1963	11	1	world	science	The Arecibo Observatory in Arecibo, Puerto Rico, with the largest radio telescope ever constructed, officially opens.
1963	11	2	world	history	South Vietnamese President Ngô Đình Diệm is assassinated following a military coup.
1963	11	23	world	history	The first episode of Doctor Who ("An Unearthly Child") is broadcast by the BBC, which is now the world's longest running science fiction drama.
1963	12	7	world	history	Instant replay makes its debut during the Army-Navy football game in Philadelphia, Pennsylvania, United States.
1963	12	12	world	history	Kenya declares independence from Great Britain.
1963	12	22	world	history	The cruise ship Lakonia burns 290 kilometres (180 mi) north of Madeira, Portugal with the loss of 128 lives.
1963	12	31	world	history	The Central African Federation officially collapses, subsequently becoming Zambia, Malawi and Rhodesia.
1964	1	1	world	history	The Federation of Rhodesia and Nyasaland is divided into the independent republics of Zambia and Malawi, and the British-controlled Rhodesia.
1964	1	12	world	history	Rebels in Zanzibar begin a revolt known as the Zanzibar Revolution and proclaim a republic.
1964	1	13	india	history	Anti-Muslim riots break out in Calcutta, in response to anti-Hindu riots in East Pakistan. About one hundred people are killed.
1964	1	23	world	history	The 24th Amendment to the United States Constitution, prohibiting the use of poll taxes in national elections, is ratified.
1964	1	28	world	history	An unarmed United States Air Force T-39 Sabreliner on a training mission is shot down over Erfurt, East Germany, by a Soviet MiG-19.
1964	1	30	world	history	In a bloodless coup, General Nguyễn Khánh overthrows General Dương Văn Minh's military junta in South Vietnam.
1964	2	17	world	history	In Wesberry v. Sanders the Supreme Court of the United States rules that congressional districts have to be approximately equal in population.
1964	2	17	world	history	Gabonese president Léon M'ba is toppled by a coup and his rival, Jean-Hilaire Aubame, is installed in his place.
1964	4	13	world	history	At the Academy Awards, Sidney Poitier becomes the first African-American man to win the Best Actor award for the 1963 film Lilies of the Field.
1964	4	26	world	history	Tanganyika and Zanzibar merge to form the United Republic of Tanzania.
1964	5	2	world	history	First ascent of Shishapangma, the fourteenth highest mountain in the world and the lowest of the Eight-thousanders.
1964	5	20	world	science	Discovery of the cosmic microwave background radiation by Robert Woodrow Wilson and Arno Penzias.
1964	6	19	world	history	The Civil Rights Act of 1964 is approved after surviving an 83-day filibuster in the United States Senate.
1964	7	2	world	history	Civil rights movement: U.S. President Lyndon B. Johnson signs the Civil Rights Act of 1964 meant to prohibit segregation in public places.
1964	7	19	world	history	Vietnam War: At a rally in Saigon, South Vietnamese Prime Minister Nguyễn Khánh calls for expanding the war into North Vietnam.
1964	8	4	world	history	Second Gulf of Tonkin Incident: U.S. destroyers USS Maddox and USS Turner Joy mistakenly report coming under attack in the Gulf of Tonkin.
1964	8	19	world	science	Syncom 3, the first geostationary communication satellite, is launched. Two months later, it would enable live coverage of the 1964 Summer Olympics.
1964	9	13	world	history	South Vietnamese Generals Lâm Văn Phát and Dương Văn Đức fail in a coup attempt against General Nguyễn Khánh.
1964	9	18	world	history	The first television adaptation of Charles Addams's "The Addams Family" premieres on ABC Television.
1964	9	23	world	history	Typhoon Wilda, one of the strongest typhoons to ever strike Japan, makes landfall, causing at least 30 fatalities and sinking at least 64 ships.
1964	10	14	world	science	Martin Luther King Jr. receives the Nobel Peace Prize for combating racial inequality through nonviolence.
1964	10	14	world	history	The Soviet Presidium and the Communist Party Central Committee each vote to accept Nikita Khrushchev's "voluntary" request to retire from his offices.
1964	11	2	world	history	King Saud of Saudi Arabia is deposed by a family coup, and replaced by his half-brother Faisal.
1964	11	28	world	science	Mariner program: NASA launches the Mariner 4 probe toward Mars.
1964	12	1	world	history	Vietnam War: U.S. President Lyndon B. Johnson and his top-ranking advisers meet to discuss plans to bomb North Vietnam.
1964	12	22	world	history	The first test flight of the SR-71 (Blackbird) takes place at Air Force Plant 42 in Palmdale, California, United States.
1965	0	0	india	history	India-Pakistan war
1965	1	27	world	history	South Vietnamese Prime Minister Trần Văn Hương is removed by the military junta of Nguyễn Khánh.
1965	3	18	world	science	Cosmonaut Alexei Leonov, leaving his spacecraft Voskhod 2 for 12 minutes, becomes the first person to walk in space.
1965	3	23	world	science	NASA launches Gemini 3, the United States' first two-man space flight (crew: Gus Grissom and John Young).
1965	3	30	world	history	Vietnam War: A car bomb explodes in front of the United States Embassy, Saigon, killing 22 and wounding 183 others.
1965	4	5	world	history	My Fair Lady wins Best Picture at the 37th Academy Awards.
1965	4	6	world	science	Launch of Early Bird, the first commercial communications satellite to be placed in geosynchronous orbit.
1965	5	12	world	science	The Soviet spacecraft Luna 5 crashes on the Moon.
1965	5	27	world	history	Vietnam War: American warships begin the first bombardment of National Liberation Front targets within South Vietnam.
1965	6	18	world	history	Vietnam War: The United States Air Force uses B-52 bombers to attack guerrilla fighters in South Vietnam.
1965	6	19	world	history	Nguyễn Cao Kỳ becomes Prime Minister of South Vietnam at the head of a military junta; General Nguyễn Văn Thiệu becomes the figurehead chief of state.
1965	7	25	world	history	Bob Dylan goes electric at the Newport Folk Festival, signaling a major change in folk and rock music.
1965	7	29	world	history	Vietnam War: The first 4,000 101st Airborne Division paratroopers arrive in Vietnam, landing at Cam Ranh Bay.
1965	7	30	world	history	U.S. president Lyndon B. Johnson signs the Social Security Act of 1965 into law, establishing Medicare and Medicaid.
1965	8	4	world	history	The Constitution of the Cook Islands comes into force, giving the Cook Islands self-governing status within New Zealand.
1965	8	6	world	history	US President Lyndon B. Johnson signs the Voting Rights Act of 1965 into law.
1965	8	19	world	history	Japanese prime minister Eisaku Satō becomes the first post-World War II sitting prime minister to visit Okinawa Prefecture.
1965	10	15	world	history	Vietnam War: A draft card is burned during an anti-war rally by the Catholic Worker Movement, resulting in the first arrest under a new law.
1965	10	28	world	history	Pope Paul VI promulgates Nostra aetate, by which the Roman Catholic Church officially recognizes the legitimacy of non-Christian faiths.
1965	11	11	world	history	Southern Rhodesia's Prime Minister Ian Smith unilaterally declares the colony independent as the unrecognised state of Rhodesia.
1965	12	7	world	history	Pope Paul VI and Patriarch Athenagoras I simultaneously revoke mutual excommunications that had been in place since 1054.
1966	1	10	india	history	Tashkent Declaration, a peace agreement between India and Pakistan signed that resolved the Indo-Pakistani War of 1965.
1966	1	12	world	history	Lyndon B. Johnson states that the United States should stay in South Vietnam until Communist aggression there is ended.
1966	1	13	world	history	Robert C. Weaver becomes the first African American Cabinet member when he is appointed United States Secretary of Housing and Urban Development.
1966	1	15	world	history	The First Nigerian Republic, led by Abubakar Tafawa Balewa is overthrown in a military coup d'état.
1966	1	19	india	history	Indira Gandhi becomes India's first female prime minister.
1966	1	24	india	history	Air India Flight 101 crashes into Mont Blanc.
1966	1	26	world	history	The three Beaumont children disappear from a beach in Glenelg, South Australia, resulting in one of the country's largest-ever police investigations.
1966	1	31	world	science	The Soviet Union launches the unmanned Luna 9 spacecraft as part of the Luna program.
1966	2	4	world	history	All Nippon Airways Flight 60 plunges into Tokyo Bay, killing 133.
1966	2	26	world	science	Apollo program: Launch of AS-201, the first flight of the Saturn IB rocket.
1966	3	4	world	history	A Canadian Pacific Air Lines DC-8-43 explodes on landing at Tokyo International Airport, killing 64 people.
1966	3	4	world	history	In an interview in the London Evening Standard, the Beatles' John Lennon declares that the band is "more popular than Jesus now".
1966	3	17	world	history	Off the coast of Spain in the Mediterranean, the DSV Alvin submarine finds a missing American hydrogen bomb.
1966	3	18	world	history	United Arab Airlines Flight 749 crashes on approach to Cairo International Airport in Cairo, Egypt, killing 30 people.
1966	3	31	world	science	The Soviet Union launches Luna 10 which later becomes the first space probe to enter orbit around the Moon.
1966	3	31	world	history	The Labour Party under Harold Wilson wins the 1966 United Kingdom general election.
1966	4	21	world	history	Rastafari movement: Haile Selassie of Ethiopia visits Jamaica, an event now celebrated as Grounation Day.
1966	4	22	world	history	American Flyers Airline Flight 280/D crashes on approach to Ardmore Municipal Airport in Ardmore, Oklahoma, killing 83.
1966	5	16	world	history	The Chinese Communist Party issues the "May 16 Notice", marking the beginning of the Cultural Revolution.
1966	5	26	world	history	British Guiana gains independence, becoming Guyana.
1966	6	2	world	science	Surveyor program: Surveyor 1 lands in Oceanus Procellarum on the Moon, becoming the first U.S. spacecraft to soft-land on another world.
1966	6	22	world	history	Vietnamese Buddhist activist leader Thích Trí Quang was arrested as the military junta of Nguyen Cao Ky crushed the Buddhist Uprising.
1966	7	2	world	science	France conducts its first nuclear weapon test in the Pacific, on Moruroa Atoll.
1966	7	6	world	history	Malawi becomes a republic, with Hastings Banda as its first President.
1966	7	8	world	history	King Mwambutsa IV Bangiriceng of Burundi is deposed by his son Prince Charles Ndizi.
1966	7	15	world	history	Vietnam War: The United States and South Vietnam begin Operation Hastings to push the North Vietnamese out of the Vietnamese Demilitarized Zone.
1966	7	30	world	history	England defeats West Germany to win the FIFA World Cup at Wembley Stadium 4–2 after extra time.
1966	8	1	world	history	Charles Whitman kills 15 people at the University of Texas at Austin before being killed by the police.
1966	8	10	world	history	The Heron Road Bridge collapses while being built, killing nine workers in the deadliest construction accident in both Ottawa and Ontario.
1966	8	29	world	history	The Beatles perform their last concert before paying fans at Candlestick Park in San Francisco.
1966	9	8	world	history	The landmark American science fiction television series Star Trek premieres with its first-aired episode, "The Man Trap".
1966	10	9	world	history	Vietnam War: the Republic of Korea Army commits the Binh Tai Massacre.
1966	10	15	world	history	The Black Panther Party is created by Huey P. Newton and Bobby Seale.
1966	11	13	world	science	In response to Fatah raids against Israelis near the West Bank border, Israel launches an attack on the village of As-Samu.
1966	11	13	world	history	All Nippon Airways Flight 533 crashes into the Seto Inland Sea near Matsuyama Airport in Japan, killing 50 people.
1966	11	16	world	history	The Temptations release their Greatest Hits album, which goes on to be the Billboard Year-End R&B album of 1967.
1966	11	24	world	history	Bulgarian TABSO Flight 101 crashes near Bratislava, Czechoslovakia, killing all 82 people on board.
1966	11	28	world	history	Michel Micombero overthrows the monarchy of Burundi and makes himself the first president.
1966	12	26	world	history	The first Kwanzaa is celebrated by Maulana Karenga, the chair of Black Studies at California State University, Long Beach.
1966	12	27	world	science	The Cave of Swallows, the largest known cave shaft in the world, is discovered in Aquismón, San Luis Potosí, Mexico.
1967	1	2	world	history	Ronald Reagan, past movie actor and future President of the United States, is sworn in as Governor of California.
1967	1	5	world	history	Cultural Revolution: The Shanghai People's Commune is established following the seizure of power from local city officials by revolutionaries.
1967	1	6	world	science	Vietnam War: United States Marine Corps and ARVN troops launch "Operation Deckhouse Five" in the Mekong River delta.
1967	1	12	world	history	Dr. James Bedford becomes the first person to be cryonically preserved with intent of future resuscitation.
1967	1	14	world	science	Counterculture of the 1960s: The Human Be-In takes place in San Francisco, California's Golden Gate Park, launching the Summer of Love.
1967	1	15	world	history	The first Super Bowl is played in Los Angeles. The Green Bay Packers defeat the Kansas City Chiefs 35–10.
1967	1	22	world	history	Between dozens and hundreds of anti-Somocista demonstrators are killed by the Nicaraguan National Guard in Managua.
1967	1	23	world	history	Diplomatic relations between the Soviet Union and Ivory Coast are established.
1967	2	5	world	history	Cultural Revolution: The Shanghai People's Commune is formally proclaimed, with Yao Wenyuan and Zhang Chunqiao being appointed as its leaders.
1967	4	4	world	history	Martin Luther King Jr. delivers his "Beyond Vietnam: A Time to Break Silence" speech in New York City's Riverside Church.
1967	4	14	world	history	Gnassingbé Eyadéma overthrows Nicolas Grunitzky and installs himself as the new President of Togo, a title he will hold for the next 38 years.
1967	4	28	world	history	Vietnam War: Boxer Muhammad Ali refuses his induction into the United States Army and is subsequently stripped of his championship and license.
1967	4	29	world	history	After refusing induction into the United States Army the previous day, Muhammad Ali is stripped of his boxing title.
1967	5	10	world	history	The Northrop M2-F2 crashes on landing, becoming the inspiration for the novel Cyborg and TV series The Six Million Dollar Man.
1967	5	20	world	history	The Popular Movement of the Revolution political party is established in the Democratic Republic of the Congo.
1967	5	24	world	history	Egypt imposes a blockade and siege of the Red Sea coast of Israel.
1967	5	24	world	history	Belle de Jour, directed by Luis Buñuel, is released.
1967	5	26	world	history	The Beatles' album Sgt. Pepper's Lonely Hearts Club Band is released.
1967	5	27	world	science	The U.S. Navy aircraft carrier USS John F. Kennedy is launched by Jacqueline Kennedy and her daughter Caroline.
1967	5	30	world	history	The Nigerian Eastern Region declares independence as the Republic of Biafra, sparking a civil war.
1967	6	2	world	history	Luis Monge is executed in Colorado's gas chamber, in the last pre-Furman execution in the United States.
1967	6	7	world	history	Six-Day War: Israeli soldiers enter Jerusalem.
1967	6	10	world	history	The Six-Day War ends: Israel and Syria agree to a cease-fire.
1967	6	12	world	history	The United States Supreme Court in Loving v. Virginia declares all U.S. state laws that prohibit interracial marriage to be unconstitutional.
1967	6	13	world	science	U.S. President Lyndon B. Johnson nominates Solicitor-General Thurgood Marshall to become the first black justice on the U.S. Supreme Court.
1967	6	14	world	science	Mariner program: Mariner 5 is launched towards Venus.
1967	7	6	world	history	Nigerian Civil War: Nigerian forces invade Biafra, beginning the war.
1967	7	29	world	history	Vietnam War: Off the coast of North Vietnam the USS Forrestal catches on fire in the worst U.S. naval disaster since World War II, killing 134.
1967	8	14	world	history	UK Marine Broadcasting Offences Act 1967 declares participation in offshore pirate radio illegal.
1967	8	30	world	science	Thurgood Marshall is confirmed as the first African American Justice of the Supreme Court of the United States.
1967	9	1	world	history	Six-Day War: The Khartoum Resolution is issued at the Arab Summit, and eight countries adopt the "three 'no's against Israel".
1967	9	4	world	history	Vietnam War: Operation Swift begins when U.S. Marines engage the North Vietnamese in battle in the Que Son Valley.
1967	10	2	world	science	Thurgood Marshall is sworn in as the first African-American justice of the United States Supreme Court.
1967	10	26	world	history	Mohammad Reza Pahlavi crowns himself Emperor of Iran.
1967	11	7	world	history	Carl B. Stokes is elected as Mayor of Cleveland, Ohio, becoming the first African American mayor of a major American city.
1967	11	7	world	history	US President Lyndon B. Johnson signs the Public Broadcasting Act of 1967, establishing the Corporation for Public Broadcasting.
1967	11	28	world	science	The first pulsar (PSR B1919+21, in the constellation of Vulpecula) is discovered by two astronomers Jocelyn Bell Burnell and Antony Hewish.
1967	12	17	world	history	Harold Holt, Prime Minister of Australia, disappears while swimming near Portsea, Victoria, and is presumed drowned.
1968	1	5	world	history	Alexander Dubček comes to power in Czechoslovakia, effectively beginning the "Prague Spring".
1968	1	7	world	science	Surveyor program: Surveyor 7, the last spacecraft in the Surveyor series, lifts off from Cape Canaveral Launch Complex 36A.
1968	1	13	world	history	Johnny Cash performs live at Folsom State Prison.
1968	1	21	world	history	Vietnam War, Battle of Khe Sanh: One of the most publicized and controversial battles of the war begins.
1968	1	22	world	science	Apollo Program: Apollo 5 lifts off carrying the first Lunar module into space.
1968	1	22	world	history	Operation Igloo White, a US electronic surveillance system to stop communist infiltration into South Vietnam begins installation.
1968	1	30	world	science	Vietnam War: Tet Offensive launch by forces of the Viet Cong and North Vietnamese Army against South Vietnam, the United States, and their allies.
1968	2	1	world	history	Canada's three military services, the Royal Canadian Navy, the Canadian Army and the Royal Canadian Air Force, are unified into the Canadian Forces.
1968	2	1	world	history	The New York Central Railroad and the Pennsylvania Railroad are merged to form Penn Central Transportation.
1968	3	17	world	science	As a result of nerve gas testing by the U.S. Army Chemical Corps in Skull Valley, Utah, over 6,000 sheep are found dead.
1968	3	18	world	history	Gold standard: The U.S. Congress repeals the requirement for a gold reserve to back US currency.
1968	4	4	world	history	Martin Luther King Jr. is assassinated by James Earl Ray at a motel in Memphis, Tennessee.
1968	4	4	world	science	Apollo program: NASA launches Apollo 6.
1968	4	7	world	history	Two-time Formula One British World Champion Jim Clark dies in an accident during a Formula Two race in Hockenheim.
1968	5	12	world	history	Vietnam War: North Vietnamese and Viet Cong forces attack Australian troops defending Fire Support Base Coral.
1968	6	8	world	history	James Earl Ray, the man who assassinated Martin Luther King Jr. is arrested at London Heathrow Airport.
1968	6	11	world	history	Lloyd J. Old identifies the first cell surface antigens that could differentiate among different cell types.
1968	7	20	world	history	The first International Special Olympics Summer Games are held at Soldier Field in Chicago, with about 1,000 athletes with intellectual disabilities.
1968	8	13	world	history	Alexandros Panagoulis attempts to assassinate the Greek dictator Colonel Georgios Papadopoulos in Varkiza, Athens.
1968	9	13	world	history	Cold War: Albania leaves the Warsaw Pact.
1968	10	25	world	history	A Fairchild F-27 crashes into Moose Mountain while on approach to Lebanon Municipal Airport in Lebanon, New Hampshire, killing 32 people.
1968	10	26	world	science	Space Race: The Soyuz 3 mission achieves the first Soviet space rendezvous.
1968	11	11	world	history	Vietnam War: Operation Commando Hunt initiated. The goal is to interdict men and supplies on the Ho Chi Minh trail, through Laos into South Vietnam.
1968	11	22	world	history	Japan Air Lines Flight 2 accidentally ditches in San Francisco Bay while on approach to San Francisco International Airport. No one is injured.
1968	12	26	world	history	The Communist Party of the Philippines is established by Jose Maria Sison, breaking away from the Partido Komunista ng Pilipinas-1930.
1969	1	5	world	history	Ariana Afghan Airlines Flight 701 crashes in Fernhill, West Sussex, UK, while on approach to Gatwick Airport, killing 50 people.
1969	1	5	world	science	The Venera 5 space probe is launched at 06:28:08 UTC from Baikonur.
1969	1	14	world	history	USS Enterprise fire: An accidental explosion aboard the USS Enterprise near Hawaii kills 28 people.
1969	1	17	world	history	Black Panther Party members Bunchy Carter and John Huggins are killed during a meeting in Campbell Hall on the campus of UCLA.
1969	1	25	world	history	Brazilian Army captain Carlos Lamarca deserts in order to fight against the military dictatorship, taking with him ten machine guns and 63 rifles.
1969	1	30	world	history	The Beatles' last public performance, on the roof of Apple Records in London. The impromptu concert is broken up by the police.
1969	3	3	world	science	Apollo program: NASA launches Apollo 9 to test the lunar module.
1969	3	10	world	history	In Memphis, Tennessee, James Earl Ray pleads guilty to assassinating Martin Luther King Jr. He later unsuccessfully attempts to recant.
1969	3	17	world	history	Golda Meir becomes the first female Prime Minister of Israel.
1969	3	18	world	history	The United States begins secretly bombing the Sihanouk Trail in Cambodia, used by communist forces to infiltrate South Vietnam.
1969	4	4	world	history	Dr. Denton Cooley implants the first temporary artificial heart.
1969	4	22	world	history	British yachtsman Sir Robin Knox-Johnston wins the Sunday Times Golden Globe Race and completes the first solo non-stop circumnavigation of the world.
1969	4	28	world	history	Charles de Gaulle resigns as President of France.
1969	5	9	world	history	Carlos Lamarca leads the first urban guerrilla action against the military dictatorship of Brazil in São Paulo, by robbing two banks.
1969	5	10	world	history	Vietnam War: The Battle of Dong Ap Bia begins with an assault on Hill 937. It will ultimately become known as Hamburger Hill.
1969	5	13	world	history	In the aftermath of the 1969 Malaysian general election, Sino-Malay sectarian violence erupts in Kuala Lumpur, Malaysia.
1969	5	16	world	science	Venera program: Venera 5, a Soviet space probe, lands on Venus.
1969	6	23	world	history	Warren E. Burger is sworn in as Chief Justice of the United States Supreme Court by retiring Chief Justice Earl Warren.
1969	7	20	world	science	Apollo 11: Neil Armstrong walks on the Moon (20 July)
1969	7	20	world	history	A cease fire is announced between Honduras and El Salvador, six days after the beginning of the "Football War".
1969	7	21	world	science	Apollo program: At 02:56 UTC, astronaut Neil Armstrong becomes the first person to walk on the Moon, followed 19 minutes later by Edwin "Buzz" Aldrin.
1969	8	10	world	history	A day after murdering actress Sharon Tate and four others, members of Charles Manson's cult kill Leno and Rosemary LaBianca.
1969	8	15	india	science	ISRO founded (15 August)
1969	9	1	world	history	A coup in Libya brings Muammar Gaddafi to power.
1969	10	9	world	history	In Chicago, the National Guard is called in as demonstrations continue over the trial of the "Chicago Eight".
1969	11	12	world	history	Vietnam War: Independent investigative journalist Seymour Hersh breaks the story of the My Lai Massacre.
1970	1	5	world	history	A Spantax Convair CV-990 Coronado crashes during takeoff from Stockholm Arlanda Airport, killing five people.
1970	1	12	world	history	Biafra capitulates, ending the Nigerian Civil War.
1970	1	15	world	history	Nigerian Civil War: Biafran rebels surrender following an unsuccessful 32-month fight for independence from Nigeria.
1970	3	10	world	history	Vietnam War: Captain Ernest Medina is charged by the U.S. military with My Lai war crimes.
1970	3	18	world	history	Lon Nol ousts Prince Norodom Sihanouk of Cambodia.
1970	4	10	world	history	Paul McCartney announces that he is leaving The Beatles for personal and professional reasons.
1970	4	11	world	science	Apollo Program: Apollo 13 is launched.
1970	4	22	world	history	Chicano residents in San Diego, California occupy a site under the Coronado Bridge, leading to the creation of Chicano Park.
1970	4	28	world	history	Vietnam War: US President Richard Nixon formally authorizes American combat troops to take part in the Cambodian campaign.
1970	5	1	world	history	Vietnam War: A student anti-war strike erupts in response to U.S. and South Vietnamese forces attacking Vietnamese communists in a Cambodian Campaign.
1970	5	2	world	history	ALM Flight 980 ditches in the Caribbean Sea near Saint Croix, killing 23.
1970	5	15	world	history	President Richard Nixon appoints Anna Mae Hays and Elizabeth P. Hoisington as the first female United States Army generals.
1970	5	26	world	history	The Soviet Tupolev Tu-144 becomes the first commercial transport to exceed Mach 2.
1970	7	3	world	history	The Troubles: The "Falls Curfew" begins in Belfast, Northern Ireland.
1970	7	31	world	history	Black Tot Day: The last day of the officially sanctioned rum ration in the Royal Navy.
1970	8	23	world	history	Organized by Mexican American labor union leader César Chávez, the Salad Bowl strike, the largest farm worker strike in U.S. history, begins.
1970	8	29	world	history	Chicano Moratorium against the Vietnam War, East Los Angeles, California. Police riot kills three people, including journalist Rubén Salazar.
1970	9	2	world	science	NASA announces the cancellation of two Apollo missions to the Moon, Apollo 15 (the designation is re-used by a later mission), and Apollo 19.
1970	9	8	world	history	Trans International Airlines Flight 863 crashes during takeoff from John F. Kennedy International Airport in New York City, killing all 11 aboard.
1970	9	9	world	history	A British airliner is hijacked by the Popular Front for the Liberation of Palestine and flown to Dawson's Field in Jordan.
1970	9	19	world	history	Michael Eavis hosts the first Glastonbury Festival.
1970	10	2	world	history	An aircraft carrying the Wichita State University football team, administrators, and supporters crashes in Colorado, killing 31 people.
1970	10	8	world	science	Aleksandr Solzhenitsyn wins the Nobel Prize in literature.
1970	11	12	world	history	The Oregon Highway Division attempts to destroy a rotting beached sperm whale with explosives, leading to the now infamous "exploding whale" incident.
1970	11	17	world	history	Vietnam War: Lieutenant William Calley goes on trial for the My Lai Massacre.
1970	11	18	world	history	U.S. President Richard Nixon asks the U.S. Congress for $155 million in supplemental aid for the Cambodian government.
1971	0	0	world	science	First microprocessor, the Intel 4004
1971	1	2	world	history	The second Ibrox disaster kills 66 fans at a Rangers-Celtic association football match.
1971	1	21	world	history	The current Emley Moor transmitting station, the tallest free-standing structure in the United Kingdom, begins transmitting UHF broadcasts.
1971	1	22	world	history	The Singapore Declaration, one of the two most important documents to the uncodified constitution of the Commonwealth of Nations, is issued.
1971	1	25	world	history	Idi Amin leads a coup deposing Milton Obote and becomes Uganda's president.
1971	1	25	world	history	Charles Manson and four "Family" members (three of them female) are found guilty of the 1969 Tate–LaBianca murders.
1971	1	29	world	history	The last of its many UFO sightings is made at Pudasjärvi, Finland.
1971	2	2	world	history	Idi Amin replaces President Milton Obote as leader of Uganda.
1971	2	2	world	history	The international Ramsar Convention for the conservation and sustainable utilization of wetlands is signed in Ramsar, Mazandaran, Iran.
1971	2	8	world	science	South Vietnamese ground troops launch an incursion into Laos to try to cut off the Ho Chi Minh trail and stop communist infiltration into the country.
1971	2	9	world	history	The 6.5–6.7 Mw Sylmar earthquake hits the Greater Los Angeles Area with a maximum Mercalli intensity of XI (Extreme), killing 64 and injuring 2,000.
1971	2	9	world	history	Satchel Paige becomes the first Negro league player to be voted into the USA's Baseball Hall of Fame.
1971	2	26	world	history	U.N. Secretary-General U Thant signs United Nations proclamation of the vernal equinox as Earth Day.
1971	3	18	world	history	Peru: A landslide crashes into Yanawayin Lake, killing 200 people at the mining camp of Chungar.
1971	4	5	world	science	In Sri Lanka, Janatha Vimukthi Peramuna launches a revolt against the United Front government of Sirimavo Bandaranaike.
1971	4	7	world	history	Vietnam War: President Richard Nixon announces his decision to quicken the pace of Vietnamization.
1971	4	19	world	history	Sierra Leone becomes a republic, and Siaka Stevens the president.
1971	4	19	world	history	Charles Manson is sentenced to death (later commuted to life imprisonment) for conspiracy in the Tate–LaBianca murders.
1971	5	26	world	history	Bangladesh Liberation War: The Pakistan Army slaughters at least 71 Hindus in Burunga, Sylhet, Bangladesh.
1971	5	30	world	science	Mariner program: Mariner 9 is launched to map 70% of the surface, and to study temporal changes in the atmosphere and surface, of Mars.
1971	6	7	world	history	The Alcohol, Tobacco, and Firearms Division of the U.S. Internal Revenue Service raids the home of Ken Ballew for illegal possession of hand grenades.
1971	6	7	world	history	Allegheny Airlines Flight 485 crashes on approach to Tweed New Haven Airport in New Haven, Connecticut, killing 28 of 31 aboard.
1971	6	13	world	history	Vietnam War: The New York Times begins publication of the Pentagon Papers.
1971	7	26	world	science	Apollo program: Launch of Apollo 15 on the first Apollo "J-Mission", and first use of a Lunar Roving Vehicle.
1971	7	30	world	science	Apollo program: On Apollo 15, David Scott and James Irwin in the Apollo Lunar Module Falcon land on the Moon with the first Lunar Rover.
1971	7	30	world	history	An All Nippon Airways Boeing 727 and a Japanese Air Force F-86 collide over Morioka, Iwate, Japan, killing 162.
1971	7	31	world	history	Apollo program: The Apollo 15 astronauts become the first to ride in a lunar rover.
1971	9	9	world	history	The four-day Attica Prison riot begins, eventually resulting in 39 dead, most killed by state troopers retaking the prison.
1971	9	13	world	history	State police and National Guardsmen storm New York's Attica Prison to quell a prison revolt, which claimed 43 lives.
1971	10	2	world	history	South Vietnamese President Nguyen Van Thieu is re-elected in a one-man election.
1971	10	2	world	history	British European Airways Flight 706 crashes near Aarsele, Belgium, killing 63.
1971	10	25	world	history	The People's Republic of China replaces the Republic of China at the United Nations.
1971	10	27	world	history	The Democratic Republic of the Congo is renamed Zaire.
1971	11	6	world	science	The United States Atomic Energy Commission tests the largest U.S. underground hydrogen bomb, code-named Cannikin, on Amchitka Island in the Aleutians.
1971	11	23	world	history	Representatives of the People's Republic of China attend the United Nations, including the United Nations Security Council, for the first time.
1971	11	28	world	history	Wasfi al-Tal, Prime Minister of Jordan, is assassinated by the Black September unit of the Palestine Liberation Organization.
1971	12	1	world	history	Purge of Croatian Spring leaders starts in Yugoslavia at the meeting of the League of Communists at the Karađorđevo estate.
1971	12	2	world	history	Abu Dhabi, Ajman, Fujairah, Sharjah, Dubai, and Umm al-Quwain form the United Arab Emirates.
1971	12	7	india	history	The Battle of Sylhet is fought between the Pakistani military and the Indian Army.
1971	12	16	india	history	Bangladesh Liberation War; Bangladesh is born (16 December)
1971	12	22	world	history	The international aid organization Doctors Without Borders is founded by Bernard Kouchner and a group of journalists in Paris, France.
1972	1	5	world	science	US President Richard Nixon announces the Space Shuttle program.
1972	1	10	world	history	Sheikh Mujibur Rahman returns to the newly independent Bangladesh as president after spending over nine months in prison in Pakistan.
1972	1	13	world	history	Prime Minister Kofi Abrefa Busia and President Edward Akufo-Addo of Ghana are ousted in a bloodless military coup by Colonel Ignatius Kutu Acheampong.
1972	1	24	world	history	Japanese Sgt. Shoichi Yokoi is found hiding in a Guam jungle, where he had been since the end of World War II.
1972	1	30	world	history	Pakistan leaves the Commonwealth of Nations in protest of its recognition of breakaway Bangladesh.
1972	2	1	world	history	Kuala Lumpur becomes a city by a royal charter granted by the Yang di-Pertuan Agong of Malaysia.
1972	3	24	world	history	Direct rule is imposed on Northern Ireland by the Government of the United Kingdom under Edward Heath.
1972	3	30	world	history	Vietnam War: The Easter Offensive begins after North Vietnamese forces cross into the Demilitarized Zone (DMZ) of South Vietnam.
1972	4	7	world	history	Vietnam War: Communist forces overrun the South Vietnamese town of Loc Ninh.
1972	4	10	world	history	Vietnam War: For the first time since November 1967, American B-52 bombers reportedly begin bombing North Vietnam.
1972	4	18	world	history	East African Airways Flight 720 crashes during a rejected takeoff from Addis Ababa Bole International Airport in Addis Ababa, Ethiopia, killing 43.
1972	4	20	world	science	Apollo program: The Apollo 16 Lunar Module Orion, commanded by John Young and piloted by Charles Duke, lands on the Moon.
1972	4	21	world	science	Astronauts John Young and Charles Duke fly Apollo 16's Apollo Lunar Module to the Moon's surface, the fifth NASA Apollo Program crewed lunar landing.
1972	5	5	world	history	Alitalia Flight 112 crashes into Mount Longa near Palermo, Sicily, killing all 115 aboard, making it the deadliest single-aircraft disaster in Italy.
1972	5	15	world	history	The Ryukyu Islands, under U.S. military governance since their conquest in 1945, revert to Japanese control.
1972	5	16	world	history	An Antonov An-24 crashes into a kindergarten building in Svetlogorsk, killing 35.
1972	5	21	world	history	Michelangelo's Pietà in St. Peter's Basilica in Rome is damaged by a vandal, the mentally disturbed Hungarian geologist Laszlo Toth.
1972	5	26	world	history	Cold War: The United States and the Soviet Union sign the Anti-Ballistic Missile Treaty.
1972	6	18	world	history	Staines air disaster: One hundred eighteen people are killed when a BEA H.S. Trident crashes minutes after takeoff from London's Heathrow Airport.
1972	7	19	world	history	Dhofar Rebellion: British SAS units help the Omani government against Popular Front for the Liberation of Oman rebels in the Battle of Mirbat.
1972	7	29	world	history	Two Avianca Douglas DC-3 airliners collide over Colombia, killing 38.
1972	9	29	world	history	Japan establishes diplomatic relations with the People's Republic of China after breaking official ties with the Republic of China.
1972	10	13	world	history	Aeroflot Flight 217 crashes outside Moscow, killing 174.
1972	10	13	world	history	Uruguayan Air Force Flight 571 crashes in the Andes mountains. Twenty-eight survive the crash. All but 16 succumb before rescue on December 23.
1972	10	13	world	history	The flag of Okinawa Prefecture, Japan, was officially adopted.
1972	11	11	world	history	Vietnam War: Vietnamization: The United States Army turns over the massive Long Binh military base to South Vietnam.
1972	12	7	world	science	Apollo 17, the last Apollo Moon mission, is launched. The crew takes the photograph known as The Blue Marble as they leave the Earth.
1972	12	11	world	science	Apollo 17 becomes the sixth and final Apollo mission to land on the Moon.
1973	1	1	world	history	Denmark, Ireland and the United Kingdom are admitted into the European Economic Community.
1973	1	8	world	history	Watergate scandal: The trial of seven men accused of illegal entry into Democratic Party headquarters at Watergate begins.
1973	1	11	world	history	Major League Baseball owners vote in approval of the American League adopting the designated hitter position.
1973	1	15	world	history	Vietnam War: Citing progress in peace negotiations, President Richard Nixon announces the suspension of offensive action in North Vietnam.
1973	1	20	world	history	Amílcar Cabral, leader of the independence movement in Guinea-Bissau and Cape Verde, is assassinated in Conakry, Guinea.
1973	1	22	world	history	A chartered Boeing 707 explodes in flames upon landing at Kano Airport, Nigeria, killing 176.
1973	1	29	world	history	EgyptAir Flight 741 crashes into the Kyrenia Mountains in Cyprus, killing 37 people.
1973	2	27	india	history	The American Indian Movement occupies Wounded Knee in protest of the federal government.
1973	3	29	world	history	Operation Barrel Roll, a covert American bombing campaign in Laos to stop communist infiltration of South Vietnam, ends.
1973	3	29	world	history	Vietnam War: The last United States combat soldiers leave South Vietnam.
1973	4	4	world	history	A Lockheed C-141 Starlifter, dubbed the Hanoi Taxi, makes the last flight of Operation Homecoming.
1973	4	6	world	history	The American League of Major League Baseball begins using the designated hitter.
1973	4	10	world	history	Invicta International Airlines Flight 435 crashes in a snowstorm on approach to Basel, Switzerland, killing 108 people.
1973	5	5	world	history	Secretariat wins the 1973 Kentucky Derby in 1:59.4, an as-yet-unbeaten record.
1973	5	11	world	history	Aeroflot Flight 6551 crashes in Semey, Kazakh Soviet Socialist Republic (now Kazakhstan), killing all 63 aboard.
1973	5	11	world	history	Citing government misconduct, Daniel Ellsberg's charges for his involvement in releasing the Pentagon Papers to The New York Times are dismissed.
1973	5	31	india	history	Indian Airlines Flight 440 crashes near Palam Airport in Delhi, killing 48.
1973	7	21	world	history	In Lillehammer, Norway, Mossad agents kill a waiter whom they mistakenly thought was involved in the 1972 Munich Olympics Massacre.
1973	7	22	world	history	Pan Am Flight 816 crashes after takeoff from Faa'a International Airport in Papeete, French Polynesia, killing 78.
1973	7	28	world	history	Summer Jam at Watkins Glen: Nearly 600,000 people attend a rock festival at the Watkins Glen International Raceway.
1973	7	31	world	history	A Delta Air Lines jetliner, flight DL 723, crashes while landing in fog at Logan International Airport, Boston, Massachusetts, killing 89.
1973	8	13	world	history	Aviaco Flight 118 crashes on approach to A Coruña Airport in A Coruña, Spain, killing all 85 people on the plane and one other one the ground.
1973	8	18	world	history	Aeroflot Flight A-13 crashes after takeoff from Baku-Bina International Airport in Azerbaijan, killing 56 people and injuring eight.
1973	9	1	world	history	A 76-hour multinational rescue effort in the Celtic Sea results in the rescue of Roger Mallinson and Roger Chapman.
1973	9	8	world	history	World Airways Flight 802 crashes into Mount Dutton in King Cove, Alaska, killing six people.
1973	9	20	world	history	Billie Jean King beats Bobby Riggs in the Battle of the Sexes tennis match at the Houston Astrodome.
1973	9	23	world	history	Argentine general election: Juan Perón returns to power in Argentina.
1973	10	20	world	history	The Sydney Opera House is opened by Elizabeth II after 14 years of construction.
1973	10	25	world	history	Egypt and Israel accept United Nations Security Council Resolution 339.
1973	11	1	karnataka	history	Mysore State renamed Karnataka (1 November)
1973	11	16	world	science	Skylab program: NASA launches Skylab 4 with a crew of three astronauts from Cape Canaveral, Florida for an 84-day mission.
1973	11	16	world	history	U.S. president Richard Nixon signs the Trans-Alaska Pipeline Authorization Act into law, authorizing the construction of the Alaska Pipeline.
1973	11	17	world	history	Watergate scandal: In Orlando, Florida, U.S. President Richard Nixon tells 400 Associated Press managing editors "I am not a crook."
1973	11	17	world	history	The Athens Polytechnic uprising against the military regime ends in a bloodshed in the Greek capital.
1973	12	17	world	history	Thirty passengers are killed in an attack by Palestinian terrorists on Rome's Leonardo da Vinci–Fiumicino Airport.
1973	12	21	world	history	The Geneva Conference on the Arab–Israeli conflict opens.
1973	12	22	world	history	A Royal Air Maroc Sud Aviation Caravelle crashes near Tangier-Boukhalef Airport in Tangier, Morocco, killing 106.
1973	12	28	world	history	The United States Endangered Species Act is signed into law by President Richard Nixon.
1974	1	20	world	history	China gains control over all the Paracel Islands after a military engagement between the naval forces of China and South Vietnam.
1974	1	30	world	history	Pan Am Flight 806 crashes near Pago Pago International Airport in American Samoa, killing 97.
1974	2	4	world	science	The Symbionese Liberation Army kidnaps Patty Hearst in Berkeley, California.
1974	2	8	world	science	The crew of Skylab 4, the last mission to visit the American space station Skylab, returns to Earth after 84 days in space.
1974	2	17	world	history	Robert K. Preston, a disgruntled U.S. Army private, buzzes the White House in a stolen helicopter.
1974	3	29	world	science	NASA's Mariner 10 becomes the first space probe to fly by Mercury.
1974	3	29	world	science	The Terracotta Army is discovered in Shaanxi province, China.
1974	4	5	world	history	Carrie, the first novel by American author Stephen King, is published for the first time with a print run of 30,000 copies.
1974	4	22	world	history	Pan Am Flight 812 crashes on approach to Ngurah Rai International Airport in Denpasar, Bali, Indonesia, killing all 107 people on board.
1974	5	9	world	history	Watergate scandal: The  United States House Committee on the Judiciary opens formal and public impeachment hearings against President Richard Nixon.
1974	5	16	world	history	Josip Broz Tito is elected president for life of Yugoslavia.
1974	5	18	india	science	India's first nuclear test at Pokhran (18 May)
1974	5	28	world	history	Northern Ireland's power-sharing Sunningdale Agreement collapses following a general strike by loyalists.
1974	6	27	world	history	U.S. president Richard Nixon visits the Soviet Union.
1974	7	20	world	history	Turkish invasion of Cyprus: Forces from Turkey invade Cyprus after a coup d'état, organized by the dictator of Greece, against president Makarios.
1974	7	26	world	history	Greek Prime Minister Konstantinos Karamanlis forms the country's first civil government after seven years of military rule.
1974	8	1	world	history	Cyprus dispute: The United Nations Security Council authorizes the UNFICYP to create the "Green Line", dividing Cyprus into two zones.
1974	8	4	world	history	A bomb explodes in the Italicus Express train at San Benedetto Val di Sambro, Italy, killing 12 people and wounding 22.
1974	8	15	world	history	Yuk Young-soo, First Lady of South Korea, is killed during an apparent assassination attempt upon President Park Chung Hee.
1974	8	30	world	history	A Belgrade–Dortmund express train derails at the main train station in Zagreb killing 153 passengers.
1974	9	8	world	history	Watergate scandal: US President Gerald Ford signs the pardon of Richard Nixon for any crimes Nixon may have committed while in office.
1974	9	17	world	history	Bangladesh, Grenada and Guinea-Bissau join the United Nations.
1974	9	25	world	history	Dr. Frank Jobe performs first ulnar collateral ligament replacement surgery (better known as Tommy John surgery) on baseball player Tommy John.
1974	12	1	world	history	TWA Flight 514, a Boeing 727, crashes northwest of Dulles International Airport, killing all 92 people on board.
1974	12	22	world	history	Grande Comore, Anjouan and Mohéli vote to become the independent nation of Comoros. Mayotte remains under French administration.
1975	1	2	india	history	At the opening of a new railway line, a bomb blast at Samastipur, Bihar, India, fatally wounds Lalit Narayan Mishra, Minister of Railways.
1975	1	5	world	history	The Tasman Bridge in Tasmania, Australia, is struck by the bulk ore carrier Lake Illawarra, killing twelve people.
1975	1	30	world	history	Turkish Airlines Flight 345 crashes into the Sea of Marmara near Istanbul Yeşilköy Airport, killing 42.
1975	2	4	world	history	Haicheng earthquake (magnitude 7.3 on the Richter scale) occurs in Haicheng, Liaoning, China.
1975	2	9	world	science	The Soyuz 17 Soviet spacecraft returns to Earth.
1975	4	4	world	history	Microsoft is founded as a partnership between Bill Gates and Paul Allen in Albuquerque, New Mexico.
1975	4	13	world	history	Beirut bus massacre: A confrontation between Phalangist paramilitaries and PLO militia marks the start of the 15-year Lebanese Civil War.
1975	4	19	india	science	Aryabhata, India's first satellite, launched (19 April)
1975	4	19	india	science	India's first satellite Aryabhata launched in orbit from Kapustin Yar, Russia.
1975	4	19	world	history	South Vietnamese forces withdraw from the town of Xuan Loc in the last major battle of the Vietnam War.
1975	4	28	world	history	General Cao Văn Viên, chief of the South Vietnamese military, departs for the US as the North Vietnamese Army closes in on victory.
1975	4	29	world	history	Vietnam War: The North Vietnamese Army completes its capture of all parts of South Vietnam-held Trường Sa Islands.
1975	5	10	world	history	Sony introduces the Betamax videocassette recorder.
1975	5	12	world	history	Indochina Wars: Democratic Kampuchea naval forces capture the SS Mayaguez.
1975	5	16	world	history	Junko Tabei from Japan becomes the first woman to reach the summit of Mount Everest.
1975	5	28	world	history	Fifteen West African countries sign the Treaty of Lagos, creating the Economic Community of West African States.
1975	6	1	world	history	The Patriotic Union of Kurdistan was founded by Jalal Talabani, Nawshirwan Mustafa, Fuad Masum and others.
1975	6	6	world	history	British referendum results in continued membership of the European Economic Community, with 67% of votes in favour.
1975	6	7	world	science	Sony launches Betamax, the first videocassette recorder format.
1975	7	27	world	history	Mayor of Jaffna and former MP Alfred Duraiappah is shot dead.
1975	8	1	world	history	The final act of the CSCE meeting is signed in Helsinki, Finland.
1975	8	3	world	history	A privately chartered Boeing 707 strikes a mountain peak and crashes near Agadir, Morocco, killing 188.
1975	8	23	world	history	The Pontiac Silverdome opens in Pontiac, Michigan, 30 miles (48 km) northwest of Detroit, Michigan.
1975	9	24	world	history	Southwest Face expedition members become the first persons to reach the summit of Mount Everest by any of its faces, instead of using a ridge route.
1975	9	30	world	history	Malév Flight 240 crashes into the Mediterranean Sea while on approach to Beirut International Airport in Beirut, Lebanon, killing 60.
1975	10	14	world	history	An RAF Avro Vulcan bomber explodes and crashes over Żabbar, Malta after an aborted landing, killing five crew members and one person on the ground.
1975	11	22	world	history	Juan Carlos is declared King of Spain following the death of Francisco Franco two days earlier.
1975	12	22	world	history	U.S. President Gerald Ford creates the Strategic Petroleum Reserve in response to the 1970s energy crisis.
1975	12	26	world	history	Tu-144, the world's first commercial supersonic aircraft, surpassing Mach 2, goes into service.
1976	1	5	world	history	The Khmer Rouge announce that the new Constitution of Democratic Kampuchea is ratified.
1976	1	15	world	history	Gerald Ford's would-be assassin, Sara Jane Moore, is sentenced to life in prison.
1976	2	4	world	history	In Guatemala and Honduras an earthquake kills more than 22,000.
1976	2	9	world	history	Aeroflot Flight 3739, a Tupolev Tu-104, crashes during takeoff from Irkutsk Airport, killing 24.
1976	4	5	world	history	In China, the April Fifth Movement leads to the Tiananmen Incident.
1976	4	7	world	history	Member of Parliament and suspected spy John Stonehouse resigns from the Labour Party after being arrested for faking his own death.
1976	4	27	world	history	Thirty-seven people are killed when American Airlines Flight 625 crashes at Cyril E. King Airport in Saint Thomas, U.S. Virgin Islands.
1976	5	6	world	history	The 6.5 Mw Friuli earthquake affects Northern Italy with a maximum Mercalli intensity of X (Extreme), leaving 900–978 dead and 1,700–2,400 injured.
1976	5	24	world	science	The Judgment of Paris takes place in France, launching California as a worldwide force in the production of quality wine.
1976	6	27	world	history	Air France Flight 139 (Tel Aviv-Athens-Paris) is hijacked en route to Paris by the PFLP and redirected to Entebbe, Uganda.
1976	6	28	world	history	The Angolan court sentences US and UK mercenaries to death sentences and prison terms in the Luanda Trial.
1976	7	2	world	history	End of South Vietnam; Communist North Vietnam annexes the former South Vietnam to form the unified Socialist Republic of Vietnam.
1976	7	25	world	science	Viking program: Viking 1 takes the famous Face on Mars photo.
1976	8	1	world	history	Niki Lauda has a severe accident that almost claims his life at the German Grand Prix at Nürburgring.
1976	8	7	world	science	Viking program: Viking 2 enters orbit around Mars.
1976	8	15	world	science	SAETA Flight 011 crashes into the Chimborazo volcano in Ecuador, killing all 59 people on board; the wreckage is not discovered until 2002.
1976	8	18	world	science	The Soviet Union's robotic probe Luna 24 successfully lands on the Moon.
1976	9	3	world	science	Viking program: The American Viking 2 spacecraft lands at Utopia Planitia on Mars.
1976	10	13	world	history	A Lloyd Aéreo Boliviano Boeing 707 crashes after takeoff from El Trompillo Airport in Santa Cruz de la Sierra, Bolivia, killing 91.
1976	10	13	world	history	The first electron micrograph of an Ebola virus is taken at the Centers for Disease Control and Prevention by Dr. F. A. Murphy.
1976	11	1	world	history	Burundian president Michel Micombero is deposed in a bloodless military coup d'état by deputy Jean-Baptiste Bagaza.
1976	12	2	world	history	Fidel Castro becomes President of Cuba, replacing Osvaldo Dorticós Torrado.
1977	1	15	world	history	Linjeflyg Flight 618 crashes in Kälvesta near Stockholm Bromma Airport in Stockholm, Sweden, killing 22 people.
1977	1	17	world	history	Capital punishment in the United States resumes after a ten-year hiatus, as convicted murderer Gary Gilmore is executed by firing squad in Utah.
1977	1	19	world	history	President Gerald Ford pardons Iva Toguri D'Aquino (a.k.a. "Tokyo Rose").
1977	2	4	world	history	A Chicago Transit Authority elevated train rear-ends another and derails, killing 11 and injuring 180, the worst accident in the agency's history.
1977	2	18	world	history	A thousand armed soldiers raid Kalakuta Republic, the commune of Nigerian singer Fela Kuti, leading to the death of Funmilayo Anikulapo Kuti.
1977	3	24	india	history	Morarji Desai becomes the prime minister of India, the first prime minister not to belong to Indian National Congress.
1977	4	11	world	science	London Transport's Silver Jubilee AEC Routemaster buses are launched.
1977	4	21	world	history	Annie opens on Broadway.
1977	4	22	world	history	Optical fiber is first used to carry live telephone traffic.
1977	5	14	world	history	A Dan-Air Boeing 707 leased to IAS Cargo Airlines crashes on approach to Lusaka International Airport in Lusaka, Zambia, killing six people.
1977	5	27	world	history	A plane crash at José Martí International Airport in Havana, Cuba, kills 67.
1977	6	10	world	history	James Earl Ray escapes from Brushy Mountain State Penitentiary in Petros, Tennessee. He is recaptured three days later.
1977	6	27	world	history	Constitution for the Federation of Earth was adopted by the second session of the World Constituent Assembly, held at Innsbruck, Austria.
1977	7	9	world	history	The Pinochet dictatorship in Chile organises the youth event of Acto de Chacarillas, a ritualised act reminiscent of Francoist Spain.
1977	7	13	world	history	Somalia declares war on Ethiopia, starting the Ogaden War.
1977	7	20	world	history	The Central Intelligence Agency releases documents under the Freedom of Information Act revealing it had engaged in mind-control experiments.
1977	7	20	world	history	Aeroflot Flight B-2 crashes after takeoff from Vitim Airport in the Sakha Republic, killing 39.
1977	8	3	world	science	Tandy Corporation announces the TRS-80, one of the world's first mass-produced personal computers.
1977	8	4	world	history	U.S. President Jimmy Carter signs legislation creating the United States Department of Energy.
1977	8	13	world	history	Members of the British National Front (NF) clash with anti-NF demonstrators in Lewisham, London, resulting in 214 arrests and at least 111 injuries.
1977	10	13	world	history	Hijacking of Lufthansa Flight 181 by the Popular Front for the Liberation of Palestine.
1977	10	20	world	history	A plane carrying the rock band Lynyrd Skynyrd crashes in woodland in Mississippi, United States. Six people, including three band members, are killed.
1977	11	6	world	history	The Kelly Barnes Dam, located above Toccoa Falls College near Toccoa, Georgia, fails, killing 39.
1977	12	2	world	history	A Tupolev Tu-154 crashes near Benghazi, Libya, killing 59.
1978	2	9	world	history	The Budd Company unveils its first SPV-2000 self-propelled railcar in Philadelphia, Pennsylvania.
1978	2	16	world	science	The first computer bulletin board system is created (CBBS in Chicago).
1978	3	11	world	history	Coastal Road massacre: At least 37 are killed and more than 70 are wounded when Fatah hijack an Israeli bus, prompting Israel's Operation Litani.
1978	3	23	world	history	The first UNIFIL troops arrive in Lebanon for a peacekeeping mission along the Blue Line.
1978	4	14	world	history	Tbilisi demonstrations: Thousands of Georgians demonstrate against Soviet attempts to change the constitutional status of the Georgian language.
1978	4	18	world	history	The Ba Chúc massacre begins, which precipitates the Cambodian–Vietnamese War the same year.
1978	4	28	world	history	The President of Afghanistan, Mohammad Daoud Khan, is overthrown and assassinated in a coup led by pro-communist rebels.
1978	6	11	world	history	Altaf Hussain founds the student political movement All Pakistan Muhajir Students Organisation (APMSO) in Karachi University.
1978	6	19	world	history	Garfield's first comic strip, originally published locally as Jon in 1976, goes into nationwide syndication.
1978	6	22	world	science	Charon, the first of Pluto's satellites to be discovered, was first seen at the United States Naval Observatory by James W. Christy.
1978	6	25	world	history	Hosts Argentina defeat the Netherlands by a score of 3–1 in the final to win their first ever FIFA World Cup.
1978	6	25	world	history	The rainbow flag representing gay pride is flown for the first time during the San Francisco Gay Freedom Day Parade.
1978	7	30	world	history	The 730: Okinawa Prefecture changes its traffic on the right-hand side of the road to the left-hand side.
1978	8	7	world	history	U.S. President Jimmy Carter declares a federal emergency at Love Canal due to toxic waste that had been disposed of negligently.
1978	8	13	world	history	One hundred fifty Palestinians in Beirut are killed in a terrorist attack during the second phase of the Lebanese Civil War.
1978	9	30	world	history	Finnair Flight 405 is hijacked by Aarno Lamminparras in Oulu, Finland.
1978	10	7	world	history	Aeroflot Flight 1080 crashes after takeoff from Koltsovo International Airport, killing 38.
1978	10	21	world	history	Australian civilian pilot Frederick Valentich vanishes over the Bass Strait south of Melbourne, after reporting contact with an unidentified aircraft.
1978	11	18	world	history	The McDonnell Douglas F/A-18 Hornet makes its first flight, at the Naval Air Test Center in Maryland, United States.
1978	11	23	world	history	The Geneva Frequency Plan of 1975 goes into effect, realigning many of Europe's longwave and mediumwave broadcasting frequencies.
1978	11	27	world	history	In San Francisco, city mayor George Moscone and openly gay city supervisor Harvey Milk are assassinated by former supervisor Dan White.
1978	12	28	world	history	United Airlines Flight 173 crashes in a residential neighborhood near Portland International Airport, killing 10 people.
1979	1	7	world	history	Third Indochina War: Cambodian–Vietnamese War: Phnom Penh falls to the advancing Vietnamese troops, driving out Pol Pot and the Khmer Rouge.
1979	1	16	world	history	Iranian Revolution: The last Iranian Shah flees Iran with his family for good and relocates to Egypt.
1979	1	25	world	history	Pope John Paul II starts his first official papal visits outside Italy to The Bahamas, Dominican Republic, and Mexico.
1979	2	1	world	history	Iranian Ayatollah Ruhollah Khomeini returns to Tehran after nearly 15 years of exile.
1979	2	26	world	history	The Superliner railcar enters revenue service with Amtrak.
1979	3	17	world	history	Aeroflot Flight 1691 crashes on approach to Vnukovo International Airport, killing 58.
1979	3	29	world	history	Quebecair Flight 255 crashes after takeoff from Québec City Jean Lesage International Airport in Quebec City, killing 17.
1979	4	10	world	history	Red River Valley tornado outbreak: A tornado lands in Wichita Falls, Texas, killing 42 people.
1979	4	11	world	history	Ugandan dictator Idi Amin is deposed.
1979	4	30	world	history	Eruption of Mount Marapi: Mount Marapi, a complex volcano on the Indonesian island of Sumatra, erupts. Between 80 and 100 people are killed.
1979	5	21	world	history	White Night riots in San Francisco following the manslaughter conviction of Dan White for the assassinations of George Moscone and Harvey Milk.
1979	5	28	world	history	Konstantinos Karamanlis signs the full treaty of the accession of Greece with the European Economic Community.
1979	5	30	world	history	Downeast Airlines Flight 46 crashes on approach to Knox County Regional Airport in Rockland, Maine, killing 17.
1979	6	2	world	history	Pope John Paul II starts his first official visit to his native Poland, becoming the first Pope to visit a Communist country.
1979	6	12	world	history	Bryan Allen wins the second Kremer prize for a man-powered flight across the English Channel in the Gossamer Albatross.
1979	7	3	world	history	U.S. President Jimmy Carter signs the first directive for secret aid to the opponents of the pro-Soviet regime in Kabul.
1979	7	15	world	history	U.S. president Jimmy Carter gives his "malaise speech".
1979	7	19	world	history	The Sandinista rebels overthrow the government of the Somoza family in Nicaragua.
1979	7	21	world	history	Jay Silverheels, a Mohawk actor, becomes the first Native American to have a star commemorated in the Hollywood Walk of Fame.
1979	9	20	world	history	A French-organized coup d'état in the Central African Empire overthrows Emperor Bokassa I.
1979	9	29	world	history	Equatorial Guinean dictator Francisco Macías Nguema is executed by soldiers from Western Sahara.
1979	10	7	world	history	Swissair Flight 316 crashes at Ellinikon International Airport in Athens, Greece, killing 14.
1979	10	15	world	history	A coup d'état in El Salvador overthrows President Carlos Humberto Romero and begins the 12 year-long Salvadoran Civil War.
1979	10	21	world	history	Moshe Dayan resigns from the Israeli government because of strong disagreements with Prime Minister Menachem Begin over policy towards the Arabs.
1979	10	26	world	history	Park Chung Hee, President of South Korea, is assassinated by Korean CIA head Kim Jae-gyu.
1979	11	1	world	history	In Bolivia, Colonel Alberto Natusch executes a bloody coup d'état against the constitutional government of Wálter Guevara.
1979	11	16	world	history	The first line of Bucharest Metro (Line M1) is opened from Timpuri Noi to Semănătoarea in Bucharest, Romania.
1979	11	28	world	history	Air New Zealand Flight 901, a DC-10 sightseeing flight over Antarctica, crashes into Mount Erebus, killing all 257 people on board.
1979	12	12	world	history	Coup d'état of December Twelfth occurs in South Korea.
1980	1	21	world	history	Iran Air Flight 291 crashes in the Alborz Mountains while on approach to Mehrabad International Airport in Tehran, Iran, killing 128 people.
1980	2	2	world	history	Reports surface that the FBI is targeting allegedly corrupt Congressmen in the Abscam operation.
1980	2	17	world	history	First winter ascent of Mount Everest by Krzysztof Wielicki and Leszek Cichy.
1980	2	25	world	history	The government of Suriname is overthrown by a military coup led by Dési Bouterse.
1980	3	3	world	history	The USS Nautilus is decommissioned and stricken from the Naval Vessel Register.
1980	3	4	world	history	Nationalist leader Robert Mugabe wins a sweeping election victory to become Zimbabwe's first black prime minister.
1980	3	18	world	history	A Vostok-2M rocket at Plesetsk Cosmodrome Site 43 explodes during a fueling operation, killing 48 people.
1980	3	24	world	history	El Salvadorian Archbishop Óscar Romero is assassinated while celebrating Mass in San Salvador.
1980	4	30	world	history	Beatrix is inaugurated as Queen of the Netherlands following the abdication of Juliana.
1980	5	5	world	history	Operation Nimrod: The British Special Air Service storms the Iranian embassy in London after a six-day siege.
1980	5	13	world	history	An F3 tornado hits Kalamazoo County, Michigan. President Jimmy Carter declares it a federal disaster area.
1980	5	14	world	history	Salvadoran Civil War: The Sumpul River massacre occurs in Chalatenango, El Salvador.
1980	7	7	world	history	During the Lebanese Civil War, 83 Tiger militants are killed during what will be known as the Safra massacre.
1980	7	8	world	history	The inaugural 1980 State of Origin game is won by Queensland who defeat New South Wales 20–10 at Lang Park.
1980	8	1	world	history	A train crash kills 18 people and injures over 170 more in County Cork, Ireland.
1980	8	14	world	history	Lech Wałęsa leads strikes at the Gdańsk, Poland shipyards.
1980	9	17	world	history	After weeks of strikes at the Lenin Shipyard in Gdańsk, Poland, the nationwide independent trade union Solidarity is established.
1980	10	2	world	history	Michael Myers becomes the first member of either chamber of Congress to be expelled since the Civil War.
1980	10	9	world	history	Pope John Paul II greets the Dalai Lama during a private audience in Vatican City.
1980	10	14	world	history	The 6th Congress of the Workers' Party ended, having anointed North Korean President Kim Il Sung's son Kim Jong Il as his successor.
1980	10	25	world	history	Proceedings on the Hague Convention on the Civil Aspects of International Child Abduction conclude.
1980	10	27	world	history	The Chun Doo-hwan government forcibly arrests and investigates monks and personnel of the Jogye Order.
1980	11	12	world	science	The NASA space probe Voyager I makes its closest approach to Saturn and takes the first images of its rings.
1980	11	23	world	history	The 6.9 Mw Irpinia earthquake shakes southern Italy with a maximum Mercalli intensity of X (Extreme), killing 2,483–4,900, and injuring 7,700–8,934.
1981	1	10	world	science	Salvadoran Civil War: The FMLN launches its first major offensive, gaining control of most of Morazán and Chalatenango departments.
1981	1	15	world	history	Pope John Paul II receives a delegation from the Polish trade union Solidarity at the Vatican led by Lech Wałęsa.
1981	1	17	world	history	President of the Philippines Ferdinand Marcos lifts martial law eight years and five months after declaring it.
1981	1	20	world	history	Twenty minutes after Ronald Reagan is inaugurated as the 40th President of the United States of America, Iran releases 52 American hostages.
1981	1	21	world	history	Production of the DeLorean sports car begins in Dunmurry, Northern Ireland, United Kingdom.
1981	2	7	world	history	A plane crash at Pushkin Airport kills 50 people, including 16 members of the Pacific Fleet.
1981	4	4	world	history	Iran–Iraq War: The Islamic Republic of Iran Air Force mounts an attack on H-3 Airbase and destroys about 50 Iraqi aircraft.
1981	4	12	world	science	The first launch of a Space Shuttle (Columbia) takes place: The STS-1 mission.
1981	4	14	world	science	STS-1: The first operational Space Shuttle, Columbia, completes its first test flight.
1981	4	26	world	history	Dr. Michael R. Harrison of the University of California, San Francisco Medical Center performs the world's first human open fetal surgery.
1981	5	5	world	history	Bobby Sands dies in the Long Kesh prison hospital (Northern Ireland) after 66 days of hunger-striking, aged 27.
1981	5	25	world	history	In Riyadh, the Gulf Cooperation Council is created between Bahrain, Kuwait, Oman, Qatar, Saudi Arabia and the United Arab Emirates.
1981	5	26	world	history	An EA-6B Prowler crashes on the flight deck of the aircraft carrier USS Nimitz, killing 14 crewmen and injuring 45 others.
1981	6	7	world	science	The Israeli Air Force destroys Iraq's Osiraq nuclear reactor during Operation Opera.
1981	6	13	world	history	At the Trooping the Colour ceremony in London, a teenager, Marcus Sarjeant, fires six blank shots at Queen Elizabeth II.
1981	6	24	world	history	The Humber Bridge opens to traffic, connecting Yorkshire and Lincolnshire. It remained the world's longest bridge span for 17 years.
1981	6	28	world	history	A powerful bomb explodes in Tehran, killing 73 officials of the Islamic Republican Party.
1981	7	7	world	history	US President Ronald Reagan nominates Sandra Day O'Connor to become the first female member of the Supreme Court of the United States.
1981	7	30	world	history	As many as 50,000 demonstrators, mostly women and children, take to the streets in Łódź to protest food ration shortages in Communist Poland.
1981	8	1	world	history	MTV begins broadcasting in the United States and airs its first video, "Video Killed the Radio Star" by The Buggles.
1981	8	3	world	science	Senegalese opposition parties, under the leadership of Mamadou Dia, launch the Antiimperialist Action Front – Suxxali Reew Mi.
1981	8	5	world	history	President Ronald Reagan fires 11,359 striking air-traffic controllers who ignored his order for them to return to work.
1981	8	19	world	history	Gulf of Sidra Incident: United States F-14A Tomcat fighters intercept and shoot down two Libyan Sukhoi Su-22 fighter jets over the Gulf of Sidra.
1981	8	19	world	science	Silvio Santos launches a new Brazilian television channel in São Paulo, Sistema Brasileiro de Televisão.
1981	9	1	world	history	Central African President David Dacko is ousted from power in a bloodless military coup led by General André Kolingba.
1981	9	25	world	history	Belize joins the United Nations.
1981	9	29	world	history	An Iranian Air Force Lockheed C-130 Hercules military transport aircraft crashes into a firing range near Kahrizak, Iran, killing 80 people.
1981	10	3	world	history	The hunger strike at the Maze Prison in Northern Ireland ends after seven months and ten deaths.
1981	10	14	world	history	Vice President Hosni Mubarak is elected as the President of Egypt, one week after the assassination of Anwar Sadat.
1981	10	27	world	history	Cold War: The Soviet submarine S-363 runs aground on the east coast of Sweden.
1981	11	12	world	science	Space Shuttle program: Mission STS-2, utilizing the Space Shuttle Columbia, marks the first time a crewed spacecraft is launched into space twice.
1981	12	1	world	history	Inex-Adria Aviopromet Flight 1308, a McDonnell Douglas MD-80, crashes in Corsica, killing all 180 people on board.
1981	12	11	world	history	El Mozote massacre: Armed forces in El Salvador kill an estimated 900 civilians in an anti-guerrilla campaign during the Salvadoran Civil War.
1981	12	17	world	history	American Brigadier General James L. Dozier is abducted by the Red Brigades in Verona, Italy.
1982	1	1	world	history	Peruvian Javier Pérez de Cuéllar becomes the first Latin American to hold the title of Secretary-General of the United Nations.
1982	1	28	world	history	US Army General James L. Dozier is rescued by Italian anti-terrorism forces from captivity by the Red Brigades.
1982	1	30	world	history	Richard Skrenta writes the first PC virus code, which is 400 lines long and disguised as an Apple boot program called "Elk Cloner".
1982	2	1	world	history	The Intel 80286 is released, which introduced protected mode memory. The IBM PC/AT and its clones used this CPU.
1982	2	2	world	history	Hama massacre: The government of Syria attacks the town of Hama.
1982	2	9	world	history	Japan Air Lines Flight 350 crashes near Haneda Airport in an attempted pilot mass murder-suicide, killing 24 of the 174 people on board.
1982	3	10	world	science	Syzygy: All nine planets recognized at this time — Mercury to Pluto — align on the same side of the Sun.
1982	3	11	world	history	Fifteen people are killed when Widerøe Flight 933 crashes into the Barents Sea near Gamvik, Norway.
1982	3	23	world	history	Guatemala's government, headed by Fernando Romeo Lucas García, is overthrown in a military coup by right-wing General Efraín Ríos Montt.
1982	3	30	world	science	Space Shuttle program: STS-3 mission is completed with the landing of Columbia at White Sands Missile Range, New Mexico.
1982	4	21	world	history	Baseball: Rollie Fingers of the Milwaukee Brewers becomes the first pitcher to record 300 saves.
1982	4	30	india	history	The Bijon Setu massacre occurs in Calcutta, India.
1982	5	1	world	history	Operation Black Buck: The Royal Air Force attacks the Argentine Air Force during the Falklands War.
1982	5	2	world	science	Falklands War: The British nuclear submarine HMS Conqueror sinks the Argentine cruiser ARA General Belgrano.
1982	5	24	world	history	Liberation of Khorramshahr: Iranians recapture the port city of Khorramshahr from the Iraqis during the Iran–Iraq War.
1982	5	25	world	history	Falklands War: HMS Coventry is sunk by Argentine Air Force A-4 Skyhawks.
1982	5	30	world	history	Cold War: Spain joins NATO.
1982	6	7	world	history	Priscilla Presley opens Graceland to the public; the bathroom where Elvis Presley died five years earlier is kept off-limits.
1982	6	13	world	history	Fahd becomes King of Saudi Arabia upon the death of his brother, Khalid.
1982	6	13	world	history	Battles of Tumbledown and Wireless Ridge, during the Falklands War.
1982	6	14	world	history	Falklands War: Argentine forces in the capital Stanley conditionally surrender to British forces ending the war.
1982	6	27	world	science	Space Shuttle Columbia launched from the Kennedy Space Center on the final research and development flight mission, STS-4.
1982	7	8	world	history	A failed assassination attempt against Iraqi president Saddam Hussein results in the Dujail Massacre over the next several months.
1982	7	19	world	science	In one of the first militant attacks by Hezbollah, David S. Dodge, president of the American University of Beirut, is kidnapped.
1982	9	13	world	history	Spantax Flight 995 crashes at Málaga Airport during a rejected takeoff, killing 50 of the 394 people on board.
1982	9	19	world	history	Scott Fahlman posts the first documented emoticons :-) and :-( on the Carnegie Mellon University bulletin board system.
1982	10	8	world	history	Poland bans Solidarity and all other trade unions.
1982	10	11	world	history	The hull of the Mary Rose is recovered, over four hundred years after her sinking during the battle of the Solent.
1982	10	20	world	history	During the UEFA Cup match between FC Spartak Moscow and HFC Haarlem, 66 people are crushed to death in the Luzhniki disaster.
1982	10	28	world	history	The Spanish general election begins fourteen years of rule by the Spanish Socialist Workers' Party.
1982	11	2	world	history	Channel 4, the British free-to-air public broadcast television channel funded by its commercial activities, starts broadcasting.
1982	11	7	world	history	Colonel Saye Zerbo, president of the military government of Upper Volta, is ousted from power in a coup d'état led by Colonel Gabriel Yoryan Somé.
1982	11	11	world	science	Space Shuttle Columbia launches from the Kennedy Space Center on STS-5, the first operational mission of the Space Shuttle program.
1982	11	12	world	history	USSR: Yuri Andropov becomes the General Secretary of the Communist Party's Central Committee, succeeding Leonid I. Brezhnev.
1982	12	2	world	history	At the University of Utah, Barney Clark becomes the first person to receive a permanent artificial heart.
1982	12	7	world	history	In Texas, Charles Brooks Jr., becomes the first person to be executed by lethal injection in the United States.
1983	1	16	world	history	Turkish Airlines Flight 158 crashes at Ankara Esenboğa Airport in Ankara, Turkey, killing 47 and injuring 20.
1983	2	16	world	history	The Ash Wednesday bushfires in Victoria and South Australia kill 75.
1983	3	11	world	history	Bob Hawke is appointed Prime Minister of Australia.
1983	4	4	world	science	Space Shuttle program: Space Shuttle Challenger makes its maiden voyage into space on STS-6.
1983	4	7	world	science	During STS-6, astronauts Story Musgrave and Don Peterson perform the first Space Shuttle spacewalk.
1983	4	12	world	history	Harold Washington is elected as the first black mayor of Chicago.
1983	4	28	world	history	The West German news magazine Stern begins publishing excerpts from the purported diaries of Adolf Hitler, later revealed to be forgeries.
1983	6	13	world	history	Pioneer 10 becomes the first man-made object to leave the central Solar System when it passes beyond the orbit of Neptune.
1983	6	18	world	science	Space Shuttle program: STS-7, astronaut Sally Ride becomes the first American woman in space.
1983	6	18	world	history	Mona Mahmudnizhad, together with nine other women of the Baháʼí Faith, is sentenced to death and hanged in Shiraz, Iran, over her religious beliefs.
1983	6	25	india	history	India win the Cricket World Cup at Lord's (25 June)
1983	7	7	world	history	Cold War: Samantha Smith, a United States schoolgirl, flies to the Soviet Union at the invitation of Secretary General Yuri Andropov.
1983	7	15	world	science	An attack at Orly Airport in Paris is launched by Armenian militant organisation ASALA, leaving eight people dead and 55 injured.
1983	7	15	world	history	Nintendo and Sega enter the console market with the respective releases of the Famicom and SG-1000 in Japan.
1983	7	23	world	history	Gimli Glider: Air Canada Flight 143 runs out of fuel and makes a deadstick landing at Gimli, Manitoba.
1983	7	23	world	history	Thirteen Sri Lanka Army soldiers are killed after a deadly ambush by the militant Liberation Tigers of Tamil Eelam.
1983	7	24	world	history	George Brett, playing for the Kansas City Royals against the New York Yankees, has a game-winning home run nullified in the "Pine Tar Incident".
1983	7	25	world	history	Black July: Thirty-seven Tamil political prisoners at the Welikada high security prison in Colombo are massacred by the fellow Sinhalese prisoners.
1983	8	4	world	history	Jean-Baptiste Ouédraogo, president of the military government of Upper Volta, is ousted from power in a coup d'état led by Captain Thomas Sankara.
1983	8	18	world	history	Hurricane Alicia hits the Texas coast, killing 21 people and causing over US$1 billion in damage (1983 dollars).
1983	9	25	world	history	Thirty-eight IRA prisoners, armed with six handguns, hijack a prison meals lorry and smash their way out of the Maze Prison.
1983	10	13	world	science	Ameritech Mobile Communications launches the first US cellular network in Chicago.
1983	11	2	world	history	U.S. President Ronald Reagan signs a bill creating Martin Luther King Jr. Day.
1983	11	27	world	history	Avianca Flight 011: A Boeing 747 crashes near Madrid's Barajas Airport, killing 181.
1983	11	28	world	science	Space Shuttle Columbia is launched on STS-9, the first mission to carry the European Space Agency's Spacelab module.
1983	12	17	world	history	Provisional IRA members detonate a car bomb at Harrods Department Store in London. Three police officers and three civilians are killed.
1983	12	27	world	history	Pope John Paul II visits Mehmet Ali Ağca in Rebibbia's prison and personally forgives him for the 1981 attack on him in St. Peter's Square.
1983	12	31	world	history	Benjamin Ward is appointed New York City Police Department's first ever African American police commissioner.
1983	12	31	world	history	In Nigeria, a coup d'état led by Major General Muhammadu Buhari ends the Second Nigerian Republic.
1983	12	31	world	history	The AT&T Bell System is broken up by the United States Government.
1984	2	3	world	science	Space Shuttle program: STS-41-B is launched using Space Shuttle Challenger.
1984	4	3	india	science	Rakesh Sharma becomes the first Indian in space (3 April)
1984	4	6	world	history	Members of Cameroon's Republican Guard unsuccessfully attempt to overthrow the government headed by Paul Biya.
1984	5	6	world	history	One hundred and three Korean Martyrs are canonized by Pope John Paul II in Seoul.
1984	6	8	world	history	Homosexuality is decriminalized in the Australian state of New South Wales.
1984	6	22	world	science	Virgin Atlantic launches with its first flight from London to Newark.
1984	7	25	world	science	Salyut 7 cosmonaut Svetlana Savitskaya becomes the first woman to perform a space walk.
1984	7	28	world	history	Olympic Games: Games of the XXIII Olympiad: The summer Olympics were opened in Los Angeles.
1984	8	1	world	science	Commercial peat-cutters discover the preserved bog body of a man, called Lindow Man, at Lindow Moss, Cheshire, England.
1984	8	4	world	science	The Ariane 3 rocket is launched for the first time, carrying the Eutelsat I F-2 and Télécom 1A satellites into geosynchronous transfer orbit.
1984	8	4	world	history	The Republic of Upper Volta changes its name to Burkina Faso.
1984	8	30	world	science	STS-41-D: The Space Shuttle Discovery takes off on its maiden voyage.
1984	10	9	world	history	The popular children's television show Thomas The Tank Engine & Friends, based on The Railway Series by the Reverend Wilbert Awdry, premieres on ITV.
1984	11	1	india	history	After the assassination of Indira Gandhi, Prime Minister of India on 31 October 1984, by two of her Sikh bodyguards, anti-Sikh riots erupt.
1984	11	2	world	history	Capital punishment: Velma Barfield becomes the first woman executed in the United States since 1962.
1984	12	22	world	history	"Subway vigilante" Bernhard Goetz shoots four would-be muggers on a 2 express train in Manhattan section of New York, United States.
1985	1	21	world	history	Galaxy Airlines Flight 203 crashes near Reno–Tahoe International Airport in Reno, Nevada, killing 70 people.
1985	3	3	world	history	A magnitude 8.3 earthquake strikes the Valparaíso Region of Chile, killing 177 and leaving nearly a million people homeless.
1985	3	4	world	history	The Food and Drug Administration approves a blood test for HIV infection, used since then for screening all blood donations in the United States.
1985	4	6	world	science	Sudanese President Gaafar Nimeiry is ousted from power in a coup d'état led by Field Marshal Abdel Rahman Swar al-Dahab.
1985	4	12	world	science	Space Shuttle Discovery launches on STS-51D to deploy two communications satellites.
1985	4	29	world	science	Space Shuttle Challenger is launched on STS-51-B.
1985	5	5	world	history	Ronald Reagan visits the military cemetery at Bitburg and the site of the Bergen-Belsen concentration camp, where he makes a speech.
1985	5	11	world	history	Fifty-six spectators die and more than 200 are injured in the Bradford City stadium fire.
1985	5	20	world	history	Radio Martí, part of the Voice of America service, begins broadcasting to Cuba.
1985	5	25	world	history	Bangladesh is hit by a tropical cyclone and storm surge, which kills approximately 10,000 people.
1985	5	31	world	history	United States–Canada tornado outbreak: Forty-one tornadoes hit Ohio, Pennsylvania, New York, and Ontario, leaving 76 dead.
1985	6	14	world	history	Five member nations of the European Economic Community sign the Schengen Agreement establishing a free travel zone with no border controls.
1985	6	19	world	history	Members of the Revolutionary Party of Central American Workers, dressed as Salvadoran soldiers, attack the Zona Rosa area of San Salvador.
1985	7	13	world	history	The Live Aid benefit concert takes place in London and Philadelphia, as well as other venues such as Moscow and Sydney.
1985	8	2	world	history	Delta Air Lines Flight 191, a Lockheed L-1011 TriStar, crashes at Dallas/Fort Worth International Airport killing 137.
1985	8	7	world	history	Takao Doi, Mamoru Mohri and Chiaki Mukai are chosen to be Japan's first astronauts.
1985	8	23	world	history	Hans Tiedge, top counter-spy of West Germany, defects to East Germany.
1985	9	1	world	science	The wreck of the Titanic is discovered by an American-French expedition led by Robert Ballard and Jean-Louis Michel.
1985	9	2	world	history	Sri Lankan Civil War: Sri Lankan Tamil politicians and former MPs M. Alalasundaram and V. Dharmalingam are shot dead.
1985	9	13	world	history	Super Mario Bros. is released in Japan for the NES, which starts the Super Mario series of platforming games.
1985	9	25	world	history	Three civilians killed by alleged supporters of the Palestine Liberation Organization in Larnaca yacht killings.
1985	10	3	world	science	The Space Shuttle Atlantis makes its maiden flight, carrying two DSCS-III Satellites on STS-51-J.
1985	10	7	world	history	Four men from the Palestine Liberation Front hijack the MS Achille Lauro off the coast of Egypt.
1985	11	6	world	history	Colombian conflict: leftist guerrillas of the 19th of April Movement seize control of the Palace of Justice in Bogotá.
1985	11	27	world	science	Space Shuttle program: Atlantis launches on STS-61-B, with Rodolfo Neri Vela becoming the first Mexican astronaut.
1985	12	20	world	history	Pope John Paul II announces the creation of World Youth Day.
1985	12	27	world	history	Palestinian guerrillas kill eighteen people inside the airports of Rome, Italy, and Vienna, Austria.
1986	1	20	world	history	Leabua Jonathan, Prime Minister of Lesotho, is ousted from power in a coup d'état led by General Justin Lekhanya.
1986	1	21	world	history	Conservative protestors attack a mock shanty town that had been erected on the Green at Dartmouth College as part of anti-apartheid protests.
1986	1	24	world	science	The Voyager 2 space probe makes its closest approach to Uranus.
1986	1	25	world	history	The National Resistance Movement topples the government of Tito Okello in Uganda.
1986	1	26	world	history	The Ugandan government of Tito Okello is overthrown by the National Resistance Army, led by Yoweri Museveni.
1986	1	28	world	science	Space Shuttle program: STS-51-L mission: Space Shuttle Challenger disintegrates after liftoff, killing all seven astronauts on board.
1986	2	7	world	history	Twenty-eight years of one-family rule end in Haiti, when President Jean-Claude Duvalier flees the Caribbean nation.
1986	2	16	world	history	The Soviet liner MS Mikhail Lermontov runs aground in the Marlborough Sounds, New Zealand.
1986	2	16	world	history	China Airlines Flight 2265 crashes into the Pacific Ocean near Penghu Airport in Taiwan, killing all 13 aboard.
1986	3	3	world	history	The Australia Act 1986 commences, causing Australia to become fully independent from the United Kingdom.
1986	3	4	world	history	The Soviet Vega 1 begins returning images of Halley's Comet and the first images of its nucleus.
1986	3	24	world	history	The Loscoe gas explosion leads to new UK laws on landfill gas migration and gas protection on landfill sites.
1986	3	31	world	history	Mexicana de Aviación Flight 940 crashes into the Sierra Madre Oriental mountain range near the Mexican town of Maravatío, killing 167.
1986	4	29	world	history	An assembly of Sikhs, known as a Sarbat Khalsa, officially declare independence for a state of Khalistan.
1986	5	2	world	history	Chernobyl disaster: The City of Chernobyl is evacuated six days after the disaster.
1986	5	26	world	history	The European Community adopts the European flag.
1986	5	31	world	science	The Ariane 2 rocket is launched on its maiden flight, carrying Intelsat VA F-14, but the mission ends in failure.
1986	7	9	world	history	The New Zealand Parliament passes the Homosexual Law Reform Act legalising homosexuality in New Zealand.
1986	9	8	world	history	Nicholas Daniloff, a correspondent for U.S. News & World Report, is indicted on charges of espionage by the Soviet Union.
1986	9	20	world	history	Aeroflot Flight 36075 is hijacked at Ufa International Airport.
1986	10	3	world	history	TASCC, a superconducting cyclotron at the Chalk River Laboratories in Canada, is officially opened.
1986	10	8	world	history	An explosion occurs at the Cipel-Marco fur factory in Kwai Chung, Hong Kong, killing 14 and injuring 10.
1986	10	9	world	history	The Phantom of the Opera, eventually the second longest running musical in London, opens at Her Majesty's Theatre.
1986	10	11	world	history	Ronald Reagan and Mikhail Gorbachev meet in Iceland to continue discussions about scaling back IRBM arsenals in Europe.
1986	10	19	world	history	The president of Mozambique and a prominent leader of FRELIMO, along with 33 others, die when their aircraft crashes into the Lebombo Mountains.
1986	11	5	world	history	USS Rentz, USS Reeves and USS Oldendorf visit Qingdao, China; the first US naval visit to China since 1949.
1986	11	17	world	history	The flight crew of Japan Airlines Flight 1628 are involved in a UFO sighting incident while flying over Alaska.
1987	1	3	world	history	Varig Flight 797 crashes near Akouré in the Ivory Coast, resulting in 50 deaths.
1987	1	22	world	history	Philippine security forces open fire on a crowd of 10,000–15,000 demonstrators at Malacañang Palace, Manila, killing 13.
1987	1	23	world	history	Mohammed Said Hersi Morgan sends a "letter of death" to Somali President Siad Barre, proposing the genocide of the Isaaq people.
1987	1	24	world	history	About 20,000 protestors march in a civil rights demonstration in Forsyth County, Georgia, United States.
1987	2	2	world	history	After the 1986 People Power Revolution, the Philippines enacts a new constitution.
1987	2	26	world	history	Iran–Contra affair: The Tower Commission rebukes President Ronald Reagan for not controlling his national security staff.
1987	4	11	world	history	The London Agreement is secretly signed between Israeli Foreign Affairs Minister Shimon Peres and King Hussein of Jordan.
1987	4	21	world	history	The Tamil Tigers are blamed for a car bomb that detonates in the Sri Lankan capital city of Colombo, killing 106 people.
1987	5	5	world	history	Iran–Contra affair: Start of Congressional televised hearings in the United States.
1987	5	9	world	history	LOT Flight 5055 Tadeusz Kościuszko crashes after takeoff in Warsaw, Poland, killing all 183 people on board.
1987	5	11	world	history	Klaus Barbie goes on trial in Lyon for war crimes committed during World War II.
1987	5	14	world	history	Fijian Prime Minister Timoci Bavadra is ousted from power in a coup d'état led by Lieutenant colonel Sitiveni Rabuka.
1987	5	28	world	history	An 18-year-old West German pilot, Mathias Rust, evades Soviet Union air defences and lands a private plane in Red Square in Moscow, Russia.
1987	6	11	world	history	Diane Abbott, Paul Boateng and Bernie Grant are elected as the first black MPs in Great Britain.
1987	6	12	world	history	Cold War: At the Brandenburg Gate, U.S. President Ronald Reagan publicly challenges Mikhail Gorbachev to tear down the Berlin Wall.
1987	6	19	world	history	Aeroflot Flight N-528 crashes at Berdiansk Airport in present-day Ukraine, killing eight people.
1987	6	28	world	science	For the first time in military history, a civilian population is targeted for chemical attack when Iraqi warplanes bomb the Iranian town of Sardasht.
1987	7	24	world	history	US supertanker SS Bridgeton collides with mines laid by IRGC, causing a 43-square-meter dent in the body of the oil tanker.
1987	7	29	india	history	Prime Minister of India Rajiv Gandhi and President of Sri Lanka J. R. Jayewardene sign the Indo-Sri Lanka Accord on ethnic issues.
1987	7	31	world	history	A tornado occurs in Edmonton, Alberta, killing 27 people.
1987	9	2	world	history	In Moscow, the trial begins for 19-year-old pilot Mathias Rust, who flew his Cessna airplane into Red Square in May.
1987	9	3	world	history	In a coup d'état in Burundi, President Jean-Baptiste Bagaza is deposed by Major Pierre Buyoya.
1987	9	25	world	history	Fijian Governor-General Penaia Ganilau is overthrown in a coup d'état led by Lieutenant colonel Sitiveni Rabuka.
1987	10	15	world	history	Aero Trasporti Italiani Flight 460 crashes near Conca di Crezzo, Italy, killing all 37 people on board.
1987	10	15	world	history	A coup d'état in Burkina Faso overthrows and kills then President Thomas Sankara.
1987	10	19	world	history	The United States Navy conducts Operation Nimble Archer, an attack on two Iranian oil platforms in the Persian Gulf.
1987	10	19	world	history	Black Monday: The Dow Jones Industrial Average falls by 22%, 508 points.
1987	11	7	world	history	In Tunisia, president Habib Bourguiba is overthrown and replaced by Prime Minister Zine El Abidine Ben Ali.
1987	11	18	world	history	King's Cross fire: In London, 31 people die in a fire at the city's busiest underground station, King's Cross St Pancras.
1987	11	22	world	history	The Max Headroom signal hijacking incident takes place, in which a pirate broadcast interrupts television broadcasts in Chicago.
1987	12	22	world	history	In Zimbabwe, the political parties ZANU and ZAPU reach an agreement that ends the violence in the Matabeleland region known as the Gukurahundi.
1988	1	2	world	history	Condor Flugdienst Flight 3782 crashes near Seferihisar, Turkey, killing 16 people.
1988	1	13	world	history	Lee Teng-hui becomes the first native Taiwanese President of the Republic of China.
1988	1	24	world	history	An Aeroflot Yakovlev Yak-40 crashes at Nizhnevartovsk Airport, killing 27 people.
1988	1	31	world	history	Doug Williams becomes the first African American quarterback to play in a Super Bowl and leads the Washington Redskins to victory in Super Bowl XXII.
1988	2	5	world	history	Manuel Noriega is indicted on drug smuggling and money laundering charges.
1988	2	27	world	history	Sumgait pogrom: The Armenian community in Sumgait, Azerbaijan is targeted in a violent pogrom.
1988	3	17	world	history	A Colombian Boeing 727 jetliner, Avianca Flight 410, crashes into a mountainside near the Venezuelan border killing 143.
1988	4	4	world	history	Governor Evan Mecham of Arizona is convicted in his impeachment trial and removed from office.
1988	4	10	world	history	The Ojhri Camp explosion kills or injures more than 1,000 people in Rawalpindi and Islamabad, Pakistan.
1988	4	14	world	history	In a United Nations ceremony in Geneva, Switzerland, the Soviet Union signs an agreement pledging to withdraw its troops from Afghanistan.
1988	4	14	world	history	The USS Samuel B. Roberts strikes a mine in the Persian Gulf during Operation Earnest Will.
1988	4	18	world	science	The United States launches Operation Praying Mantis against Iranian naval forces in the largest naval battle since World War II.
1988	4	18	world	history	In Israel John Demjanjuk is sentenced to death for war crimes committed in World War II, although the verdict is later overturned.
1988	5	6	world	history	All thirty-six passengers and crew are killed when Widerøe Flight 710 crashes into Mt. Torghatten in Brønnøy.
1988	5	15	world	history	Soviet–Afghan War: After more than eight years of fighting, the Soviet Army begins to withdraw 115,000 troops from Afghanistan.
1988	5	21	world	history	Margaret Thatcher holds her controversial Sermon on the Mound before the General Assembly of the Church of Scotland.
1988	6	19	world	history	Pope John Paul II canonizes 117 Vietnamese Martyrs.
1988	6	27	world	history	Villa Tunari massacre: Bolivian anti-narcotics police kill nine to 12 and injure over a hundred protesting coca-growing peasants.
1988	7	3	world	history	United States Navy warship USS Vincennes shoots down Iran Air Flight 655 over the Persian Gulf, killing all 290 people aboard.
1988	7	23	world	history	General Ne Win, effective ruler of Burma since 1962, resigns after pro-democracy protests.
1988	9	9	world	history	Vietnam Airlines Flight 831 crashes in Khu Khot, Thailand, while on approach to Don Muang International Airport, killing 76.
1988	9	18	world	history	General Henri Namphy, president of Haiti, is ousted from power in a coup d'état led by General Prosper Avril.
1988	9	20	world	history	Margaret Thatcher delivers the Bruges speech, in which she articulates her opposition to further European integration.
1988	9	29	world	science	NASA launches STS-26, the first Space Shuttle mission since the Challenger disaster.
1988	10	7	world	science	A hunter discovers three gray whales trapped under the ice near Alaska; the situation becomes a multinational effort to free the whales.
1988	11	2	world	science	The Morris worm, the first Internet-distributed computer worm to gain significant mainstream media attention, is launched from MIT.
1988	11	2	world	history	LOT Polish Airlines Flight 703 crashes in Białobrzegi, Podkarpackie Voivodeship, Poland, killing one person and injuring several more.
1988	11	6	world	history	Lancang–Gengma earthquakes: At least 730 are killed after two powerful earthquakes rock the China–Myanmar border in Yunnan Province.
1988	11	16	world	history	The Supreme Soviet of the Estonian Soviet Socialist Republic declares that Estonia is "sovereign" but stops short of declaring independence.
1988	11	16	world	history	In the first open election in more than a decade, voters in Pakistan elect populist candidate Benazir Bhutto to be Prime Minister of Pakistan.
1988	12	2	world	science	Space Shuttle Atlantis is launched on STS-27, a classified mission for the United States Department of Defense.
1988	12	11	world	history	A Soviet Air Force Il-76 aircraft crashes while participating in the Armenian earthquake relief, killing 78 people.
1989	1	4	world	history	Second Gulf of Sidra incident: A pair of Libyan MiG-23 "Floggers" are shot down by a pair of US Navy F-14 Tomcats during an air-to-air confrontation.
1989	1	7	world	history	Sutton United, a team in the fifth tier of English league football, defeated top-tier Coventry City in one of the biggest upsets in FA Cup history.
1989	1	8	world	history	Kegworth air disaster: British Midland Flight 92, a Boeing 737-400, crashes into the M1 motorway, killing 47 of the 126 people on board.
1989	1	29	world	history	Cold War: Hungary establishes diplomatic relations with South Korea, making it the first Eastern Bloc nation to do so.
1989	1	30	world	history	The American embassy in Kabul, Afghanistan is closed.
1989	2	2	world	history	Soviet–Afghan War: The last Soviet armoured column leaves Kabul.
1989	2	3	world	history	A military coup overthrows Alfredo Stroessner, dictator of Paraguay since 1954.
1989	2	8	world	history	Independent Air Flight 1851 strikes Pico Alto mountain while on approach to Santa Maria Airport in the Azores, killing all 144 passengers on board.
1989	3	10	world	history	Air Ontario Flight 1363, a Fokker F-28 Fellowship, crashes at Dryden Regional Airport in Dryden, Ontario, Canada, killing 24.
1989	3	24	world	history	In Prince William Sound in Alaska, the Exxon Valdez spills 240,000 barrels (38,000 m3) of crude oil after running aground.
1989	4	19	world	history	A gun turret explodes on the USS Iowa, killing 47 sailors.
1989	4	21	world	history	Tiananmen Square protests of 1989: In Beijing, around 100,000 students gather in Tiananmen Square to commemorate Chinese reform leader Hu Yaobang.
1989	4	26	world	history	People's Daily publishes the April 26 Editorial which inflames the nascent Tiananmen Square protests.
1989	4	27	world	history	The April 27 demonstrations, student-led protests responding to the April 26 Editorial, during the Tiananmen Square protests of 1989.
1989	4	30	world	history	The Monkseaton shootings occur in Tyne and Wear, England. One is killed and 16 are injured.
1989	5	2	world	history	Cold War: Hungary begins dismantling its border fence with Austria, which allows a number of East Germans to defect.
1989	5	30	world	history	Tiananmen Square protests of 1989: The 10-metre high "Goddess of Democracy" statue is unveiled in Tiananmen Square by student demonstrators.
1989	6	24	world	history	Jiang Zemin succeeds Zhao Ziyang to become the General Secretary of the Chinese Communist Party after the 1989 Tiananmen Square protests and massacre.
1989	6	28	world	history	On the 600th anniversary of the Battle of Kosovo, Slobodan Milošević delivers the Gazimestan speech at the site of the historic battle.
1989	7	19	world	history	United Airlines Flight 232 crashes in Sioux City, Iowa, killing 111.
1989	8	2	india	history	A massacre is carried out by an Indian Peace Keeping Force in Sri Lanka killing 64 ethnic Tamil civilians.
1989	8	2	world	history	Pakistan is re-admitted to the Commonwealth of Nations after having restored democracy for the first time since 1972.
1989	8	7	world	history	U.S. Congressman Mickey Leland (D-TX) and 15 others die in a plane crash in Ethiopia.
1989	8	18	world	history	Leading presidential hopeful Luis Carlos Galán is assassinated near Bogotá in Colombia.
1989	8	19	world	history	Polish president Wojciech Jaruzelski nominates Solidarity activist Tadeusz Mazowiecki to be the first non-communist prime minister in 42 years.
1989	8	23	world	history	Singing Revolution: Two million people from Estonia, Latvia and Lithuania stand on the Vilnius–Tallinn road, holding hands.
1989	8	24	world	history	Colombian drug barons declare "total war" on the Colombian government.
1989	9	3	world	history	Cubana de Aviación Flight 9046 crashes into a residential area of Havana shortly after takeoff from José Martí International Airport, killing 150.
1989	9	3	world	history	Varig Flight 254 crashes in the Amazon rainforest near São José do Xingu in Brazil, killing 12.
1989	9	4	world	history	In Leipzig, East Germany, the first of weekly demonstration for the legalisation of opposition groups and democratic reforms takes place.
1989	9	13	world	history	Largest anti-Apartheid march in South Africa, led by Desmond Tutu.
1989	9	18	world	history	An attempted coup d'état against Burkina Faso president Blaise Compaoré is uncovered and foiled.
1989	9	20	world	history	USAir Flight 5050 crashes into Bowery Bay during a rejected takeoff from LaGuardia Airport, killing two people.
1989	10	15	world	history	Wayne Gretzky becomes the all-time leading points scorer in the NHL.
1989	10	19	world	history	The convictions of the Guildford Four are quashed by the Court of Appeal of England and Wales, after they had spent 15 years in prison.
1989	10	21	world	history	In Honduras, 131 people are killed when a Boeing 727 crashes on approach to Toncontín International Airport near the nation's capital Tegucigalpa.
1989	10	25	world	history	The first leg of the 1989 Supertaça Cândido de Oliveira is held at the Estádio da Luz in Lisbon, Portugal.
1989	10	26	world	history	China Airlines Flight 204 crashes after takeoff from Hualien Airport in Taiwan, killing all 54 people on board.
1989	10	28	world	history	Aloha Island Air Flight 1712, a Twin Otter 300, crashed into terrain at night in Hawaii killing all 20 occupants onboard.
1989	11	7	world	history	Douglas Wilder wins the governor's seat in Virginia, becoming the first elected African American governor in the United States.
1989	11	7	world	history	David Dinkins becomes the first African American to be elected Mayor of New York City.
1989	11	9	world	history	Fall of the Berlin Wall (9 November)
1989	11	22	world	science	NASA launches Space Shuttle Discovery on STS-33, a classified mission for the United States Department of Defense.
1989	11	28	world	history	Cold War: Velvet Revolution: In the face of protests, the Communist Party of Czechoslovakia announces it will give up its monopoly on political power.
1989	12	20	world	history	The United States invasion of Panama deposes Manuel Noriega.
1989	12	22	world	history	German reunification: Berlin's Brandenburg Gate re-opens after nearly 30 years, effectively ending the division of East and West Germany.
1989	12	26	world	history	United Express Flight 2415 crashes on approach to the Tri-Cities Airport in Pasco, Washington, killing all six people on board.
1989	12	28	world	history	A magnitude 5.6 earthquake hits Newcastle, New South Wales, Australia, killing 13 people.
1990	1	3	world	history	United States invasion of Panama: Manuel Noriega, former leader of Panama, surrenders to American forces.
1990	1	10	world	history	Time Warner is formed by the merger of Time Inc. and Warner Communications.
1990	1	13	world	history	Douglas Wilder becomes the first elected African American governor as he takes office as Governor of Virginia in Richmond, Virginia.
1990	1	19	india	history	Exodus of Kashmiri Pandits from the Kashmir Valley in Indian-administered Kashmir due to an insurgency.
1990	1	20	world	history	Protests in Azerbaijan, part of the Dissolution of the Soviet Union.
1990	2	2	world	history	Apartheid: F. W. de Klerk announces the unbanning of the African National Congress and promises to release Nelson Mandela.
1990	2	7	world	history	Dissolution of the Soviet Union: The Central Committee of the Soviet Communist Party agrees to give up its monopoly on power.
1990	3	4	world	history	American basketball player Hank Gathers dies after collapsing during the semifinals of a West Coast Conference tournament game.
1990	3	10	world	history	In Haiti, Prosper Avril is ousted eighteen months after seizing power in a coup d'état in September 1988.
1990	3	11	world	history	Patricio Aylwin is sworn in as the first democratically elected President of Chile since 1970.
1990	3	24	india	history	Indian intervention in the Sri Lankan Civil War ends with the last ship of Indian Peace Keeping Force leaving Sri Lanka.
1990	4	4	world	history	The current flag of Hong Kong is adopted for post-colonial Hong Kong during the Third Session of the Seventh National People's Congress.
1990	4	11	world	history	Customs officers in Middlesbrough, England, seize what they believe to be the barrel of a massive gun on a ship bound for Iraq.
1990	4	12	world	history	Widerøe Flight 839 crashes after takeoff from Værøy Airport in Norway, killing five people.
1990	4	24	world	science	Hubble Space Telescope launched (24 April)
1990	5	20	world	history	The first post-Communist presidential and parliamentary elections are held in Romania.
1990	5	30	world	history	Croatian Parliament is constituted after the first free, multi-party elections, today celebrated as the National Day of Croatia.
1990	6	1	world	science	Cold War: George H. W. Bush and Mikhail Gorbachev sign a treaty to end chemical weapon production.
1990	6	2	india	history	The Lower Ohio Valley tornado outbreak spawns 66 confirmed tornadoes in Illinois, Indiana, Kentucky, and Ohio, killing 12.
1990	6	22	world	history	Cold War: Checkpoint Charlie is dismantled in Berlin.
1990	7	8	world	history	West Germany win the FIFA World Cup final against defending champions Argentina, with Andreas Brehme scoring the game's only goal.
1990	7	27	world	history	The Jamaat al Muslimeen attempt a coup d'état in Trinidad and Tobago.
1990	8	6	world	history	Gulf War: The United Nations Security Council orders a global trade embargo against Iraq in response to Iraq's invasion of Kuwait.
1990	8	23	world	history	Saddam Hussein appears on Iraqi state television with a number of Western "guests" (actually hostages) to try to prevent the Gulf War.
1990	8	23	world	history	Armenia declares its independence from the Soviet Union.
1990	8	28	world	history	Gulf War: Iraq declares Kuwait to be its newest province.
1990	8	28	world	history	An F5 tornado strikes the Illinois cities of Plainfield and Joliet, killing 29 people.
1990	9	2	world	history	Transnistria is unilaterally proclaimed a Soviet republic; the Soviet president Mikhail Gorbachev declares the decision null and void.
1990	9	9	world	history	Batticaloa massacre: Massacre of 184 Tamil civilians by the Sri Lankan Army in Batticaloa District.
1990	9	29	world	history	The Tampere Hall, the largest concert and congress center in the Nordic countries, is inaugurated in Tampere, Finland.
1990	10	8	world	history	First Intifada: Israeli police kill 17 Palestinians and wound over 100 near the Dome of the Rock.
1990	10	13	world	history	Syrian forces attack free areas of Lebanon, removing General Michel Aoun from the presidential palace.
1990	10	15	world	science	Soviet Union leader Mikhail Gorbachev is awarded the Nobel Peace Prize for his efforts to lessen Cold War tensions and open up his nation.
1990	10	25	world	history	The Kazakh Soviet Socialist Republic declares its sovereignty from the Soviet Union.
1990	11	2	world	science	British Satellite Broadcasting and Sky Television plc merge to form BSkyB as a result of massive losses.
1990	11	5	world	history	Rabbi Meir Kahane, founder of the far-right Kach movement, is shot dead after a speech at a New York City hotel.
1990	11	17	world	history	Fugendake, part of the Mount Unzen volcanic complex, Nagasaki Prefecture, Japan, becomes active again and erupts.
1990	11	22	world	history	British Prime Minister Margaret Thatcher withdraws from the Conservative Party leadership election, confirming the end of her Premiership.
1990	12	2	world	science	Space Shuttle Columbia is launched on STS-35, carrying the ASTRO-1 spacelab observatory.
1990	12	22	world	history	Lech Wałęsa is elected President of Poland.
1990	12	22	world	science	Final independence of Marshall Islands and Federated States of Micronesia after termination of trusteeship.
1991	0	0	india	history	Economic liberalisation begins under P. V. Narasimha Rao
1991	1	2	world	history	Sharon Pratt Dixon becomes the first African American woman mayor of a major city and first woman Mayor of the District of Columbia.
1991	1	5	world	history	Georgian forces enter Tskhinvali, the capital of South Ossetia, Georgia, opening the 1991–92 South Ossetia War.
1991	1	7	world	history	Roger Lafontant, former leader of the Tonton Macoute in Haiti under François Duvalier, attempts a coup d'état, which ends in his arrest.
1991	1	12	world	history	Persian Gulf War: An act of the U.S. Congress authorizes the use of American military force to drive Iraq out of Kuwait.
1991	1	13	world	history	Soviet Union troops attack Lithuanian independence supporters in Vilnius, killing 14 people and wounding around 1,000 others.
1991	1	19	world	history	Gulf War: Iraq fires a second Scud missile into Israel, causing 15 injuries.
1991	1	20	world	history	Sudan's government imposes Islamic law nationwide, worsening the civil war between the country's Muslim north and Christian south.
1991	1	26	world	history	Mohamed Siad Barre is removed from power in Somalia, ending centralized government, and is succeeded by Ali Mahdi.
1991	1	29	world	history	Gulf War: The Battle of Khafji, the first major ground engagement of the war, as well as its deadliest, begins between Iraq and Saudi Arabia.
1991	2	7	world	science	The Troubles: The Provisional IRA launches a mortar attack on 10 Downing Street in London, the headquarters of the British government.
1991	2	9	world	history	Dissolution of the Soviet Union: Voters in Lithuania vote for independence from the Soviet Union.
1991	2	16	world	history	Nicaraguan Contras leader Enrique Bermúdez is assassinated in Managua.
1991	2	18	world	history	The IRA explodes bombs in the early morning at Paddington station and Victoria station in London.
1991	2	25	world	history	Disbandment of the Warsaw Pact at a meeting of its members in Budapest.
1991	2	27	world	history	Gulf War: U.S. President George H. W. Bush announces that "Kuwait is liberated".
1991	3	3	world	history	An amateur video captures the beating of Rodney King by Los Angeles police officers.
1991	3	10	world	history	1991 Salvadoran legislative election: The Nationalist Republican Alliance wins 39 of the 84 seats in the Legislative Assembly of El Salvador.
1991	4	5	world	history	An ASA EMB 120 crashes in Brunswick, Georgia, killing all 23 aboard, including Sen. John Tower and astronaut Sonny Carter.
1991	4	5	world	science	The Space Shuttle Atlantis launches on STS-37 to deploy the Compton Gamma Ray Observatory.
1991	4	10	world	science	A rare tropical storm develops in the South Atlantic Ocean near Angola, the first to be documented by satellites.
1991	4	10	world	history	Italian ferry MS Moby Prince collides with an oil tanker in dense fog off Livorno, Italy, killing 140.
1991	4	26	world	history	Fifty-five tornadoes break out in the central United States. Before the outbreak's end, Andover, Kansas, would record the year's only F5 tornado.
1991	4	28	world	science	Space Shuttle Discovery launches on STS-39, the first unclassified shuttle mission for the United States Department of Defense.
1991	4	29	world	history	The 7.0 Mw Racha earthquake affects Georgia with a maximum MSK intensity of IX (Destructive), killing 270 people.
1991	5	1	world	history	Angolan Civil War: The MPLA and UNITA agree to the Bicesse Accords, which are formally signed on May 31 in Lisbon.
1991	5	5	world	history	A riot breaks out in the Mt. Pleasant section of Washington, D.C. after police shoot a Salvadoran man.
1991	5	15	world	history	Édith Cresson becomes France's first female Prime Minister.
1991	5	21	india	history	Former Indian Prime Minister Rajiv Gandhi is assassinated by a female suicide bomber near Madras.
1991	5	24	world	history	Israel conducts Operation Solomon, evacuating Ethiopian Jews to Israel.
1991	5	26	world	history	Zviad Gamsakhurdia becomes the first elected President of the Republic of Georgia in the post-Soviet era.
1991	5	31	world	history	Bicesse Accords in Angola lay out a transition to multi-party democracy under the supervision of the United Nations' UNAVEM II peacekeeping mission.
1991	6	12	world	history	In modern Russia's first democratic election, Boris Yeltsin is elected as the President of Russia.
1991	6	23	world	history	Sonic the Hedgehog is released in North America on the Sega Genesis platform, beginning the popular video game franchise.
1991	6	25	world	history	The breakup of Yugoslavia begins when Slovenia and Croatia declare their independence from Yugoslavia.
1991	6	27	world	history	Two days after it had declared independence, Slovenia is invaded by Yugoslav troops, tanks, and aircraft, starting the Ten-Day War.
1991	7	7	world	history	Yugoslav Wars: The Brioni Agreement ends the ten-day independence war in Slovenia against the rest of the Socialist Federal Republic of Yugoslavia.
1991	8	2	world	science	Space Shuttle Atlantis is launched on STS-43 to deploy the TDRS-5 satellite.
1991	8	6	world	science	Tim Berners-Lee puts the first website online (6 August)
1991	8	6	world	history	Takako Doi, chair of the Social Democratic Party, becomes Japan's first female speaker of the House of Representatives.
1991	8	24	world	history	Ukraine declares itself independent from the Soviet Union.
1991	8	29	world	history	Libero Grassi, an Italian businessman from Palermo, is killed by the Sicilian Mafia after taking a solitary stand against their extortion demands.
1991	9	17	world	science	Estonia, North Korea, South Korea, Latvia, Lithuania, the Marshall Islands and Micronesia join the United Nations.
1991	10	3	world	science	Nadine Gordimer is announced as the winner of the Nobel Prize in Literature.
1991	10	7	world	history	Croatian War of Independence: Bombing of the Banski Dvori in Zagreb, Croatia.
1991	10	8	world	history	Upon the expiration of the Brioni Agreement, Croatia and Slovenia sever all official relations with Yugoslavia.
1991	10	11	world	history	Prof. Anita Hill delivers her televised testimony concerning sexual harassment during the Clarence Thomas Supreme Court nomination.
1991	10	20	india	history	A 6.8 Mw earthquake strikes the Uttarkashi region of India, killing more than 1,000 people.
1991	10	26	world	history	Three months after the end of the Ten-Day War, the last soldier of the Yugoslav People's Army leaves the territory of the Republic of Slovenia.
1991	11	1	world	history	President of the Chechen Republic Dzhokhar Dudayev declares sovereignty of the Chechen Republic of Ichkeria from the Russian Federation.
1991	11	5	world	history	Tropical Storm Thelma causes flash floods in the Philippine city of Ormoc, killing more than 4,900 people.
1991	11	7	world	history	Magic Johnson announces that he is HIV-positive and retires from the NBA.
1991	11	12	world	history	Santa Cruz massacre: The Indonesian Army open fire on a crowd of student protesters in Dili, East Timor.
1991	11	13	world	history	The Republic of Karelia, an autonomous republic of Russia, is formed from the former Karelian ASSR.
1991	11	18	world	science	Shiite Muslim kidnappers in Lebanon release Anglican Church envoys Terry Waite and Thomas Sutherland.
1991	11	18	world	history	After an 87-day siege, the Croatian city of Vukovar capitulates to the besieging Yugoslav People's Army and allied Serb paramilitary forces.
1991	11	23	world	history	Queen lead singer Freddie Mercury announces in a statement that he is HIV-positive. He dies the following day.
1991	11	24	world	science	Space Shuttle program: Atlantis launches on STS-44.
1991	12	1	world	history	Cold War: Ukrainian voters overwhelmingly approve a referendum for independence from the Soviet Union.
1991	12	6	world	history	Yugoslav Wars: In Croatia, forces of the Serb-dominated Yugoslav People's Army (JNA) heaviest bombardment of Dubrovnik during a siege of seven months.
1991	12	26	world	history	Dissolution of the Soviet Union (26 December)
1991	12	26	world	history	The Supreme Soviet of the Soviet Union meets and formally dissolves the Soviet Union, ending the Cold War.
1991	12	27	world	history	Scandinavian Airlines System Flight 751 crashes in Gottröra in the Norrtälje Municipality in Sweden, injuring 92.
1992	1	3	world	history	CommutAir Flight 4821 crashes on approach to Adirondack Regional Airport, in Saranac Lake, New York, killing two people.
1992	1	6	world	history	President of Georgia Zviad Gamsakhurdia flees the country as a result of the military coup.
1992	1	9	world	history	The Assembly of the Serb People in Bosnia and Herzegovina proclaims the creation of Republika Srpska, a new state within Yugoslavia.
1992	1	17	world	history	During a visit to South Korea, Japanese Prime Minister Kiichi Miyazawa apologizes for forcing Korean women into sexual slavery during World War II.
1992	1	20	world	history	Air Inter Flight 148, an Airbus A320-111, crashes into a mountain near Strasbourg, France, killing 87 of the 96 people on board.
1992	2	4	world	history	A coup d'état is led by Hugo Chávez against Venezuelan President Carlos Andrés Pérez.
1992	2	7	world	history	The Maastricht Treaty is signed, leading to the creation of the European Union.
1992	2	17	world	history	First Nagorno-Karabakh War: Armenian troops massacre more than 20 Azerbaijani civilians during the Capture of Garadaghly.
1992	3	17	world	history	Israeli Embassy attack in Buenos Aires: Car bomb attack kills 29 and injures 242.
1992	3	17	world	history	A referendum to end apartheid in South Africa is passed 68.7% to 31.2%.
1992	3	31	world	history	The USS Missouri, the last active United States Navy battleship, is decommissioned in Long Beach, California.
1992	4	5	world	history	Peace protesters Suada Dilberovic and Olga Sučić are killed on the Vrbanja Bridge in Sarajevo, becoming the first casualties of the Bosnian War.
1992	4	5	world	history	Alberto Fujimori, president of Peru, dissolves the Peruvian congress by military force.
1992	4	22	world	history	A series of gas explosions rip through the streets in Guadalajara, Mexico, killing 206.
1992	4	27	world	history	Betty Boothroyd becomes the first woman to be elected Speaker of the British House of Commons in its 700-year history.
1992	4	27	world	history	The Russian Federation and 12 other former Soviet republics become members of the International Monetary Fund and the World Bank.
1992	4	27	world	history	The Federal Republic of Yugoslavia, comprising Serbia and Montenegro, is proclaimed.
1992	5	9	world	history	Armenian forces capture Shusha, marking a major turning point in the First Nagorno-Karabakh War.
1992	5	9	world	history	Westray Mine disaster kills 26 workers in Nova Scotia, Canada.
1992	5	13	world	history	Li Hongzhi gives the first public lecture on Falun Gong in Changchun, People's Republic of China.
1992	5	21	world	history	After 30 seasons Johnny Carson hosts his penultimate episode and last featuring guests (Robin Williams and Bette Midler) of The Tonight Show.
1992	5	24	world	history	The last Thai dictator, General Suchinda Kraprayoon, resigns following pro-democracy protests.
1992	6	6	world	history	Copa Airlines Flight 201 breaks apart in mid-air and crashes into the Darién Gap in Panama, killing all 47 aboard.
1992	6	8	world	history	The first World Oceans Day is celebrated, coinciding with the Earth Summit held in Rio de Janeiro, Brazil.
1992	6	8	world	history	GP Express Airlines Flight 861 crashes on approach to Anniston Regional Airport in Anniston, Alabama, killing three.
1992	6	25	world	science	Space Shuttle Columbia launches on STS-50, the first shuttle mission to carry Extended Duration Orbiter hardware.
1992	7	20	world	history	A Tupolev Tu-154 crashes during takeoff from Tbilisi International Airport, killing all 24 aboard and four more people on the ground.
1992	7	22	world	history	Near Medellín, Colombian drug lord Pablo Escobar escapes from his luxury prison fearing extradition to the United States.
1992	7	23	world	history	Abkhazia declares independence from Georgia.
1992	7	31	world	science	Space Shuttle program: Atlantis is launched on STS-46 to deploy the European Retrievable Carrier and the Tethered Satellite System.
1992	8	24	world	history	Hurricane Andrew makes landfall in Homestead, Florida as a Category 5 hurricane, causing up to $25 billion (1992 USD) in damages.
1992	9	25	world	science	NASA launches the Mars Observer. Eleven months later, the probe would fail while preparing for orbital insertion.
1992	10	9	world	history	The Peekskill meteorite, a 27.7 pounds (12.6 kg) meteorite crashed into a parked car in Peekskill, New York.
1992	11	16	world	science	The Hoxne Hoard is discovered by metal detectorist Eric Lawes in Hoxne, Suffolk.
1992	11	23	world	history	The first smartphone, the IBM Simon, is introduced at COMDEX in Las Vegas, Nevada.
1992	11	24	world	history	China Southern Airlines Flight 3943 crashes on approach to Guilin Qifengling Airport in Guilin, China, killing all 141 people on board.
1992	11	27	world	history	For the second time in a year, military forces try to overthrow president Carlos Andrés Pérez in Venezuela.
1992	12	6	india	history	The Babri Masjid in Ayodhya, India, is demolished, leading to widespread riots causing the death of over 1,500 people.
1992	12	21	world	history	A Dutch DC-10, flight Martinair MP 495, crashes at Faro Airport, Portugal, killing 56.
1993	1	1	world	history	Dissolution of Czechoslovakia: Czechoslovakia is divided into the Czech Republic and Slovak Republic.
1993	1	2	world	history	Sri Lankan Civil War: The Sri Lanka Navy kill 35–100 civilians on the Jaffna Lagoon.
1993	1	3	world	history	In Moscow, Russia, George H. W. Bush and Boris Yeltsin sign the second Strategic Arms Reduction Treaty (START).
1993	1	5	world	history	The oil tanker MV Braer runs aground on the coast of the Shetland Islands, spilling 84,700 tons of crude oil.
1993	1	6	india	history	Indian Border Security Force units kill 55 Kashmiri civilians in Sopore, Jammu and Kashmir, in revenge after militants ambushed a BSF patrol.
1993	1	6	world	history	Four people are killed when Lufthansa CityLine Flight 5634 crashes on approach to Charles de Gaulle Airport in Roissy-en-France, France.
1993	1	7	world	history	Bosnian War: The Bosnian Army executes a surprise attack at the village of Kravica in Srebrenica.
1993	1	13	world	science	Space Shuttle program: Endeavour heads for space for the third time as STS-54 launches from the Kennedy Space Center.
1993	1	19	world	history	Czech Republic and Slovakia join the United Nations.
1993	1	25	world	history	Five people are shot outside the CIA Headquarters in Langley, Virginia. Two are killed and three wounded.
1993	2	8	world	history	An Iran Air Tours Tupolev Tu-154 and an Iranian Air Force Sukhoi Su-24 collide mid-air near Qods, Iran, killing all 133 people on board both aircraft.
1993	4	22	world	history	Eighteen-year-old Stephen Lawrence is murdered in a racially motivated attack while waiting for a bus in Well Hall, Eltham.
1993	4	26	world	science	The Space Shuttle Columbia is launched on mission STS-55 to conduct experiments aboard the Spacelab module.
1993	4	30	world	history	CERN announces World Wide Web protocols will be free.
1993	5	1	world	history	Sri Lankan President Ranasinghe Premadasa is assassinated in Colombo in a suicide bombing carried out by the Liberation Tigers of Tamil Eelam.
1993	5	24	world	history	Eritrea gains its independence from Ethiopia.
1993	6	1	world	history	Dobrinja mortar attack: Thirteen are killed and 133 wounded when Serb mortar shells are fired at a soccer game in Dobrinja, west of Sarajevo.
1993	6	6	world	history	Punsalmaagiin Ochirbat wins the first presidential election in Mongolia.
1993	7	2	world	history	A mob sets fire to the Hotel Madımak in Sivas, Turkey, where an Alevi cultural festival was taking place, killing 37 people.
1993	7	22	world	history	Great Flood of 1993: Levees near Kaskaskia, Illinois rupture, forcing the entire town to evacuate by barges operated by the Army Corps of Engineers.
1993	7	23	world	history	China Northwest Airlines Flight 2119 crashes during takeoff from Yinchuan Xihuayuan Airport in Yinchuan, Ningxia, China, killing 55 people.
1993	7	29	world	history	The Supreme Court of Israel acquits alleged Nazi death camp guard John Demjanjuk of all charges and he is set free.
1993	8	7	india	history	Ada Deer, a Menominee activist, is sworn in as the head of the Bureau of Indian Affairs.
1993	8	28	world	history	A Tajikistan Airlines Yakovlev Yak-40 crashes during takeoff from Khorog Airport in Tajikistan, killing 82.
1993	9	9	world	history	Israeli–Palestinian peace process: The Palestine Liberation Organization officially recognizes Israel as a legitimate state.
1993	9	24	world	history	The Cambodian monarchy is restored, with Norodom Sihanouk as king.
1993	9	30	india	history	The 6.2 Mw Latur earthquake shakes Maharashtra, India with a maximum Mercalli intensity of VIII (Severe) killing 9,748 and injuring 30,000.
1993	10	7	world	history	The flood of '93 ends at St. Louis, Missouri, 103 days after it began, as the Mississippi River falls below flood stage.
1993	10	13	world	history	At least 60 people die in eastern Papua New Guinea when a series of earthquakes rock the Finisterre Range, triggering massive landslides.
1993	10	27	world	history	Widerøe Flight 744 crashes in Overhalla Municipality, Norway, killing six people.
1993	11	13	world	history	China Northern Airlines Flight 6901 crashes on approach to Ürümqi Diwopu International Airport in Ürümqi, China, killing 12 people.
1993	11	17	world	history	United States House of Representatives passes a resolution to establish the North American Free Trade Agreement.
1993	11	17	world	history	In Nigeria, General Sani Abacha ousts the government of Ernest Shonekan in a military coup.
1993	11	18	world	history	In the United States, the North American Free Trade Agreement (NAFTA) is approved by the House of Representatives.
1993	12	2	world	science	Space Shuttle program: STS-61: NASA launches the Space Shuttle Endeavour on a mission to repair the Hubble Space Telescope.
1993	12	2	world	history	Colombian drug lord Pablo Escobar is shot and killed by police in Medellín.
1993	12	7	world	history	Long Island Rail Road shooting: Passenger Colin Ferguson murders six people and injures 19 others on the LIRR in Nassau County, New York.
1994	1	3	world	history	Baikal Airlines Flight 130 crashes near Mamoney, Irkutsk, Russia, resulting in 125 deaths.
1994	1	7	world	science	A British Aerospace Jetstream 41 operating as United Express Flight 6291 crashes in Gahanna, Ohio, killing five of the eight people on board.
1994	1	11	world	history	The Irish Government announces the end of a 15-year broadcasting ban on the IRA and its political arm Sinn Féin.
1994	1	25	world	science	The spacecraft Clementine by BMDO and NASA is launched.
1994	2	3	world	science	Space Shuttle program: STS-60 is launched, carrying Sergei Krikalev, the first Russian cosmonaut to fly aboard the Shuttle.
1994	2	5	world	history	Byron De La Beckwith is convicted of the 1963 murder of civil rights leader Medgar Evers.
1994	3	4	world	science	Space Shuttle program: The Space Shuttle Columbia is launched on STS-62.
1994	3	23	world	history	At an election rally in Tijuana, Mexican presidential candidate Luis Donaldo Colosio is assassinated by Mario Aburto Martínez.
1994	4	6	world	history	The Rwandan genocide begins when the aircraft carrying Rwandan president Juvénal Habyarimana and Burundian president Cyprien Ntaryamira is shot down.
1994	4	7	world	history	Rwandan genocide: Massacres of Tutsis begin in Kigali, Rwanda, and soldiers kill the civilian Prime Minister Agathe Uwilingiyimana.
1994	4	26	world	history	South Africa begins its first multiracial election, which is won by Nelson Mandela's African National Congress.
1994	5	1	world	history	Three-time Formula One champion Ayrton Senna is killed in an accident during the San Marino Grand Prix.
1994	5	5	world	history	The signing of the Bishkek Protocol between Armenia and Azerbaijan effectively freezes the Nagorno-Karabakh conflict.
1994	5	5	world	history	American teenager Michael P. Fay is caned in Singapore for theft and vandalism.
1994	5	6	world	history	Elizabeth II of the United Kingdom and French President François Mitterrand officiate at the opening of the Channel Tunnel.
1994	5	10	world	history	Nelson Mandela becomes President of South Africa (10 May)
1994	5	21	world	history	The Democratic Republic of Yemen unsuccessfully attempts to secede from the Republic of Yemen; a war breaks out.
1994	6	6	world	history	China Northwest Airlines Flight 2303 crashes near Xi'an Xianyang International Airport, killing all 160 people on board.
1994	6	10	world	science	China conducts a nuclear test for DF-31 warhead at Area C (Beishan), Lop Nur, its prominence being due to the Cox Report.
1994	6	24	world	history	A Boeing B-52 Stratofortress crashes at Fairchild Air Force Base near Spokane, Washington, killing four.
1994	6	27	world	history	Members of the Aum Shinrikyo cult release sarin gas in Matsumoto, Japan. Seven people are killed, 660 injured.
1994	7	2	world	history	USAir Flight 1016 crashes near Charlotte Douglas International Airport, killing 37 of the 57 people on board.
1994	7	4	world	history	Rwandan genocide: Kigali, the Rwandan capital, is captured by the Rwandan Patriotic Front, ending the genocide in the city.
1994	7	8	world	history	Kim Jong Il begins to assume supreme leadership of North Korea upon the death of his father, Kim Il Sung.
1994	7	8	world	science	Space Shuttle Columbia is launched on an international science mission.
1994	7	19	world	history	Alas Chiricanas Flight 00901 is destroyed by a bomb after takeoff from Enrique Adolfo Jiménez Airport in Colón, Panama, killing 21.
1994	8	23	world	history	Eugene Bullard, the only African American pilot in World War I, is posthumously commissioned as Second Lieutenant in the United States Air Force.
1994	9	9	world	science	Space Shuttle program: Space Shuttle Discovery is launched on STS-64.
1994	9	14	world	history	The rest of the Major League Baseball season is canceled because of a strike.
1994	9	30	world	science	Space Shuttle Endeavour is launched on STS-68.
1994	10	15	world	history	The United States, under the Clinton administration, returns Haiti's first democratically elected president, Jean-Bertrand Aristide, to the island.
1994	10	26	world	history	Jordan and Israel sign a peace treaty.
1994	11	7	world	science	WXYC, the student radio station of the University of North Carolina at Chapel Hill, launches the world's first internet radio broadcast.
1994	12	11	world	history	First Chechen War: Russian president Boris Yeltsin orders Russian troops into Chechnya.
1994	12	31	world	history	The First Chechen War: The Russian Ground Forces begin a New Year's storming of Grozny.
1995	1	1	world	history	The Draupner wave in the North Sea in Norway is detected, confirming the existence of freak waves.
1995	1	1	world	history	Austria, Finland and Sweden join the EU.
1995	1	11	world	history	51 people are killed in a plane crash in María La Baja, Colombia.
1995	2	3	world	science	Astronaut Eileen Collins becomes the first woman to pilot the Space Shuttle as mission STS-63 gets underway from Kennedy Space Center in Florida.
1995	2	7	world	history	Ramzi Yousef, the mastermind of the 1993 World Trade Center bombing, is arrested in Islamabad, Pakistan.
1995	2	17	world	history	The Cenepa War between Peru and Ecuador ends on a ceasefire brokered by the UN.
1995	3	31	world	history	Selena is murdered by her fan club president Yolanda Saldívar at a Days Inn in Corpus Christi, Texas.
1995	3	31	world	history	TAROM Flight 371, an Airbus A310-300, crashes near Balotesti, Romania, killing all 60 people on board.
1995	4	7	world	history	First Chechen War: Russian paramilitary troops begin a massacre of civilians in Samashki, Chechnya.
1995	5	13	world	history	Alison Hargreaves, a 33-year-old British mother, becomes the first woman to ascend Everest without oxygen or the help of sherpas.
1995	6	8	world	history	Downed U.S. Air Force pilot Captain Scott O'Grady is rescued by U.S. Marines in Bosnia.
1995	6	27	world	science	Space Shuttle Atlantis launches on STS-71, the first space shuttle mission to dock with the Russian space station Mir.
1995	7	6	world	history	In the Bosnian War, under the command of General Ratko Mladić, Serbia begins its attack on the Bosnian town of Srebrenica.
1995	7	9	world	history	The Navaly church bombing is carried out by the Sri Lanka Air Force killing 125 Tamil civilian refugees.
1995	7	13	world	science	Space Shuttle Discovery is launched on STS-70 to deploy the TDRS-7 satellite.
1995	7	21	world	history	Third Taiwan Strait Crisis: The People's Liberation Army begins firing missiles into the waters north of Taiwan.
1995	7	27	world	history	The Korean War Veterans Memorial is dedicated in Washington, D.C.
1995	8	4	world	history	Operation Storm, the last major battle of the Croatian War of Independence begins.
1995	8	9	world	history	Aviateca Flight 901 crashes into the San Vicente volcano in El Salvador, killing all 65 people on board.
1995	8	15	world	history	In South Carolina, Shannon Faulkner becomes the first female cadet matriculated at The Citadel (she drops out less than a week later).
1995	8	30	world	science	Bosnian War: NATO launches Operation Deliberate Force against Bosnian Serb forces.
1995	10	3	world	history	O. J. Simpson murder case: O. J. Simpson is acquitted of the murders of Nicole Brown Simpson and Ronald Goldman.
1995	10	9	world	history	An Amtrak Sunset Limited train is derailed by saboteurs near Palo Verde, Arizona.
1995	10	20	world	science	Space Shuttle Columbia launches on STS-73.
1995	10	25	world	history	A commuter train slams into a school bus in Fox River Grove, Illinois, killing seven students.
1995	10	26	world	history	Mossad agents assassinate Palestinian Islamic Jihad leader Fathi Shaqaqi in his hotel in Malta.
1995	11	6	world	history	Cleveland Browns relocation controversy: Art Modell announces that he signed a deal that would relocate the Cleveland Browns to Baltimore.
1995	11	12	world	science	Space Shuttle Atlantis launches on STS-74 to deliver the Mir Docking Module to the Russian space station Mir.
1995	11	13	world	history	Mozambique becomes the first state to join the Commonwealth of Nations without having been part of the former British Empire.
1995	11	13	world	history	Nigeria Airways Flight 357 crashes at Kaduna International Airport in Kaduna, Nigeria, killing 11 people and injuring 66.
1995	12	7	world	science	The Galileo spacecraft arrives at Jupiter, a little more than six years after it was launched by Space Shuttle Atlantis during Mission STS-34.
1995	12	7	world	history	An Air Saint Martin (now Air Caraïbes) Beechcraft 1900 crashes near the Haitian commune of Belle Anse, killing 20.
1995	12	20	world	history	American Airlines Flight 965, a Boeing 757, crashes into a mountain 50 km north of Cali, Colombia, killing 159 of the 163 people on board.
1995	12	21	world	history	The city of Bethlehem passes from Israeli to Palestinian control.
1996	1	27	world	history	In a military coup, Colonel Ibrahim Baré Maïnassara deposes the first democratically elected president of Niger, Mahamane Ousmane.
1996	1	29	world	science	President Jacques Chirac announces a "definitive end" to French nuclear weapons testing.
1996	1	31	world	history	An explosives-filled truck rams into the gates of the Central Bank of Sri Lanka in Colombo, killing at least 86 people and injuring 1,400.
1996	2	9	world	science	Copernicium is discovered by Sigurd Hofmann, Victor Ninov et al.
1996	2	16	world	history	A Chicago-bound Amtrak train, the Capitol Limited, collides with a MARC commuter train bound for Washington, D.C., killing 11 people.
1996	2	17	world	science	In Philadelphia, world champion Garry Kasparov beats the Deep Blue supercomputer in a chess match.
1996	2	17	world	science	NASA's Discovery Program begins as the NEAR Shoemaker spacecraft lifts off on the first mission ever to orbit and land on an asteroid, 433 Eros.
1996	3	23	world	history	Taiwan holds its first direct elections and chooses Lee Teng-hui as President.
1996	4	13	world	history	Two women and four children are killed after an Israeli helicopter fires rockets at an ambulance in Mansouri, Lebanon.
1996	4	21	world	history	Four people are killed and 75 are injured in a train accident in Jokela, Finland.
1996	4	28	world	history	Whitewater controversy: President Bill Clinton gives a 41⁄2 hour videotaped testimony for the defense.
1996	5	6	world	history	The body of former CIA director William Colby is found washed up on a riverbank in southern Maryland, eight days after he disappeared.
1996	5	13	world	history	Severe thunderstorms and a tornado in Bangladesh kill 600 people.
1996	5	21	world	history	The ferry MV Bukoba sinks in Tanzanian waters on Lake Victoria, killing nearly 1,000.
1996	5	21	world	history	The seven Trappist monks of Tibhirine who were abducted on March 27 are killed under uncertain circumstances.
1996	5	27	world	history	First Chechen War: Russian president Boris Yeltsin meets with Chechen rebels for the first time and negotiates a cease-fire.
1996	6	25	world	history	The Khobar Towers bombing in Saudi Arabia kills 19 U.S. servicemen.
1996	7	3	world	history	British Prime Minister John Major announced the Stone of Scone would be returned to Scotland.
1996	7	15	world	history	A Belgian Air Force C-130 Hercules carrying the Royal Netherlands Army marching band crashes on landing at Eindhoven Airport.
1996	7	25	world	history	In a military coup in Burundi, Pierre Buyoya deposes Sylvestre Ntibantunganya.
1996	7	27	world	history	In Atlanta, United States, a pipe bomb explodes at Centennial Olympic Park during the 1996 Summer Olympics.
1996	7	28	world	science	The remains of a prehistoric man are discovered near Kennewick, Washington. Such remains will be known as the Kennewick Man.
1996	8	6	world	science	NASA announces that the ALH 84001 meteorite, thought to originate from Mars, contains evidence of primitive life-forms.
1996	8	29	world	history	Vnukovo Airlines Flight 2801, a Tupolev Tu-154, crashes into a mountain on the Arctic island of Spitsbergen, killing all 141 aboard.
1996	9	24	world	science	Representatives of 71 nations sign the Comprehensive Nuclear-Test-Ban Treaty at the United Nations.
1996	11	5	world	history	Pakistani President Farooq Leghari dismisses the government of Prime Minister Benazir Bhutto and dissolves the National Assembly.
1996	11	7	world	history	ADC Airlines Flight 086 crashes into the Lagos Lagoon in Epe, Lagos State, Nigeria, killing all 144 people on board.
1996	11	23	india	history	Ethiopian Airlines Flight 961 is hijacked, then crashes into the Indian Ocean off the coast of Comoros after running out of fuel, killing 125.
1996	12	27	world	history	Taliban forces retake the strategic Bagram Airfield which solidifies their buffer zone around Kabul, Afghanistan.
1997	1	9	world	history	Comair Flight 3272 crashes in Raisinville Township in Monroe County, Michigan, killing 29 people.
1997	1	19	world	history	Yasser Arafat returns to Hebron after more than 30 years and joins celebrations over the handover of the last Israeli-controlled West Bank city.
1997	2	4	world	history	En route to Lebanon, two Israeli Sikorsky CH-53 troop-transport helicopters collide in mid-air over northern Galilee, Israel, killing 73.
1997	2	22	world	science	Dolly the sheep, the first cloned mammal, announced (22 February)
1997	4	13	world	history	Tiger Woods becomes the youngest golfer to win the Masters Tournament.
1997	4	29	world	science	The Chemical Weapons Convention of 1993 enters into force, outlawing the production, stockpiling and use of chemical weapons by its signatories.
1997	5	1	world	history	The Labour Party wins the 1997 General Election and Tony Blair is elected as Prime Minister.
1997	5	10	world	history	The 7.3 Mw Qayen earthquake strikes Iran's Khorasan Province killing 1,567 people.
1997	5	15	world	science	The Space Shuttle Atlantis launches on STS-84 to dock with the Russian space station Mir.
1997	5	25	world	history	A military coup in Sierra Leone replaces President Ahmad Tejan Kabbah with Major Johnny Paul Koroma.
1997	5	27	world	history	The 1997 Central Texas tornado outbreak occurs, spawning multiple tornadoes in Central Texas, including the F5 that killed 27 in Jarrell.
1997	5	31	world	history	The Confederation Bridge opens, linking Prince Edward Island with mainland New Brunswick.
1997	6	10	world	history	Before fleeing his northern stronghold, Khmer Rouge leader Pol Pot orders the killing of his defense chief Son Sen and 11 of Sen's family members.
1997	6	13	world	history	A jury sentences Timothy McVeigh to death for his part in the 1995 Oklahoma City bombing.
1997	6	25	world	history	The National Hockey League approved expansion franchises for Nashville (1998), Atlanta (1999), Columbus (2000), and Minneapolis-Saint Paul (2000).
1997	6	25	world	science	An uncrewed Progress spacecraft collides with the Russian space station Mir.
1997	6	28	world	history	Holyfield–Tyson II: Mike Tyson is disqualified in the third round for biting a piece off Evander Holyfield's ear.
1997	7	2	world	history	The Bank of Thailand floats the baht, triggering the Asian financial crisis.
1997	7	4	world	science	NASA's Pathfinder space probe lands on the surface of Mars.
1997	7	7	world	history	The Turkish Armed Forces withdraw from northern Iraq after assisting the Kurdistan Democratic Party in the Iraqi Kurdish Civil War.
1997	7	9	world	science	An explosion aboard a Brazilian airline TAM Fokker 100 launches engineer Fernando Caldeira de Moura Campos into a 2,400 meters free fall.
1997	7	22	world	history	The second Blue Water Bridge opens between Port Huron, Michigan and Sarnia, Ontario.
1997	7	23	world	history	Digital Equipment Corporation files antitrust charges against chipmaker Intel.
1997	7	27	world	history	About 50 people are killed in the Si Zerrouk massacre in Algeria.
1997	8	6	world	history	Korean Air Flight 801 crashed at Nimitz Hill, Guam, killing 229 of the 254 people on board.
1997	8	7	world	science	Space Shuttle Program: The Space Shuttle Discovery launches on STS-85 from the Kennedy Space Center in Cape Canaveral, Florida.
1997	8	7	world	history	Fine Air Flight 101 crashes after takeoff from Miami International Airport, killing five people.
1997	8	10	world	history	Sixteen people are killed when Formosa Airlines Flight 7601 crashes near Beigan Airport in the Matsu Islands of Taiwan.
1997	8	29	world	history	At least 98 villagers are killed by the Armed Islamic Group of Algeria GIA in the Rais massacre, Algeria.
1997	9	3	world	history	Vietnam Airlines Flight 815 (Tupolev Tu-134) crashes on approach into Phnom Penh airport, killing 64.
1997	9	13	world	history	A German Air Force Tupolev Tu-154 and a United States Air Force Lockheed C-141 Starlifter collide in mid-air near Namibia, killing 33.
1997	9	25	world	science	NASA launches Space Shuttle Atlantis on STS-86 to the Mir space station.
1997	10	25	world	history	After a civil war, Denis Sassou Nguesso proclaims himself President of the Republic of the Congo.
1997	10	27	world	history	The 1997 Asian financial crisis causes a crash in the Dow Jones Industrial Average.
1997	11	2	world	history	Tropical Storm Linda makes landfall in the Mekong Delta in Vietnam, causing more than 3,000 deaths.
1997	11	17	world	history	In Luxor, Egypt, 62 people are killed by six Islamic militants outside the Temple of Hatshepsut, known as Luxor massacre.
1997	12	1	india	history	In the Indian state of Bihar, Ranvir Sena attacks the CPI (ML) Party Unity stronghold Lakshmanpur-Bathe, killing 63 lower caste people.
1997	12	1	world	history	Fourteen-year-old Michael Carneal opens fire at a group of students in Heath High School in West Paducah, Kentucky, killing three and injuring five.
1997	12	16	world	history	Dennō Senshi Porygon: Over 600 kids in Japan suffer photosensitive epileptic seizures after watching an episode of the Pokémon anime.
1998	1	11	world	history	Over 100 people are killed in the Sidi-Hamed massacre in Algeria.
1998	1	13	world	history	Alfredo Ormando sets himself on fire in St. Peter's Square, protesting against homophobia.
1998	1	16	world	history	In Santa Lucía Cotzumalguapa, Guatemala, thirteen American students on a school trip are attacked and robbed at gunpoint; five were raped.
1998	1	17	world	history	Clinton–Lewinsky scandal: Matt Drudge breaks the story of the Bill Clinton–Monica Lewinsky affair on his Drudge Report website.
1998	1	22	world	science	Space Shuttle program: space shuttle Endeavour launches on STS-89 to dock with the Russian space station Mir.
1998	1	23	world	history	Netscape announces Mozilla, with the intention to release Communicator code as open source.
1998	1	25	world	history	A suicide attack by the Liberation Tigers of Tamil Eelam on Sri Lanka's Temple of the Tooth kills eight and injures 25 others.
1998	3	24	world	science	Dr. Rüdiger Marmulla performs the first computer-assisted Bone Segment Navigation at the University of Regensburg, Germany.
1998	3	31	world	history	Netscape releases Mozilla source code under an open source license.
1998	4	5	world	history	In Japan, the Akashi Kaikyō Bridge opens to traffic, becoming the longest bridge span in the world.
1998	4	20	world	history	Air France Flight 422 crashes after taking off from El Dorado International Airport in Bogotá, Colombia, killing all 53 people on board.
1998	5	2	world	history	The European Central Bank is founded in Brussels in order to define and execute the European Union's monetary policy.
1998	5	6	world	history	Steve Jobs of Apple Inc. unveils the first iMac.
1998	5	11	india	science	Pokhran-II nuclear tests (11 May)
1998	5	11	india	science	India conducts three underground atomic tests in Pokhran.
1998	5	13	world	history	Race riots break out in Jakarta, Indonesia, where shops owned by Indonesians of Chinese descent are looted and women raped.
1998	5	21	world	history	In Miami, five abortion clinics are attacked by a butyric acid attacker.
1998	5	26	world	history	A MIAT Mongolian Airlines Harbin Y-12 crashes near Erdenet, Orkhon Province, Mongolia, resulting in 28 deaths.
1998	6	2	world	science	Space Shuttle Discovery is launched on STS-91, the final mission of the Shuttle-Mir program.
1998	6	18	world	history	Propair Flight 420 crashes near Montréal–Mirabel International Airport in Quebec, Canada, killing 11.
1998	6	25	world	history	In Clinton v. City of New York, the United States Supreme Court decides that the Line Item Veto Act of 1996 is unconstitutional.
1998	7	4	world	science	Japan launches the Nozomi probe to Mars, joining the United States and Russia as a space exploring nation.
1998	7	6	world	history	Hong Kong International Airport opens in Chek Lap Kok, Hong Kong, replacing Kai Tak Airport as the city's international airport.
1998	7	15	world	history	Sri Lankan Civil War: Sri Lankan Tamil MP S. Shanmuganathan is killed by a claymore mine.
1998	8	7	world	history	Bombings at United States embassies in Dar es Salaam, Tanzania and Nairobi, Kenya kill approximately 212 people.
1998	8	10	world	history	HRH Prince Al-Muhtadee Billah is proclaimed the crown prince of Brunei with a Royal Proclamation.
1998	8	28	world	history	Second Congo War: Loyalist troops backed by Angolan and Zimbabwean forces repulse the RCD and Rwandan offensive on Kinshasa.
1998	9	4	world	history	Google is founded by Larry Page and Sergey Brin, two PhD students at Stanford University.
1998	9	25	world	science	PauknAir Flight 4101, a British Aerospace 146, crashes near Melilla Airport in Melilla, Spain, killing 38 people.
1998	12	6	world	history	in Venezuela, Hugo Chávez is victorious in presidential elections.
1998	12	31	world	history	The European Exchange Rate Mechanism freezes the values of the legacy currencies in the Eurozone, and establishes the value of the euro currency.
1999	1	4	world	history	Former professional wrestler Jesse Ventura is sworn in as governor of Minnesota, United States.
1999	1	19	world	science	British Aerospace agrees to acquire the defence subsidiary of the General Electric Company, forming BAE Systems in November 1999.
1999	1	25	world	history	A 6.0 magnitude earthquake hits western Colombia killing at least 1,000.
1999	2	7	world	history	Crown Prince Abdullah becomes the King of Jordan on the death of his father, King Hussein.
1999	2	25	world	history	Alitalia Flight 1553 crashes at Genoa Cristoforo Colombo Airport in Genoa, Italy, killing four.
1999	3	23	world	history	Gunmen assassinate Paraguay's Vice President Luis María Argaña.
1999	3	29	india	history	A magnitude 6.8 earthquake in India strikes the Chamoli district in Uttar Pradesh, killing 103.
1999	3	29	world	history	The Dow Jones Industrial Average closes above the 10,000 mark (10,006.78) for the first time, during the height of the dot-com bubble.
1999	4	5	world	history	Two Libyans suspected of bringing down Pan Am Flight 103 in 1988 are handed over for eventual trial in the Netherlands.
1999	4	12	world	history	During the NATO bombing of Yugoslavia, an American McDonnell Douglas F-15E Strike Eagle shoots a passenger train, killing between 20 and 60 people.
1999	4	14	world	history	NATO mistakenly bombs a convoy of ethnic Albanian refugees. Yugoslav officials say 75 people were killed.
1999	4	14	world	history	A severe hailstorm strikes Sydney, Australia causing A$2.3 billion in insured damages, the most costly natural disaster in Australian history.
1999	5	2	world	history	Panamanian general election: Mireya Moscoso becomes the first woman to be elected President of Panama.
1999	5	6	world	history	The first elections to the devolved Scottish Parliament and Welsh Assembly are held.
1999	5	9	world	history	Mother's Day bus crash kills 22 passengers and injures another 22, including the driver in New Orleans, Louisiana, United States.
1999	5	13	world	history	Kosovo War: NATO bombs the village of Koriša, killing at least 87 people.
1999	5	27	world	science	Space Shuttle Discovery is launched on STS-96, the first shuttle mission to dock with the International Space Station.
1999	5	28	world	history	In Milan, Italy, after 22 years of restoration work, Leonardo da Vinci's masterpiece The Last Supper is put back on display.
1999	5	30	world	history	53 people are killed in a stampede at the Nyamiha metro station in Minsk, Belarus.
1999	6	10	world	history	Kosovo War: NATO suspends its airstrikes after Slobodan Milošević agrees to withdraw Serbian forces from Kosovo.
1999	7	9	world	history	Days of student protests begin after Iranian police and hardliners attack a student dormitory at the University of Tehran.
1999	7	23	world	history	ANA Flight 61 is hijacked in Tokyo, Japan by Yuji Nishizawa.
1999	7	24	world	history	Air Fiji flight 121 crashes while en route to Nadi, Fiji, killing all 17 people on board.
1999	8	2	india	history	The Gaisal train disaster claims 285 lives in Assam, India.
1999	8	7	world	history	The Chechnya-based Islamic International Brigade invades neighboring Dagestan.
1999	8	9	world	history	Russian president Boris Yeltsin fires his prime minister, Sergei Stepashin, and for the fourth time fires his entire cabinet.
1999	8	15	world	history	Beni Ounif massacre in Algeria: Some 29 people are killed at a false roadblock near the Moroccan border, leading to temporary tensions with Morocco.
1999	8	19	world	history	In Belgrade, Yugoslavia, tens of thousands of Serbians rally to demand the resignation of Federal Republic of Yugoslavia President Slobodan Milošević.
1999	9	14	world	history	Kiribati, Nauru and Tonga join the United Nations.
1999	9	23	world	history	Qantas Flight 1 overruns a runway in Bangkok during a storm, causing minor injuries to some passengers.
1999	10	26	world	history	The United Kingdom's House of Lords votes to end the right of most hereditary peers to vote in Britain's upper chamber of Parliament.
1999	11	2	world	history	Honolulu shootings: In the worst mass murder in the history of Hawaii, a gunman shoots at eight people in his workplace, killing seven.
1999	11	11	world	history	The House of Lords Act is given Royal Assent, restricting membership of the British House of Lords by virtue of a hereditary peerage.
1999	11	18	world	history	At Texas A&M University, the Aggie Bonfire collapses killing 12 students and injuring 27 others.
1999	12	2	world	history	The United Kingdom devolves political power in Northern Ireland to the Northern Ireland Executive following the Good Friday Agreement.
1999	12	11	world	history	SATA Air Açores Flight 530M crashes into Pico da Esperança on São Jorge Island in the Azores, killing 35.
1999	12	20	world	history	Macau is handed over to China by Portugal.
1999	12	21	world	history	The Spanish Civil Guard intercepts a van loaded with 950 kg of explosives that ETA intended to use to blow up Torre Picasso in Madrid, Spain.
1999	12	21	world	history	Cubana de Aviación Flight 1216 overshoots the runway at La Aurora International Airport, killing 18.
1999	12	31	world	history	The first President of Russia, Boris Yeltsin, resigns from office, leaving Prime Minister Vladimir Putin as the acting President and successor.
1999	12	31	india	history	Indian Airlines Flight 814 hijacking ends after seven days with the release of 190 survivors at Kandahar Airport, Afghanistan.
2000	1	10	world	history	Crossair Flight 498, a Saab 340 aircraft, crashes in Niederhasli, Switzerland, after taking off from Zurich Airport, killing 13 people.
2000	1	13	world	history	A Short 360 aircraft chartered by the Sirte Oil Company crashes off the coast of Brega, Libya, killing 21.
2000	2	16	world	history	Emery Worldwide Airlines Flight 17 crashes near Sacramento Mather Airport in Rancho Cordova, California, killing all three aboard.
2000	4	19	world	history	Air Philippines Flight 541 crashes in Samal, Davao del Norte, killing all 131 people on board.
2000	4	30	world	history	Canonization of Faustina Kowalska in the presence of 200,000 people and the first Divine Mercy Sunday celebrated worldwide.
2000	5	2	world	history	President Bill Clinton announces that accurate GPS access would no longer be restricted to the United States military.
2000	5	11	world	history	Second Chechen War: Chechen separatists ambush Russian paramilitary forces in the Republic of Ingushetia.
2000	5	13	world	history	A fireworks storage depot explodes in a residential neighborhood in Enschede, Netherlands, killing 23 people and injuring 950 others.
2000	6	7	world	history	The United Nations defines the Blue Line as the border between Israel and Lebanon.
2000	6	22	world	history	Wuhan Airlines Flight 343 is struck by lightning and crashes into Wuhan's Hanyang District, killing 49 people.
2000	7	25	world	history	Concorde Air France Flight 4590 crashes outside of Paris shortly after taking off at Charles de Gaulle Airport, killing 113 people.
2000	8	23	world	history	Gulf Air Flight 072 crashes into the Persian Gulf near Manama, Bahrain, killing 143.
2000	9	8	world	science	NASA launches Space Shuttle Atlantis on STS-106 to resupply the International Space Station.
2000	9	30	world	history	Israeli–Palestinian conflict: Twelve-year-old Muhammad al-Durrah is shot and killed on the second day of the Second Intifada.
2000	10	7	world	history	Israeli-Palestinian conflict: Hezbollah militants capture three Israeli Defense Force soldiers in a cross-border raid.
2000	10	11	world	science	NASA launches STS-92, the 100th Space Shuttle mission.
2000	10	26	world	history	A wave of protests forces Robert Guéï to step down as president after the Ivorian presidential election.
2000	11	1	india	history	Chhattisgarh officially becomes the 26th state of India, formed from sixteen districts of eastern Madhya Pradesh.
2000	11	7	world	science	The U.S. Drug Enforcement Administration discovers one of the country's largest LSD labs inside a converted military missile silo in Wamego, Kansas.
2000	11	11	world	history	Kaprun disaster: One hundred fifty-five skiers and snowboarders die when a cable car catches fire in an alpine tunnel in Kaprun, Austria.
2000	11	13	world	history	Philippine House Speaker Manny Villar passes the articles of impeachment against Philippine President Joseph Estrada.
2000	11	17	world	history	Alberto Fujimori is removed from office as president of Peru.
2000	12	12	world	history	The United States Supreme Court releases its decision in Bush v. Gore.
2001	1	12	world	history	Downtown Disney opens to the public as part of the Disneyland Resort in Anaheim, California.
2001	1	13	world	history	An earthquake hits El Salvador, killing more than 800.
2001	1	15	world	science	Wikipedia, a free wiki content encyclopedia, is launched (Wikipedia Day).
2001	1	16	world	history	Second Congo War: Congolese President Laurent-Désiré Kabila is assassinated by one of his own bodyguards in Kinshasa.
2001	1	16	world	history	US President Bill Clinton awards former President Theodore Roosevelt a posthumous Medal of Honor for his service in the Spanish–American War.
2001	1	20	world	history	President of the Philippines Joseph Estrada is ousted in a nonviolent four-day revolution, and is succeeded by Gloria Macapagal Arroyo.
2001	1	26	india	history	The 7.7 Mw Gujarat earthquake shakes Western India, leaving 13,805–20,023 dead and about 166,800 injured.
2001	1	26	world	history	Diane Whipple, a lacrosse coach, is killed in a dog attack in San Francisco. The resulting court case clarified the meaning of implied malice murder.
2001	1	31	world	history	Two Japan Airlines planes nearly collide over Suruga Bay in Japan.
2001	2	18	world	history	FBI agent Robert Hanssen is arrested for spying for the Soviet Union. He is ultimately convicted and sentenced to life imprisonment.
2001	2	27	world	history	Loganair Flight 670A crashes while attempting to make a water landing in the Firth of Forth in Scotland.
2001	3	23	world	science	The Russian Mir space station is disposed of, breaking up in the atmosphere before falling into the southern Pacific Ocean near Fiji.
2001	3	29	world	history	A Gulfstream III crashes on approach to Aspen/Pitkin County Airport in Aspen, Colorado. All 18 people on board are killed.
2001	4	11	world	history	The detained crew of a United States EP-3E aircraft that landed in Hainan, China, after a collision with a J-8 fighter, is released.
2001	4	14	world	history	Series of bombings at Ramna Park in Dhaka during the Bengali New Year celebrations leave 10 people dead and dozens other injured.
2001	4	19	world	science	Space Shuttle Endeavour is launched on STS-100 carrying the Canadarm2 to the International Space Station.
2001	5	6	world	history	During a trip to Syria, Pope John Paul II becomes the first pope to enter a mosque.
2001	5	21	world	history	French Taubira law is enacted, officially recognizing the Atlantic slave trade and slavery as crimes against humanity.
2001	5	25	world	history	Erik Weihenmayer becomes the first blind person to reach the summit of Mount Everest, in the Himalayas, with Dr. Sherman Bull.
2001	6	1	world	history	Dolphinarium discotheque massacre: A Hamas suicide bomber kills 21 at a disco in Tel Aviv.
2001	6	8	world	history	Mamoru Takuma kills eight and injures 15 in a mass stabbing at an elementary school in the Osaka Prefecture of Japan.
2001	6	10	world	history	Pope John Paul II canonizes Lebanon's first female saint, Saint Rafqa.
2001	6	28	world	history	Slobodan Milošević is extradited to the ICTY in The Hague to stand trial.
2001	7	14	world	history	Australian criminal Bradley John Murdoch murders British tourist Peter Falconio and abducts his girlfriend in the Northern Territory.
2001	7	23	world	history	Megawati Sukarnoputri was sworn in as the first female president of Indonesia following her predecessor's impeachment.
2001	7	24	world	history	The Bandaranaike Airport attack is carried out by 14 Tamil Tiger commandos, resulting in military and civilian casualties and destroyed aircraft.
2001	7	25	india	history	Phoolan Devi, a serving Member of Parliament, is assassinated by shooting in New Delhi, India.
2001	8	6	world	history	Erwadi fire incident: Twenty-eight mentally ill persons tied to a chain are burnt to death at a faith based institution at Erwadi, Tamil Nadu.
2001	8	24	world	history	Air Transat Flight 236 loses all engine power over the Atlantic Ocean, forcing the pilots to conduct an emergency landing in the Azores.
2001	8	29	world	history	Four people are killed when Binter Mediterráneo Flight 8261 crashes into the N-340 highway near Málaga Airport.
2001	9	3	world	history	In Belfast, Protestant loyalists begin a picket of Holy Cross, a Catholic primary school for girls.
2001	9	4	world	history	Tokyo DisneySea opens to the public as part of the Tokyo Disney Resort in Urayasu, Chiba, Japan.
2001	9	17	world	history	The New York Stock Exchange reopens for trading after the September 11 attacks, the longest closure since the Great Depression.
2001	9	18	world	history	First mailing of anthrax letters from Trenton, New Jersey in the 2001 anthrax attacks.
2001	10	7	world	history	The U.S. invasion of Afghanistan begins with an air assault and covert operations on the ground, starting the longest war in American history.
2001	10	8	world	history	A twin engine Cessna and a Scandinavian Airlines System jetliner collide in heavy fog during takeoff from Milan, Italy, killing 118 people.
2001	10	8	world	history	U.S. president George W. Bush announces the establishment of the Office of Homeland Security.
2001	10	11	world	history	The Polaroid Corporation files for federal bankruptcy protection.
2001	10	25	world	history	Microsoft releases Windows XP, which becomes one of Microsoft's most successful operating systems.
2001	11	1	world	history	Turkey, Australia, and Canada agree to commit troops to the invasion of Afghanistan.
2001	11	11	world	history	Journalists Pierre Billaud, Johanne Sutton and Volker Handloik are killed in Afghanistan during an attack on the convoy they are traveling in.
2001	11	12	world	history	War in Afghanistan: Taliban forces abandon Kabul, ahead of advancing Afghan Northern Alliance troops.
2001	11	23	world	history	The Budapest Convention on Cybercrime is signed in Budapest, Hungary.
2002	1	3	world	history	Israeli–Palestinian conflict: Israeli forces seize the Palestinian freighter Karine A in the Red Sea, finding 50 tons of weapons.
2002	1	27	world	history	An explosion at a military storage facility in Lagos, Nigeria, kills at least 1,100 people and displaces over 20,000 others.
2002	1	28	world	history	TAME Flight 120, a Boeing 727-100, crashes in the Andes mountains in southern Colombia, killing 94.
2002	4	4	world	history	The MPLA government of Angola and UNITA rebels sign a peace treaty ending the Angolan Civil War.
2002	4	11	world	history	The Ghriba synagogue bombing by al-Qaeda kills 21 in Tunisia.
2002	4	12	world	history	A suicide bomber blows herself up at the entrance to Jerusalem's Mahane Yehuda Market, killing seven people and wounding 104.
2002	4	26	world	history	Robert Steinhäuser kills 16 at Gutenberg-Gymnasium in Erfurt, Germany, before committing suicide.
2002	5	6	world	history	Dutch politician Pim Fortuyn is assassinated following a radio interview at the Mediapark in Hilversum.
2002	6	11	world	science	Antonio Meucci is acknowledged as the first inventor of the telephone by the United States Congress.
2002	6	14	world	science	Near-Earth asteroid 2002 MN misses the Earth by 75,000 miles (121,000 km), about one-third of the distance between the Earth and the Moon.
2002	6	24	world	history	The Igandu train disaster in Tanzania kills 281, the worst train accident in African history.
2002	7	4	world	history	A Boeing 707 crashes near Bangui M'Poko International Airport in Bangui, Central African Republic, killing 28.
2002	7	14	world	history	French president Jacques Chirac escapes an assassination attempt from Maxime Brunerie during a Bastille Day parade at Champs-Élysées.
2002	7	15	world	history	"American Taliban" John Walker Lindh pleads guilty to supplying aid to the enemy and possession of explosives during the commission of a felony.
2002	7	28	world	history	Nine coal miners trapped in the flooded Quecreek Mine in Somerset County, Pennsylvania, are rescued after 77 hours underground.
2002	8	19	world	history	Khankala Mi-26 crash: A Russian Mil Mi-26 helicopter carrying troops is hit by a Chechen missile outside Grozny, killing 118 soldiers.
2002	9	4	india	history	The Oakland Athletics win their 20th consecutive game, an American League record, until the Cleveland Indians surpassed it in 2017.
2002	10	7	world	science	The Space Shuttle Atlantis launches on STS-112 to continue assembly of the International Space Station.
2002	10	11	world	history	A bomb attack in a Myyrmanni shopping mall in Vantaa, Finland kills seven.
2002	10	20	world	history	Top Gear, the revived popular British TV motoring magazine, premieres on BBC.
2002	11	6	world	history	A Fokker 50 crashes near Luxembourg Airport, killing 20 and injuring three.
2002	11	6	world	history	Jiang Lijun is detained by Chinese police for signing the Open Letter to the 16th National Congress of the Chinese Communist Party.
2002	11	13	world	history	Iraq disarmament crisis: Iraq agrees to the terms of the UN Security Council Resolution 1441.
2002	11	18	world	history	Iraq disarmament crisis: United Nations weapons inspectors led by Hans Blix arrive in Iraq.
2002	11	23	world	science	Space Shuttle Endeavour launches on STS-113 to the International Space Station carrying the Expedition 6 crew and the P1 truss.
2002	12	27	world	history	Two truck bombs kill 72 and wound 200 at the pro-Moscow headquarters of the Chechen government in Grozny, Chechnya, Russia.
2003	0	0	world	science	Human Genome Project completed (April)
2003	1	5	world	history	A suicide bombing at the Tel Aviv central bus station kills 23 people and injures over 100 more.
2003	1	8	world	history	Turkish Airlines Flight 634 crashes near Diyarbakır Airport, Turkey, killing the entire crew and 70 of the 75 passengers.
2003	1	8	world	history	Air Midwest Flight 5481 crashes at Charlotte-Douglas Airport, in Charlotte, North Carolina, killing all 21 people on board.
2003	1	9	world	history	TANS Perú Flight 222 crashes on approach to Chachapoyas Airport in Chachapoyas, Peru, killing 46 people.
2003	1	10	world	science	North Korea withdraws from the Treaty on the Non-Proliferation of Nuclear Weapons, making it the first state to withdraw from the treaty.
2003	1	11	world	history	Illinois Governor George Ryan commutes the death sentences of 167 prisoners on Illinois's death row based on the Jon Burge scandal.
2003	1	13	world	science	208996 Achlys was discovered by Chad Trujillo and Michael E. Brown at Palomar Observatory.
2003	1	16	world	science	The Space Shuttle Columbia takes off for mission STS-107 which would be its final one. Columbia disintegrated 16 days later on re-entry.
2003	1	21	world	history	A 7.6 magnitude earthquake strikes the Mexican state of Colima, killing 29 and leaving approximately 10,000 people homeless.
2003	1	27	world	history	The first selections for the National Recording Registry are announced by the Library of Congress.
2003	1	31	world	history	The Waterfall rail accident occurs near Waterfall, New South Wales, Australia.
2003	2	1	world	science	Space Shuttle Columbia disintegrated during the reentry of mission STS-107 into the Earth's atmosphere, killing all seven astronauts aboard.
2003	3	11	world	history	The International Criminal Court holds its inaugural session in The Hague.
2003	4	7	world	history	Iraq War: U.S. troops capture Baghdad; Saddam Hussein's Ba'athist regime falls two days later.
2003	5	26	world	history	Ukrainian-Mediterranean Airlines Flight 4230 crashes in the Turkish town of Maçka, killing 75.
2003	6	10	world	science	The Spirit rover is launched, beginning NASA's Mars Exploration Rover mission.
2003	7	7	world	science	NASA Opportunity rover, MER-B or Mars Exploration Rover–B, was launched into space aboard a Delta II rocket.
2003	7	8	world	history	Sudan Airways Flight 139 crashes near Port Sudan Airport during an emergency landing attempt, killing 116 of the 117 people on board.
2003	7	15	world	history	AOL Time Warner disbands Netscape. The Mozilla Foundation is established on the same day.
2003	8	5	world	history	A car bomb explodes in the Indonesian capital of Jakarta outside the Marriott Hotel killing 12 and injuring 150.
2003	8	10	world	history	The Okinawa Urban Monorail is opened in Naha, Okinawa.
2003	8	19	world	history	A truck-bomb attack on United Nations headquarters in Iraq kills the agency's top envoy Sérgio Vieira de Mello and 21 other employees.
2003	8	19	world	history	Shmuel HaNavi bus bombing: A suicide attack on a bus in Jerusalem, planned by Hamas, kills 23 Israelis, seven of them children.
2003	9	14	world	history	In a referendum, Estonia approves joining the European Union.
2003	9	14	world	history	Bissau-Guinean President Kumba Ialá is ousted from power in a bloodless military coup led by General Veríssimo Correia Seabra.
2003	9	25	world	history	The 8.3 Mw Hokkaidō earthquake strikes just offshore Hokkaidō, Japan.
2003	10	19	world	history	Mother Teresa is beatified by Pope John Paul II.
2003	10	20	world	science	The Sloan Great Wall, once the largest cosmic structures known to humanity, is discovered by students at Princeton University.
2003	11	17	world	history	Actor Arnold Schwarzenegger's tenure as the governor of California begins.
2003	11	23	world	science	Rose Revolution: Georgian president Eduard Shevardnadze resigns following weeks of mass protests over flawed elections.
2003	12	17	world	science	SpaceShipOne, piloted by Brian Binnie, makes its first powered and first supersonic flight.
2004	1	2	world	history	Stardust successfully flies past Comet Wild 2, collecting samples that are returned to Earth.
2004	1	3	world	history	Flash Airlines Flight 604 crashes into the Red Sea, resulting in 148 deaths, making it one of the deadliest aviation accidents in Egyptian history.
2004	1	4	world	science	Spirit, a NASA Mars rover, lands successfully on Mars at 04:35 UTC.
2004	1	4	world	history	Mikheil Saakashvili is elected President of Georgia following the November 2003 Rose Revolution.
2004	1	8	world	history	The RMS Queen Mary 2, then the largest ocean liner ever built, is christened by her namesake's granddaughter, Queen Elizabeth II.
2004	1	12	world	history	The world's largest ocean liner, RMS Queen Mary 2, makes its maiden voyage.
2004	1	13	world	history	Uzbekistan Airways Flight 1154 crashes while landing at Tashkent International Airport, killing 37.
2004	2	1	world	history	Hajj pilgrimage stampede: In a stampede at the Hajj pilgrimage in Saudi Arabia, 251 people are trampled to death and 244 injured.
2004	2	1	world	history	Double suicide attack in Erbil on the offices of Iraqi Kurdish political parties by members of Jama'at al-Tawhid wal-Jihad
2004	2	2	world	history	Swiss tennis player Roger Federer becomes the No. 1 ranked men's singles player, a position he will hold for a record 237 weeks.
2004	2	4	world	history	Facebook, a mainstream online social networking site, is founded by Mark Zuckerberg and Eduardo Saverin.
2004	2	5	world	history	Rebels from the Revolutionary Artibonite Resistance Front capture the city of Gonaïves, starting the 2004 Haiti rebellion.
2004	2	27	world	history	A bombing of a SuperFerry by Abu Sayyaf in the Philippines' worst terrorist attack kills more than 100 passengers.
2004	2	27	world	history	Shoko Asahara, the leader of the Japanese doomsday cult Aum Shinrikyo, is sentenced to death for masterminding the 1995 Tokyo subway sarin attack.
2004	3	11	world	history	Madrid train bombings: Simultaneous explosions on rush hour trains in Madrid, Spain kill 191 people.
2004	3	17	world	history	Unrest in Kosovo: More than 22 are killed and 200 wounded. Thirty-five Serbian Orthodox shrines in Kosovo and two mosques in Serbia are destroyed.
2004	3	29	world	history	Bulgaria, Estonia, Latvia, Lithuania, Romania, Slovakia, and Slovenia join NATO as full members.
2004	3	31	world	history	Iraq War in Anbar Province: In Fallujah, Iraq, four American private military contractors working for Blackwater USA, are killed after being ambushed.
2004	4	6	world	history	Rolandas Paksas becomes the first president of Lithuania to be peacefully removed from office by impeachment.
2004	4	20	world	history	The Nicoll Highway in Singapore collapses, killing four workers.
2004	4	21	world	history	Five suicide car bombers target police stations in and around Basra, killing 74 people and wounding 160.
2004	4	29	world	history	The final Oldsmobile is built in Lansing, Michigan, ending 107 years of vehicle production.
2004	4	30	world	history	U.S. media release graphic photos of American soldiers committing war crimes against Iraqi prisoners at Abu Ghraib prison.
2004	5	14	world	history	Crown Prince Frederik of Denmark and Mary Donaldson are married at Copenhagen Cathedral.
2004	5	14	world	history	The Constitutional Court of South Korea overturns the impeachment of President Roh Moo-hyun.
2004	5	28	world	history	The Iraqi Governing Council chooses Ayad Allawi, a longtime anti-Saddam Hussein exile, as prime minister of Iraq's interim government.
2004	6	11	world	science	Cassini–Huygens makes its closest flyby of the Saturn moon Phoebe.
2004	6	28	world	history	Iraq War: Sovereign power is handed to the interim government of Iraq by the Coalition Provisional Authority, ending the U.S.-led rule of that nation.
2004	7	4	world	history	Greece beats Portugal in the UEFA Euro 2004 Final and becomes European Champion for first time in its history.
2004	8	13	world	history	One hundred fifty-six Congolese Tutsi refugees are massacred at the Gatumba refugee camp in Burundi.
2004	8	19	world	history	Google Inc. has its initial public offering on Nasdaq.
2004	9	23	world	history	Over 3,000 people die in Haiti after Hurricane Jeanne produces massive flooding and mudslides.
2004	9	29	world	science	Burt Rutan's Ansari SpaceShipOne performs a successful spaceflight, the first of two required to win the Ansari X Prize.
2004	10	2	world	history	The first parkrun, then known as the Bushy Park Time Trial, takes place in Bushy Park, London, UK.
2004	10	7	world	history	Three bombs explode at Taba and Nuweiba in the Sinai Peninsula, Egypt, killing 34.
2004	10	19	world	history	Thirteen people are killed when Corporate Airlines Flight 5966 crashes in Adair County, Missouri, while on approach to Kirksville Regional Airport.
2004	11	6	world	history	An express train collides with a stationary car near the village of Ufton Nervet, England, killing seven and injuring 120.
2004	11	7	world	history	Iraq War: The interim government of Iraq calls for a 60-day state of emergency as U.S. forces storm the insurgent stronghold of Fallujah.
2004	11	11	world	history	New Zealand Tomb of the Unknown Warrior is dedicated at the National War Memorial, Wellington.
2004	11	22	world	history	The Orange Revolution begins in Ukraine, resulting from the presidential elections.
2004	11	23	world	history	The Holy Trinity Cathedral of Tbilisi, the largest religious building in Georgia, is consecrated.
2004	11	27	world	history	Pope John Paul II returns the relics of Saint John Chrysostom to the Eastern Orthodox Church.
2004	11	27	world	history	Blackwater 61 crash: A CASA C-212 Aviocar crashes into the Koh-i-Baba mountain range in Afghanistan, killing six.
2004	12	31	world	history	The official opening of Taipei 101, the tallest skyscraper at that time in the world, standing at a height of 509 metres (1,670 ft).
2005	1	6	world	history	Edgar Ray Killen is indicted for the 1964 murders of Chaney, Goodman, and Schwerner during the American Civil Rights Movement.
2005	1	6	world	history	A train collision in Graniteville, South Carolina, United States, releases about 60 tons of chlorine gas.
2005	1	9	world	history	The Sudan People's Liberation Movement and the Government of Sudan sign the Comprehensive Peace Agreement to end the Second Sudanese Civil War.
2005	1	12	world	science	Deep Impact launches from Cape Canaveral on a Delta II rocket.
2005	1	15	world	science	ESA's SMART-1 lunar orbiter discovers elements such as calcium, aluminum, silicon, iron, and other surface elements on the Moon.
2005	1	21	world	history	In Belmopan, Belize, the unrest over the government's new taxes erupts into riots.
2005	1	25	india	history	A stampede at the Mandhradevi temple in Maharashtra, India kills at least 258.
2005	2	2	world	history	The Government of Canada introduces the Civil Marriage Act. This legislation would become law on July 20, 2005, legalizing same-sex marriage.
2005	2	16	world	history	The Kyoto Protocol comes into force, following its ratification by Russia.
2005	3	31	world	science	The dwarf planet Makemake is discovered by a team led by astronomer Michael E. Brown at the Palomar Observatory.
2005	4	6	world	history	Kurdish leader Jalal Talabani becomes Iraqi president; Shiite Arab Ibrahim al-Jaafari is named premier the next day.
2005	4	19	world	history	Cardinal Joseph Ratzinger is elected to the papacy and becomes Pope Benedict XVI.
2005	4	22	world	history	Japan's Prime Minister Junichiro Koizumi apologizes for Japan's war record.
2005	5	16	world	history	Kuwait permits women's suffrage in a 35–23 National Assembly vote.
2005	5	21	world	history	The tallest roller coaster in the world, Kingda Ka opens at Six Flags Great Adventure in Jackson Township, New Jersey.
2005	5	31	world	history	Vanity Fair reveals that Mark Felt was "Deep Throat".
2005	6	13	world	history	The jury acquits pop singer Michael Jackson of all charges for allegedly sexually abusing a child in 2003.
2005	6	15	india	history	Right to Information Act passed (15 June)
2005	6	23	world	history	American social news and discussion site Reddit is founded in Medford, Massachusetts by Steve Huffman and Alexis Ohanian.
2005	7	4	world	history	The Deep Impact collider hits the comet Tempel 1.
2005	7	7	world	history	A series of four explosions occurs on London's transport system, killing 56 people, including four suicide bombers, and injuring over 700 others.
2005	7	23	world	history	Three bombs explode in the Naama Bay area of Sharm El Sheikh, Egypt, killing 88 people.
2005	7	26	world	science	Space Shuttle program: STS-114 Mission: Launch of Discovery, NASA's first scheduled flight mission after the Columbia Disaster in 2003.
2005	7	28	world	history	The Provisional Irish Republican Army calls an end to its thirty-year-long armed campaign against British rule in Northern Ireland.
2005	8	3	world	history	President of Mauritania Maaouya Ould Sid'Ahmed Taya is overthrown in a military coup while attending the funeral of King Fahd in Saudi Arabia.
2005	8	15	world	history	Israel's unilateral disengagement plan to evict all Israelis from the Gaza Strip and from four settlements in the northern West Bank begins.
2005	8	15	world	history	The Helsinki Agreement between the Free Aceh Movement and the Government of Indonesia is signed, ending almost three decades of fighting.
2005	9	24	world	history	Hurricane Rita makes landfall in the United States, devastating portions of southwestern Louisiana and extreme southeastern Texas.
2005	10	8	world	history	The 7.6 Mw Kashmir earthquake leaves 86,000–87,351 people dead, 69,000–75,266 injured, and 2.8 million homeless.
2005	10	19	world	history	Saddam Hussein goes on trial in Baghdad for crimes against humanity.
2005	10	19	world	history	Hurricane Wilma becomes the most intense Atlantic hurricane on record with a minimum pressure of 882 mb.
2005	11	16	world	history	Following a 31-year wait, Australia defeats Uruguay in a penalty shootout to qualify for the 2006 FIFA World Cup.
2005	11	23	world	history	Ellen Johnson Sirleaf is elected president of Liberia and becomes the first woman to lead an African country.
2006	1	4	world	history	Ehud Olmert becomes acting Prime Minister of Israel after the incumbent, Ariel Sharon, suffers a second, apparently more serious stroke.
2006	1	12	world	history	A stampede during the Stoning of the Devil ritual on the last day at the Hajj in Mina, Saudi Arabia, kills at least 362 Muslim pilgrims.
2006	1	16	world	history	Ellen Johnson Sirleaf is sworn in as Liberia's new president. She becomes Africa's first female elected head of state.
2006	1	19	world	history	A Slovak Air Force Antonov An-24 crashes near Hejce, Hungary, killing 42.
2006	1	25	world	history	Mexican professional wrestler Juana Barraza is arrested in connection with the serial killing of at least ten elderly women.
2006	3	30	world	history	Cyclone Glenda, one of the strongest tropical cyclones in the Australian region makes landfall near Onslow, Western Australia.
2006	4	11	world	history	Iranian president Mahmoud Ahmadinejad announces Iran's claim to have successfully enriched uranium.
2006	4	13	world	history	The United Front for Democratic Change's attack on the Chadian capital of N'Djamena is repelled by the Chadian army
2006	4	14	india	history	Twin blasts triggered by crude bombs during Asr prayer in the Jama Masjid mosque in Delhi injure 13 people.
2006	5	5	world	history	The government of Sudan signs an accord with the Sudan Liberation Army.
2006	5	12	world	history	Mass unrest by the Primeiro Comando da Capital begins in São Paulo (Brazil), leaving at least 150 dead.
2006	5	12	world	history	Iranian Azeris interpret a cartoon published in an Iranian magazine as insulting, resulting in massive riots throughout the country.
2006	5	27	world	history	The 6.4 Mw Yogyakarta earthquake shakes central Java with an MSK intensity of VIII (Damaging), leaving more than 5,700 dead and 37,000 injured.
2006	6	18	world	science	The first Kazakh space satellite, KazSat-1, is launched.
2006	7	7	world	history	A shootout happens in Spiritwood, Canada, killing two Royal Canadian Mounted Police and wounding a third officer.
2006	7	9	world	history	Italy win their fourth World Cup title, defeating France 5–3 on penalties following a 1–1 draw after extra time.
2006	8	14	world	history	Sri Lankan Civil War: Sixty-one schoolgirls killed in Chencholai bombing by Sri Lanka Air Force air strike.
2006	8	24	world	science	The International Astronomical Union (IAU) redefines the term "planet" such that Pluto is now considered a dwarf planet.
2006	10	9	world	science	North Korea conducts its first nuclear test.
2006	11	27	world	history	The House of Commons of Canada approves a motion introduced by Prime Minister Stephen Harper recognizing the Québécois as a nation within Canada.
2006	12	1	world	history	The law on same-sex marriage comes into force in South Africa, legalizing same-sex marriage for the first time on the African continent.
2006	12	6	world	science	NASA reveals photographs taken by Mars Global Surveyor suggesting the presence of liquid water on Mars.
2006	12	26	world	history	Two earthquakes in Hengchun, Taiwan measuring 7.0 and 6.9 on the moment magnitude scale kill two and disrupt telecommunications across Asia.
2006	12	28	world	history	War in Somalia: The militaries of Somalia's Transitional Federal Government and Ethiopian troops capture Mogadishu unopposed.
2007	1	4	world	history	The 110th United States Congress convenes, electing Nancy Pelosi as the first female Speaker of the House in U.S. history.
2007	1	9	world	history	Apple CEO Steve Jobs introduces the original iPhone at a Macworld keynote in San Francisco.
2007	1	10	world	history	A general strike begins in Guinea in an attempt to get President Lansana Conté to resign.
2007	1	22	world	history	At least 88 people are killed when two car bombs explode in the Bab Al-Sharqi market in central Baghdad, Iraq.
2007	1	30	world	history	Microsoft Corporation releases Windows Vista, a major release of the operating system Microsoft Windows and the NT based kernel.
2007	4	11	world	history	Algiers bombings: Two bombings in Algiers kill 33 people and wound a further 222 others.
2007	4	27	world	history	Estonian authorities remove the Bronze Soldier, a Soviet Red Army war memorial in Tallinn, amid political controversy with Russia.
2007	4	27	world	science	Israeli archaeologists discover the tomb of Herod the Great south of Jerusalem.
2007	6	8	world	science	Space Shuttle Atlantis is launched on STS-117 carrying two truss segments and solar arrays to the International Space Station.
2007	6	18	world	history	The Charleston Sofa Super Store fire kills nine firefighters in Charleston, South Carolina.
2007	6	22	world	history	The small town of Elie, Manitoba is hit by Canada's most intense tornado on record.
2007	6	25	world	history	PMTair Flight 241 crashes in the Dâmrei Mountains in Kampot Province, Cambodia, killing all 22 people on board.
2007	6	27	world	history	Tony Blair resigns as British Prime Minister, a position he had held since 1997. Chancellor Gordon Brown succeeds him.
2007	6	27	world	history	The Brazilian Military Police invades the favelas of Complexo do Alemão in an episode which is remembered as the Complexo do Alemão massacre.
2007	8	3	world	science	Former deputy director of the Chilean secret police Raúl Iturriaga is captured after having been on the run following a conviction for kidnapping.
2007	8	4	world	science	NASA's Phoenix Mars lander is launched.
2007	8	7	world	history	At AT&T Park, Barry Bonds hits his 756th career home run to surpass Hank Aaron's 33-year-old record.
2007	8	9	world	history	Air Moorea Flight 1121 crashes after takeoff from Moorea Airport in French Polynesia, killing all 20 people on board.
2007	8	15	world	history	An 8.0-magnitude earthquake off the Pacific coast devastates Ica and various regions of Peru, killing 514 and injuring 1,090.
2007	9	13	world	history	The Declaration on the Rights of Indigenous Peoples is adopted by the United Nations General Assembly.
2007	9	14	world	history	Prelude to the 2008 financial crisis: Northern Rock bank experiences the first bank run in the United Kingdom in 150 years.
2007	9	24	world	history	Between 30,000 and 100,000 people take part in anti-government protests in Yangon, Burma, the largest in 20 years.
2007	10	2	world	history	President Roh Moo-hyun of South Korea goes to North Korea for an Inter-Korean summit with North Korean leader Kim Jong-il.
2007	10	7	world	history	The battle of Mirali begins in which the Pakistan Armed Forces and Taliban militias clash for four days.
2007	10	9	world	history	The Dow Jones Industrial Average reaches its all-time high of 14,164 points before rapidly declining due to the 2008 financial crisis.
2007	10	28	world	history	Cristina Fernández de Kirchner becomes the first directly elected female President of Argentina.
2007	11	7	world	history	The Jokela school shooting in Jokela, Tuusula, Finland, takes place, resulting in the death of nine people.
2007	12	20	world	history	Elizabeth II becomes the oldest monarch in the history of the United Kingdom, surpassing Queen Victoria, who lived for 81 years and 243 days.
2007	12	27	world	history	Former Pakistani prime minister Benazir Bhutto is assassinated in a shooting incident.
2008	1	4	world	history	A Let L-410 Turbolet crashes in the Los Roques Archipelago in Venezuela, killing 14 people.
2008	2	4	world	history	Civic mobilizations in Colombia against FARC, under the name A million voices against the FARC.
2008	2	17	world	history	Kosovo declares independence from Serbia.
2008	2	26	world	history	The New York Philharmonic performs in Pyongyang, North Korea; this was the first such event to take place in North Korea.
2008	3	11	world	science	Space Shuttle Endeavour launches on STS-123, carrying the first component of the Japanese Kibō module to the International Space Station.
2008	3	24	world	history	Bhutan officially becomes a democracy, with its first ever general election.
2008	4	11	world	history	Kata Air Transport Flight 007 crashes while attempting an emergency landing at Chișinău International Airport, killing eight.
2008	4	19	world	history	The Quito Ultratumba nightclub fire in Quito, Ecuador, kills 19 people and injures at least 24 more.
2008	4	20	world	history	Danica Patrick wins the Indy Japan 300, becoming the first female driver in history to win an Indy car race.
2008	5	2	world	history	Cyclone Nargis makes landfall in Burma killing over 138,000 people and leaving millions of people homeless.
2008	5	2	world	history	Chaitén Volcano begins erupting in Chile, forcing the evacuation of more than 4,500 people.
2008	5	25	world	science	NASA's Phoenix lander touches down in the Green Valley region of Mars to search for environments suitable for water and microbial life.
2008	5	28	world	history	The first meeting of the Constituent Assembly of Nepal formally declares Nepal a republic, ending the 240-year reign of the Shah dynasty.
2008	5	30	world	history	TACA Flight 390 overshoots the runway at Toncontín International Airport in Tegucigalpa, Honduras and crashes, killing five people.
2008	5	31	world	science	Space Shuttle Discovery launches on STS-124 carrying the second portion of the Japanese Kibō module to the International Space Station.
2008	7	31	world	history	East Coast Jets Flight 81 crashes near Owatonna Degner Regional Airport in Owatonna, Minnesota, killing all eight people on board.
2008	8	5	world	history	The New England Revolution win the 2008 North American SuperLiga final against the Houston Dynamo.
2008	8	6	world	history	A military junta led by Mohamed Ould Abdel Aziz stages a coup d'état in Mauritania, overthrowing president Sidi Ould Cheikh Abdallahi.
2008	8	7	world	history	The start of the Russo-Georgian War over the territory of South Ossetia.
2008	8	13	world	history	Russo-Georgian War: Russian units occupy the Georgian city of Gori.
2008	8	18	world	history	The President of Pakistan, Pervez Musharraf, resigns under threat of impeachment.
2008	8	24	world	history	A Cessna 208 Caravan crashes in Cabañas, Zacapa, Guatemala, killing 11 people.
2008	8	30	world	history	A Conviasa Boeing 737 crashes into Illiniza Volcano in Ecuador, killing all three people on board.
2008	9	1	world	history	Iraq War: The United States Armed Forces transfers control of Anbar Province to the Iraqi Armed Forces.
2008	9	13	india	history	Delhi, India, is hit by a series of bomb blasts, resulting in 30 deaths and 130 injuries.
2008	9	24	world	history	Thabo Mbeki resigns as president of South Africa.
2008	10	7	world	history	Qantas Flight 72 experiences an in-flight upset near Exmouth, Western Australia, Australia, injuring 112.
2008	10	7	world	history	Asteroid 2008 TC3 impacts the Earth over Sudan, the first time an asteroid impact is detected prior to its entry into Earth's atmosphere.
2008	10	15	world	history	The Dow Jones Industrial Average closes down 733.08 points, or 7.87%, the second worst percentage drop in the Dow's history.
2008	10	22	india	science	Chandrayaan-1 launched (22 October); finds water molecules on the Moon
2009	1	20	world	history	A protest movement in Iceland culminates as the 2009 Icelandic financial crisis protests start.
2009	1	24	world	history	Cyclone Klaus makes landfall near Bordeaux, France, causing 26 deaths as well as extensive disruptions to public transport and power supplies.
2009	1	26	world	history	Nadya Suleman gives birth to the world's first surviving octuplets.
2009	2	25	world	history	Soldiers of the Bangladesh Rifles mutiny at their headquarters in Pilkhana, Dhaka, Bangladesh, resulting in 74 deaths, including 57 army officials.
2009	4	7	world	history	Mass protests begin across Moldova under the belief that results from the parliamentary election are fraudulent.
2009	4	12	world	history	Zimbabwe officially abandons the Zimbabwean dollar as its official currency.
2009	4	13	world	history	A fire destroys a homeless hostel and kills at least 22 people in Kamień Pomorski, Poland.
2009	4	30	world	history	Chrysler files for Chapter 11 bankruptcy.
2009	5	11	world	history	An American soldier in Iraq opens fire on a counseling center at Camp Liberty in Baghdad, killing five other US soldiers and wounding three.
2009	5	11	world	science	Space Shuttle Atlantis is launched on the final mission to service the Hubble Space Telescope.
2009	5	20	world	history	An Indonesian Air Force Lockheed L-100 Hercules crashes in Magetan Regency, killing 99.
2009	6	1	world	history	General Motors files for Chapter 11 bankruptcy. It is the fourth largest United States bankruptcy in history.
2009	7	4	world	history	The first of four days of bombings begins on the southern Philippine island group of Mindanao.
2009	7	15	world	science	Space Shuttle program: Endeavour is launched on STS-127 to complete assembly of the International Space Station's Kibō module.
2009	7	24	world	history	Aria Air Flight 1525 crashes at Mashhad International Airport, killing 16.
2009	8	10	world	history	Twenty people are killed in Handlová, Trenčín Region, in the deadliest mining disaster in Slovakia's history.
2009	8	26	india	history	Right to Education Act passed (26 August)
2009	9	24	world	history	The G20 summit begins in Pittsburgh with 30 global leaders in attendance.
2009	10	3	world	history	Azerbaijan, Kazakhstan, Kyrgyzstan, and Turkey join in the Turkic Council.
2009	10	25	world	history	The October 2009 Baghdad bombings kill 155 and wound at least 721.
2009	10	28	world	science	NASA successfully launches the Ares I-X mission, the only rocket launch for its short-lived Constellation program.
2009	10	28	world	history	US President Barack Obama signs the Matthew Shepard and James Byrd Jr. Hate Crimes Prevention Act.
2009	11	1	world	history	An Ilyushin Il-76 crashes near the Mir mine after takeoff from Mirny Airport in Yakutia, killing all 11 aboard.
2009	11	5	world	history	U.S. Army Major Nidal Hasan murders 13 and wounds 32 at Fort Hood, Texas in the deadliest mass shooting at a U.S. military installation.
2009	11	16	world	science	Space Shuttle program: Space Shuttle Atlantis is launched on mission STS-129 to the International Space Station.
2009	11	23	world	science	The Maguindanao massacre occurs in Ampatuan, Philippines; 58 opponents of Andal Ampatuan Jr. are kidnapped and killed.
2009	11	24	world	history	The Avdhela Project, an Aromanian digital library and cultural initiative, is founded in Bucharest, Romania.
2009	12	1	world	history	The Treaty of Lisbon entered into force in the European Union.
2009	12	11	world	history	Finnish game developer Rovio Entertainment releases the hit mobile game Angry Birds internationally on iOS.
2009	12	27	world	history	Iranian election protests: On the Day of Ashura in Tehran, Iran, government security forces fire upon demonstrators.
2009	12	28	world	history	Forty-three people die in a suicide bombing in Karachi, Pakistan, where Shia Muslims are observing the Day of Ashura.
2010	1	4	world	history	The Burj Khalifa, the current tallest building in the world, officially opens in Dubai.
2010	1	12	world	history	An earthquake in Haiti occurs, killing between 220,000 and 300,000 people and destroying much of the capital Port-au-Prince.
2010	1	14	world	history	Yemen declares an open war against the terrorist group al-Qaeda.
2010	1	17	world	history	Rioting begins between Muslim and Christian groups in Jos, Nigeria, results in at least 200 deaths.
2010	1	25	world	history	Ethiopian Airlines Flight 409 crashes into the Mediterranean Sea off the coast of Na'ameh, Lebanon, killing 90.
2010	1	27	world	history	The 2009 Honduran constitutional crisis ends when Porfirio Lobo Sosa becomes the new President of Honduras.
2010	1	27	world	history	Apple announces the iPad.
2010	2	18	world	history	WikiLeaks publishes the first of hundreds of thousands of classified documents disclosed by the soldier now known as Chelsea Manning.
2010	4	5	world	science	Space Shuttle Discovery is launched on STS-131 to resupply the International Space Station.
2010	4	6	india	history	Maoist rebels kill 76 CRPF officers in Dantewada district, India.
2010	4	12	world	history	Merano derailment: A rail accident in South Tyrol kills nine people and injures a further 28.
2010	4	20	world	history	The Deepwater Horizon drilling rig explodes in the Gulf of Mexico, killing eleven workers and beginning an oil spill that lasted six months.
2010	5	1	world	history	Faisal Shahzad attempts to detonate a car bomb in Times Square, but the bomb fails to go off.
2010	5	5	world	history	Mass protests in Greece erupt in response to austerity measures imposed by the government as a result of the Greek government-debt crisis.
2010	5	28	india	history	In West Bengal, India, the Jnaneswari Express train derailment and subsequent collision kills 148 passengers.
2010	6	2	world	history	Twelve people are killed and eleven others injured in a spree shooting in Cumbria, England, before the perpetrator takes his own life.
2010	6	11	world	history	The first FIFA World Cup held on African soil kicks off in South Africa.
2010	6	24	world	history	At Wimbledon, John Isner of the United States defeats Nicolas Mahut of France, in the longest match in professional tennis history.
2010	7	23	world	history	The English-Irish boy band One Direction were formed while auditioning for the 2010 series of the British singing competition The X Factor.
2010	7	29	world	history	An overloaded passenger ferry capsizes on the Kasai River in Bandundu Province, Democratic Republic of the Congo, resulting in at least 80 deaths.
2010	8	6	india	history	Flash floods across a large part of Jammu and Kashmir, India, damages 71 towns and kills at least 255 people.
2010	8	19	world	history	Operation Iraqi Freedom ends, with the last of the United States brigade combat teams crossing the border to Kuwait.
2010	8	24	world	history	In San Fernando, Tamaulipas, Mexico, 72 illegal immigrants are killed by Los Zetas and eventually found dead by Mexican authorities.
2010	8	24	world	history	Henan Airlines Flight 8387 crashes at Yichun Lindu Airport in Yichun, Heilongjiang, China, killing 44 out of the 96 people on board.
2010	10	13	world	history	The mining accident in Copiapó, Chile ends as all 33 trapped miners arrive at the surface after a record 69 days underground.
2010	10	25	world	history	A magnitude 7.8 earthquake strikes off Indonesia's Mentawai Islands, triggering a tsunami that kills at least 400 people.
2010	11	5	world	history	JS Air Flight 201 crashes after takeoff from Jinnah International Airport in Karachi, Pakistan, killing all 21 aboard.
2010	11	22	world	history	During the Cambodian water festival, a stampede in Koh Pich, Phnom Penh, kills 347 people.
2010	12	17	world	history	Mohamed Bouazizi sets himself on fire. This act became the catalyst for the Tunisian Revolution and the wider Arab Spring.
2011	1	1	world	history	A bomb explodes as Coptic Christians in Alexandria, Egypt, leave a new year service, killing 23 people.
2011	1	24	world	history	At least 35 are killed and 180 injured in a bombing at Moscow's Domodedovo Airport.
2011	1	27	world	history	Arab Spring: The Yemeni Revolution begins as over 16,000 protestors demonstrate in Sanaa.
2011	1	27	world	history	Within Ursa Minor, H1504+65, a white dwarf with the hottest known surface temperature in the universe at 200,000 K, was documented.
2011	2	17	world	history	Arab Spring: Libyan protests against Muammar Gaddafi's regime begin.
2011	3	30	world	history	Min Aung Hlaing is appointed as the Commander-in-Chief of Myanmar's armed forces.
2011	4	4	world	history	Georgian Airways Flight 834 crashes at N'djili Airport in Kinshasa, killing 32.
2011	4	6	world	history	In San Fernando, Tamaulipas, Mexico, over 193 victims of Los Zetas were exhumed from several mass graves.
2011	4	11	world	history	An explosion in the Minsk Metro, Belarus, kills 15 people and injures 204 others.
2011	4	19	world	history	Fidel Castro resigns as First Secretary of the Communist Party of Cuba after holding the title since July 1961.
2011	4	29	world	history	The wedding of Prince William and Catherine Middleton takes place at Westminster Abbey in London.
2011	5	1	world	history	Pope John Paul II is beatified by his successor, Pope Benedict XVI.
2011	5	11	world	history	An earthquake of magnitude 5.1 hits Lorca, Spain.
2011	5	11	world	history	The Istanbul Convention is signed in Istanbul, Turkey.
2011	5	13	world	history	Two bombs explode in the Charsadda District of Pakistan killing 98 people and wounding 140 others.
2011	5	16	world	science	STS-134 (ISS assembly flight ULF6), launched from the Kennedy Space Center on the 25th and final flight for Space Shuttle Endeavour.
2011	6	1	world	history	A rare tornado outbreak occurs in New England; a strong EF3 tornado strikes Springfield, Massachusetts, during the event, killing four people.
2011	7	8	world	science	Space Shuttle Atlantis is launched in the final mission of the U.S. Space Shuttle program.
2011	7	13	india	history	Mumbai is rocked by three bomb blasts during the evening rush hour, killing 26 and injuring 130.
2011	7	13	world	history	United Nations Security Council Resolution 1999 is adopted, which admits South Sudan to member status of United Nations.
2011	7	13	world	history	Noar Linhas Aéreas Flight 4896 crashes in Boa Viagem, Recife, killing all 16 people on board.
2011	7	19	world	history	Guinean President Alpha Condé survives an attempted assassination and coup d'état at his residence in Conakry.
2011	7	21	world	science	NASA's Space Shuttle program ends with the landing of Space Shuttle Atlantis on mission STS-135 at NASA's Kennedy Space Center.
2011	7	22	world	history	Norway attacks: A bomb explodes, targeted at government buildings in central Oslo, followed by a massacre at a youth camp on the island of Utøya.
2011	7	23	world	history	A high-speed train rear-ends another on a viaduct on the Yongtaiwen railway line in Wenzhou, Zhejiang province, China, resulting in 40 deaths.
2011	7	26	world	history	A Royal Moroccan Air Force Lockheed C-130 Hercules crashes near Guelmim Airport in Guelmim, Morocco. All 80 people on board are killed.
2011	8	18	world	history	A terrorist attack on Israel's Highway 12 near the Egyptian border kills 16 and injures 40.
2011	9	19	world	history	Mariano Rivera of the New York Yankees surpasses Trevor Hoffman to become Major League Baseball's all-time career saves leader with 602.
2011	9	29	india	history	The special court in India convicted all 269 accused officials for atrocity on Dalits and 17 for rape in the Vachathi case.
2011	10	21	world	history	Iraq War: President Barack Obama announces that the withdrawal of United States troops from Iraq will be complete by the end of the year.
2011	11	1	world	history	Mario Draghi succeeds Jean-Claude Trichet and becomes the third president of the European Central Bank.
2011	11	11	world	history	A helicopter crash just outside Mexico City kills seven, including Francisco Blake Mora the Secretary of the Interior of Mexico.
2011	11	12	world	history	Silvio Berlusconi tenders his resignation as Prime Minister of Italy, effective November 16, due in large part to the Euro area crisis.
2011	12	31	world	science	NASA succeeds in putting the first of two Gravity Recovery and Interior Laboratory satellites in orbit around the Moon.
2012	1	6	world	history	Twenty-six people are killed and 63 wounded when a suicide bomber blows himself up at a police station in Damascus.
2012	1	7	world	history	A hot air balloon crashes near Carterton, New Zealand, killing all 11 people on board.
2012	1	10	world	history	A bombing at Jamrud in Pakistan, kills at least 30 people and injures 78 others.
2012	2	2	world	history	The ferry MV Rabaul Queen sinks off the coast of Papua New Guinea near the Finschhafen District, with an estimated 146–165 dead.
2012	2	26	world	history	A train derails in Burlington, Ontario, Canada killing at least three people and injuring 45.
2012	3	4	world	history	A series of explosions is reported at a munitions dump in Brazzaville, the capital of the Republic of the Congo, killing at least 250 people.
2012	3	11	world	history	A U.S. soldier kills 16 civilians in the Panjwayi District of Afghanistan near Kandahar.
2012	4	6	world	history	Azawad declares itself independent from the Republic of Mali.
2012	4	21	world	history	Two trains are involved in a head-on collision near Sloterdijk, Amsterdam, in the Netherlands, killing one person and injuring 116 others.
2012	4	27	world	history	At least four explosions hit the Ukrainian city of Dnipropetrovsk with at least 27 people injured.
2012	4	30	india	history	An overloaded ferry capsizes on the Brahmaputra River in India killing at least 108 people. At least 150 more are missing and presumed dead.
2012	5	13	world	science	Forty-nine dismembered bodies are discovered by Mexican authorities on Mexican Federal Highway 40.
2012	5	25	world	science	The SpaceX Dragon 1 becomes the first commercial spacecraft to successfully rendezvous and berth with the International Space Station.
2012	5	28	world	history	The Arkankergen massacre in Kazakhstan's Alakol District kills 15 people.
2012	5	30	world	history	Former Liberian president Charles Taylor is sentenced to 50 years in prison for his role in atrocities committed during the Sierra Leone Civil War.
2012	6	13	world	history	A series of bombings across Iraq, including Baghdad, Hillah and Kirkuk, kills at least 93 people and wounds over 300 others.
2012	6	22	world	history	Paraguayan President Fernando Lugo is removed from office by impeachment and succeeded by Federico Franco.
2012	6	23	world	history	Ashton Eaton breaks the decathlon world record at the United States Olympic Trials.
2012	6	24	world	history	Death of Lonesome George, the last known individual of Chelonoidis nigra abingdonii, a subspecies of the Galápagos tortoise.
2012	7	4	world	science	Higgs boson discovery announced at CERN (4 July)
2012	7	4	world	science	The discovery of particles consistent with the Higgs boson at the Large Hadron Collider is announced at CERN.
2012	7	7	world	history	At least 172 people are killed in a flash flood in the Krasnodar Krai region of Russia.
2012	7	19	world	history	Syrian civil war: The People's Protection Units (YPG) capture the city of Kobanî without resistance, starting the Rojava conflict in Northeast Syria.
2012	7	20	world	history	Syrian civil war: The People's Protection Units (YPG) capture the cities of Amuda and Efrîn without resistance.
2012	7	20	world	history	James Holmes opened fire at a movie theater in Aurora, Colorado, killing 12 and injuring 70 others.
2012	7	24	world	history	Syrian civil war: The People's Protection Units (YPG) capture the city of Girkê Legê.
2012	7	30	india	history	A train fire kills 32 passengers and injures 27 on the Tamil Nadu Express in Andhra Pradesh, India.
2012	7	31	world	history	Michael Phelps breaks the record set in 1964 by Larisa Latynina for the most medals won at the Olympics.
2012	8	6	world	science	NASA's Curiosity rover lands on the surface of Mars.
2012	8	9	world	history	Shannon Eastin becomes the first woman to officiate an NFL game.
2012	8	24	world	history	Anders Behring Breivik, perpetrator of the 2011 Norway attacks, is sentenced to 21 years of preventive detention.
2012	9	9	india	science	The Indian space agency puts into orbit its heaviest foreign satellite yet, in a streak of 21 consecutive successful PSLV launches.
2012	10	19	world	history	A bomb explosion kills eight people and injures 110 more in Lebanon.
2012	10	26	world	history	Microsoft made a public release of Windows 8 and made it available on new PCs.
2012	11	1	world	history	A fuel tank truck crashes and explodes in the Saudi Arabian capital Riyadh, killing 26 people and injuring 135.
2012	11	6	world	history	Tammy Baldwin becomes the first openly gay politician to be elected to the United States Senate.
2012	11	11	world	history	A strong earthquake with the magnitude 6.8 hits northern Burma, killing at least 26 people.
2012	11	17	world	history	At least 50 schoolchildren are killed in an accident at a railway crossing near Manfalut, Egypt.
2012	11	18	world	history	Pope Tawadros II of Alexandria becomes the 118th Pope of the Coptic Orthodox Church of Alexandria.
2012	12	11	world	history	At least 125 people are killed and up to 200 injured in bombings in the Alawite village of Aqrab, Syria.
2012	12	12	world	science	North Korea successfully launches its first satellite, Kwangmyŏngsŏng-3 Unit 2.
2012	12	26	world	history	China opens the world's longest high-speed rail route, which links Beijing and Guangzhou.
2013	1	1	world	history	At least 60 people are killed and 200 injured in a stampede after celebrations at Félix Houphouët-Boigny Stadium in Abidjan, Ivory Coast.
2013	1	4	world	history	A gunman kills eight people in a house-to-house rampage in Kawit, Cavite, Philippines.
2013	1	10	world	history	More than 100 people are killed and 270 injured in several bomb blasts in the Quetta area of Pakistan.
2013	1	11	world	history	One French soldier and 17 militants are killed in a failed attempt to free a French hostage in Bulo Marer, Somalia.
2013	1	15	world	history	A train carrying Egyptian Army recruits derails near Giza, Greater Cairo, killing 19 and injuring 120 others.
2013	1	17	world	history	Former cyclist Lance Armstrong confesses to his doping in an airing of Oprah's Next Chapter.
2013	1	27	world	history	Two hundred and forty-two people die in a nightclub fire in the Brazilian city of Santa Maria, Rio Grande do Sul.
2013	1	29	world	history	SCAT Airlines Flight 760 crashes near the Kazakh city of Almaty, killing 21 people.
2013	1	30	world	science	Naro-1 becomes the first carrier rocket launched by South Korea.
2013	2	16	world	history	A bomb blast at a market in Hazara Town, Quetta, Pakistan kills more than 80 people and injures 190 others.
2013	2	18	world	history	Armed robbers steal a haul of diamonds worth $50 million during a raid at Brussels Airport in Belgium.
2013	2	26	world	history	A hot air balloon crashes near Luxor, Egypt, killing 19 people.
2013	3	3	world	history	A bomb blast in Karachi, Pakistan, kills at least 48 people and injured 200 others in a predominantly Shia Muslim area.
2013	3	29	world	history	At least 36 people are killed when a 16-floor building collapses in the commercial capital Dar es Salaam, Tanzania.
2013	4	12	world	history	Two suicide bombers kill three Chadian soldiers and injure dozens of civilians at a market in Kidal, Mali.
2013	4	13	world	history	Salam Fayyad resigns as Prime Minister of the Palestinian National Authority following an ongoing dispute with President Mahmoud Abbas.
2013	4	13	world	history	Lion Air Flight 904 crashes on approach to Ngurah Rai International Airport in Denpasar, Indonesia, injuring 40 people.
2013	4	20	world	history	A 6.6-magnitude earthquake strikes Lushan County, Ya'an, in China's Sichuan province, killing at least 193 people and injuring thousands.
2013	4	29	world	history	A powerful explosion occurs in an office building in Prague, believed to have been caused by natural gas, and injures 43 people.
2013	4	30	world	history	Willem-Alexander is inaugurated as King of the Netherlands following the abdication of Beatrix.
2013	5	11	world	history	Fifty-two people are killed in a bombing in Reyhanlı, Turkey.
2013	5	15	world	history	An upsurge in violence in Iraq leaves more than 389 people dead over three days.
2013	5	20	world	history	An EF5 tornado strikes the Oklahoma City suburb of Moore, killing 24 people and injuring 377 others.
2013	5	31	world	science	The asteroid 1998 QE2 and its moon make their closest approach to Earth for the next two centuries.
2013	6	23	world	history	Nik Wallenda becomes the first man to successfully walk across the Grand Canyon on a tight rope.
2013	7	2	world	history	A magnitude 6.1 earthquake strikes Aceh, Indonesia, killing at least 42 people and injuring 420 others.
2013	7	7	world	history	A De Havilland Otter air taxi crashes in Soldotna, Alaska, killing ten people.
2013	7	13	world	history	Typhoon Soulik kills at least nine people and affects more than 160 million in East China and Taiwan.
2013	7	14	world	history	Dedication of the statue of Rachel Carson, a sculpture of the environmentalist, in Woods Hole, Massachusetts.
2013	7	20	world	history	Seventeen government soldiers are killed in an attack by FARC revolutionaries in the Colombian department of Arauca.
2013	7	20	world	history	Syrian civil war: The Battle of Ras al-Ayn ends with the expulsion of Islamist forces from the city by the People's Protection Units (YPG).
2013	7	22	world	history	Dingxi earthquakes: A series of earthquakes in Dingxi, China, kills at least 89 people and injures more than 500 others.
2013	7	29	world	history	Two passenger trains collide in the Swiss municipality of Granges-près-Marnand near Lausanne injuring 25 people.
2013	8	9	world	history	Gunmen open fire at a Sunni mosque in the city of Quetta killing at least ten people and injuring 30.
2013	8	14	world	history	Egypt declares a state of emergency as security forces kill hundreds of demonstrators supporting former president Mohamed Morsi.
2013	8	14	world	history	UPS Airlines Flight 1354 crashes short of the runway at Birmingham–Shuttlesworth International Airport, killing both crew members on board.
2013	8	23	world	history	A riot at the Palmasola prison complex in Santa Cruz, Bolivia kills 31 people.
2013	9	18	world	history	A VIA Rail train crashes into a double-decker bus at a train station in Ottawa, Canada, killing six people and injuring 35 others.
2013	9	24	world	history	A 7.7-magnitude earthquake strikes southern Pakistan, killing at least 327 people.
2013	9	29	world	history	Over 42 people are killed by members of Boko Haram at the College of Agriculture in Nigeria.
2013	10	3	world	history	At least 360 migrants are killed when their boat sinks near the Italian island of Lampedusa.
2013	10	11	world	history	A migrant boat sinks in the Channel of Sicily, with at least 359 people drowning.
2013	10	13	india	history	A stampede occurs in India during the Hindu festival Navratri, killing 115 and injuring more than 110.
2013	10	15	world	history	The 7.2 Mw Bohol earthquake strikes the Philippines. At least 215 were killed.
2013	10	19	world	history	One hundred and five people are injured in a train crash in Buenos Aires.
2013	10	28	world	history	Five people are killed and 38 are injured after a car crashes into barriers at Tiananmen Square in China.
2013	11	5	india	science	Mangalyaan (Mars Orbiter Mission) launched (5 November)
2013	11	18	world	science	NASA launches the MAVEN probe to Mars.
2013	11	24	world	science	Iran signs an interim agreement with the P5+1 countries, limiting its nuclear program in exchange for reduced sanctions.
2013	12	16	world	history	A bus falls from an elevated highway in Manila, capital of the Philippines, killing at least 18 people with 20 injured.
2013	12	26	world	history	An Irkut-Avia Antonov An-12 crashes on approach to Irkutsk Northwest Airport, killing all nine people on board.
2014	1	5	india	science	A launch of the communication satellite GSAT-14 aboard the GSLV MK.II D5 marks the first successful flight of an Indian cryogenic engine.
2014	1	9	world	science	An explosion at a Mitsubishi Materials chemical plant in Yokkaichi, Japan, kills at least five people and injures 17 others.
2014	1	19	world	history	A bomb attack on an army convoy in the city of Bannu kills at least 26 Pakistani soldiers and injures 38 others.
2014	1	21	world	history	Rojava conflict: The Jazira Canton declares its autonomy from the Syrian Arab Republic.
2014	1	27	world	history	Rojava conflict: The Kobanî Canton declares its autonomy from the Syrian Arab Republic.
2014	1	29	world	history	Rojava conflict: The Afrin Canton declares its autonomy from the Syrian Arab Republic.
2014	2	3	world	history	A school shooting in Moscow, Russia leaves two people dead and one wounded.
2014	2	8	world	history	A hotel fire in Medina, Saudi Arabia, kills 15 Egyptian pilgrims with 130 others injured.
2014	3	29	world	history	The first same-sex marriages in England and Wales are performed.
2014	4	13	world	history	Three people are killed in a shooting in Overland Park, Kansas.
2014	4	14	world	history	Two bombs detonate at a bus station in Nyanya, Nigeria, killing at least 88 people and injuring hundreds. Boko Haram claims responsibility.
2014	4	30	world	history	A bomb blast in Ürümqi, China kills three people and injures 79 others.
2014	5	2	world	history	Two mudslides in Badakhshan, Afghanistan, leave up to 2,500 people missing.
2014	5	11	world	history	Fifteen people are killed and 46 injured in Kinshasa, DRC, in a stampede caused by tear gas being thrown into soccer stands by police officers.
2014	5	13	world	history	An explosion at an underground coal mine in southwest Turkey kills 301 miners.
2014	5	16	world	history	Twelve people are killed in two explosions in the Gikomba market area of Nairobi, Kenya.
2014	5	21	world	history	Random killings occur on the Bannan Line of the Taipei MRT, killing four and injuring 24.
2014	5	24	world	history	A 6.4 magnitude earthquake occurs in the Aegean Sea between Greece and Turkey, injuring 324 people.
2014	5	24	world	history	At least three people are killed in a shooting at Brussels' Jewish Museum of Belgium.
2014	5	26	india	history	Narendra Modi takes oath as the 15th Prime Minister of India.
2014	6	2	india	history	Telangana officially becomes the 29th state of India, formed from ten districts of northwestern Andhra Pradesh.
2014	6	27	india	history	At least fourteen people are killed when a Gas Authority of India Limited pipeline explodes in the East Godavari district of Andhra Pradesh, India.
2014	7	8	world	science	Israel launches an offensive on Gaza amid rising tensions following the kidnapping and murder of three Israeli teenagers.
2014	7	13	world	history	Germany wins the FIFA World Cup, defeating Argentina in the final 1–0 after extra time.
2014	8	24	world	history	A magnitude 6.0 earthquake strikes the San Francisco Bay Area; it is the largest in that area since 1989.
2014	9	24	india	science	Mangalyaan enters Mars orbit on its first try (24 September)
2014	9	24	india	science	The Mars Orbiter Mission makes India the first Asian nation to reach Mars orbit, and the first nation in the world to do so in its first attempt.
2014	11	12	world	science	The Philae lander, deployed from the European Space Agency's Rosetta probe, reaches the surface of Comet 67P/Churyumov–Gerasimenko.
2014	11	22	world	history	While playing with a toy gun in Cleveland, 12-year-old African American Tamir Rice is killed by a white police officer.
2014	12	7	world	history	The annual furry convention Midwest FurFest is targeted in an unsolved chlorine gas attack.
2014	12	16	world	history	Tehrik-i-Taliban Pakistan militants attack an Army Public School in Peshawar, Pakistan, killing 150 people, 132 of them schoolchildren.
2014	12	28	world	history	Indonesia AirAsia Flight 8501 crashes into the Karimata Strait en route from Surabaya to Singapore, killing all 162 people aboard.
2015	1	3	world	history	Boko Haram militants destroy the entire town of Baga in north-east Nigeria, starting the Baga massacre and killing as many as 2,000 people.
2015	1	7	world	history	A car bomb explodes outside a police college in the Yemeni capital Sanaa with at least 38 people reported dead and more than 63 injured.
2015	1	9	world	history	A mass poisoning at a funeral in Mozambique involving beer that was contaminated with Burkholderia gladioli leaves 75 dead and over 230 people ill.
2015	1	12	world	history	Government raids kill 143 Boko Haram fighters in Kolofata, Cameroon.
2015	1	15	world	history	The Swiss National Bank abandons the cap on the Swiss franc's value relative to the euro, causing turmoil in international financial markets.
2015	1	26	world	history	An aircraft crashes at Los Llanos Air Base in Albacete, Spain, killing 11 people and injuring 21 others.
2015	2	17	world	history	Eighteen people are killed and 78 injured in a stampede at a Mardi Gras parade in Haiti.
2015	2	25	world	history	At least 310 people are killed in avalanches in northeastern Afghanistan.
2015	3	24	world	history	Germanwings Flight 9525 crashes in the French Alps in an apparent pilot mass murder-suicide, killing all 150 people on board.
2015	4	20	world	history	Ten people are killed in a bomb attack on a convoy carrying food supplies to a United Nations compound in Garowe in the Somali region of Puntland.
2015	6	1	world	history	A ship carrying 458 people capsizes in the Yangtze river in China's Hubei province, killing 442 people.
2015	6	22	world	history	The Afghan National Assembly building is attacked by gunmen after a suicide bombing. All six of the gunmen are killed and 18 people are injured.
2015	7	4	world	history	Chile claims its first title in international football by defeating Argentina in the 2015 Copa América final.
2015	7	14	world	history	NASA's New Horizons probe performs the first flyby of Pluto, and thus completes the initial survey of the Solar System.
2015	7	20	world	history	The United States and Cuba resume full diplomatic relations after five decades.
2015	7	23	world	science	NASA announces discovery of Kepler-452b by the Kepler space telescope.
2015	7	27	india	history	Seven people are killed and many injured after gunmen attack an Indian police station in Punjab.
2015	7	29	world	science	The first piece of suspected debris from Malaysia Airlines Flight 370 is discovered on Réunion Island.
2015	8	6	world	history	A suicide bomb attack kills at least 15 people at a mosque in the Saudi city of Abha.
2015	8	14	world	history	The U.S. Embassy in Havana, Cuba re-opens after 54 years of being closed when Cuba–United States relations were broken off.
2015	8	15	world	history	North Korea moves its clock back half an hour to introduce Pyongyang Time, 81⁄2 hours ahead of UTC.
2015	9	14	world	science	LIGO detects gravitational waves (14 September)
2015	9	14	world	history	The first observation of gravitational waves is made, announced by the LIGO and Virgo collaborations on 11 February 2016.
2015	9	24	world	history	At least 1,100 people are killed and another 934 wounded after a stampede during the Hajj in Saudi Arabia.
2015	10	3	world	history	Forty-two people are killed and 33 go missing in the Kunduz hospital airstrike in Afghanistan.
2015	10	26	world	history	A 7.5 magnitude earthquake strikes in the Hindu Kush mountain range in South Asia, killing 399 people and leaving 2,536 people injured.
2015	11	5	world	history	Rona Ambrose takes over after Stephen Harper as the Leader of the Conservative Party of Canada.
2015	11	12	world	history	Two suicide bombers detonate explosives in Bourj el-Barajneh, Beirut, killing 43 people and injuring over 200 others.
2015	11	24	world	history	An explosion on a bus carrying Tunisian Presidential Guard personnel in Tunisia's capital Tunis leaves at least 14 people dead.
2015	12	2	world	history	San Bernardino attack: Syed Rizwan Farook and Tashfeen Malik kill 14 people and wound 22 at the Inland Regional Center in San Bernardino, California.
2015	12	6	world	history	Venezuelan parliamentary election: For the first time in 17 years, the United Socialist Party of Venezuela loses its majority in parliament.
2015	12	7	world	history	The JAXA probe Akatsuki successfully enters orbit around Venus five years after the first attempt.
2015	12	12	world	history	The Paris Agreement relating to United Nations Framework Convention on Climate Change is adopted.
2015	12	26	world	history	A violent EF-4 tornado hits Garland, Texas, killing nine and injuring almost 500 others.
2016	1	3	world	history	In response to the execution of Nimr al-Nimr, Iran ends its diplomatic relations with Saudi Arabia.
2016	1	12	world	history	Ten people are killed and 15 wounded in a bombing near the Blue Mosque in Istanbul.
2016	1	17	world	science	President Barack Obama announces the Joint Comprehensive Plan of Action, an agreement intended to limit Iran's nuclear program.
2016	2	5	world	history	New Zealand politician Steven Joyce is hit by a flung rubber dildo in a Waitangi Day protest.
2016	2	9	world	history	Two passenger trains collide in the German town of Bad Aibling in the state of Bavaria. Twelve people die and 85 others are injured.
2016	2	17	world	history	Military vehicles explode outside a Turkish Armed Forces barracks in Ankara, Turkey, killing at least 29 people and injuring 61 others.
2016	2	25	world	history	Three people are killed and fourteen others injured in a series of shootings in the small Kansas cities of Newton and Hesston.
2016	3	31	world	science	NASA astronaut Scott Kelly and Roscosmos cosmonaut Mikhail Kornienko return to Earth after a yearlong mission at the International Space Station.
2016	4	10	india	history	An earthquake of 6.6 magnitude strikes 39 km west-southwest of Ashkasham, impacting India, Afghanistan, Tajikistan, Srinagar and Pakistan.
2016	4	22	world	history	The Paris Agreement is signed, an agreement to help fight global warming.
2016	5	11	world	history	One hundred and ten people are killed in an ISIL bombing in Baghdad.
2016	5	27	world	history	Barack Obama is the first president of the United States to visit Hiroshima Peace Memorial Park and meet Hibakusha.
2016	6	23	world	history	Brexit:  The United Kingdom votes in a referendum to leave the European Union, by 52% to 48%.
2016	7	13	world	history	Prime Minister of the United Kingdom David Cameron resigns, and is succeeded by Theresa May.
2016	8	24	world	history	An earthquake strikes Central Italy with a magnitude of 6.2, with aftershocks felt as far as Rome and Florence. Around 300 people are killed.
2016	9	3	world	history	The U.S. and China, together responsible for 40% of the world's carbon emissions, both formally ratify the Paris global climate agreement.
2016	9	8	world	science	NASA launches OSIRIS-REx, its first asteroid sample return mission. The probe visited 101955 Bennu and returned with samples in September 2023.
2016	9	29	india	history	Eleven days after the Uri attack, the Indian Army conducts "surgical strikes" against suspected militants in Pakistani-administered Kashmir.
2016	10	2	world	history	Ethiopian protests break out during a festival in the Oromia region, killing dozens of people.
2016	10	7	world	history	In the wake of Hurricane Matthew, the death toll rises to over 800.
2016	10	9	world	science	The Arakan Rohingya Salvation Army launches its first attack on Myanmar security forces along the Bangladesh–Myanmar border.
2016	10	13	world	history	The Maldives announces its decision to withdraw from the Commonwealth of Nations.
2016	11	2	india	history	The Chicago Cubs defeat the Cleveland Indians in the World Series, ending the longest Major League Baseball championship drought at 108 years.
2016	11	6	world	science	Syrian civil war: The Syrian Democratic Forces launch an offensive to capture the ISIL-held city of Raqqa.
2016	11	28	world	history	LaMia Flight 2933 crashes near Medellín, Colombia, killing 71 of 77 people on board, including members of the Brazilian football club Chapecoense
2016	12	2	world	history	Thirty-six people die in a fire at a converted Oakland, California, warehouse serving as an artist collective.
2016	12	20	world	history	Aerosucre Flight 157 crashes during takeoff from Germán Olano Airport in Puerto Carreño, Colombia, killing five people.
2017	1	6	world	history	Five people are killed and six others injured in a mass shooting at Fort Lauderdale–Hollywood International Airport in Broward County, Florida.
2017	1	17	world	history	The search for Malaysia Airlines Flight 370 is announced to be suspended.
2017	1	29	world	history	A gunman opens fire at the Islamic Cultural Centre of Quebec City, killing six people and wounding 19 others in a spree shooting.
2017	2	15	india	science	ISRO launches 104 satellites on one rocket (15 February)
2017	4	4	world	science	Syria conducts an air strike on Khan Shaykhun using chemical weapons, killing 89 civilians.
2017	4	7	world	science	U.S. President Donald Trump orders the 2017 Shayrat missile strike against Syria in retaliation for the Khan Shaykhun chemical attack.
2017	5	27	world	history	Andrew Scheer takes over after Rona Ambrose as the leader of the Conservative Party of Canada.
2017	5	31	world	history	A car bomb explodes in a crowded intersection in Kabul near the German embassy during rush hour, killing over 90 and injuring 463.
2017	6	7	world	history	A Myanmar Air Force Shaanxi Y-8 crashes into the Andaman Sea near Dawei, Myanmar, killing all 122 aboard.
2017	6	23	world	history	A series of terrorist attacks take place in Pakistan, resulting in 96 deaths and wounding 200 others.
2017	7	28	world	history	Nawaz Sharif was disqualified from office for life by Supreme Court of Pakistan after finding him guilty of corruption charges.
2017	8	24	world	science	The National Space Agency of Taiwan successfully launches the observation satellite Formosat-5 into space.
2017	10	20	world	history	Syrian civil war: The Syrian Democratic Forces (SDF) declare victory in the Raqqa campaign.
2017	10	27	world	history	Catalonia declares independence from Spain.
2017	11	5	world	history	Devin Patrick Kelley kills 26 and injures 22 in a church in Sutherland Springs, Texas.
2017	11	7	world	history	Shamshad TV is attacked by gunmen and suicide bombers, with a security guard killed and 20 people wounded; ISIS claims responsibility for the attack.
2017	11	24	world	history	A terrorist attack on a Mosque in Al-Rawda, North Sinai, Egypt kills 311 people and injures 128.
2017	12	6	world	history	Donald Trump's administration officially announces the recognition of Jerusalem as the capital of Israel.
2018	1	13	world	history	A false emergency alert warning of an impending missile strike in Hawaii causes widespread panic in the state.
2018	1	16	world	history	Myanmar police open fire on a group of ethnic Rakhine protesters, killing seven and wounding twelve.
2018	1	23	world	history	The China–United States trade war begins when President Donald Trump places tariffs on Chinese solar panels and washing machines.
2018	1	24	world	history	Former doctor Larry Nassar is sentenced up to 175 years in prison after being found guilty of using his position to sexually abuse female gymnasts.
2018	2	9	world	history	Winter Olympics: Opening ceremony is performed in Pyeongchang County in South Korea.
2018	2	18	world	history	Iran Aseman Airlines Flight 3704 crashes in the Dena sub-range in the Zagros Mountains of Iran, Resulting in 66 Deaths
2018	3	11	world	history	A Bombardier Challenger 604 crashes into the Zagros Mountains near the Iranian city of Shar-e-kord, killing all 11 people on board.
2018	3	24	world	history	Students across the United States stage the March for Our Lives demanding gun control in response to the Stoneman Douglas High School shooting.
2018	3	30	world	history	The Israeli Army kills 17 Palestinians and wounds 1,400 in Gaza during Land Day protests.
2018	4	7	world	science	Syria launches the Douma chemical attack during the Eastern Ghouta offensive of the Syrian Civil War.
2018	4	11	world	history	An Ilyushin Il-76 owned and operated by the Algerian Air Force crashes near Boufarik, Algeria, killing 257.
2018	4	18	world	history	King Mswati III of Swaziland announces that his country's name will change to Eswatini.
2018	4	27	world	history	The Panmunjom Declaration is signed between North and South Korea, officially declaring their intentions to end the Korean conflict.
2018	5	25	world	history	The General Data Protection Regulation (GDPR) becomes enforceable in the European Union.
2018	6	12	world	history	United States President Donald Trump and Kim Jong-un of North Korea hold the first meeting between leaders of their two countries in Singapore.
2018	7	15	world	history	France win their second World Cup title, defeating Croatia 4–2.
2018	7	19	world	history	The Knesset passes the controversial Nationality Bill, which defines the State of Israel as the nation-state of the Jewish people.
2018	7	28	world	history	Australian Wendy Tuck becomes the first female skipper to win the Clipper Round the World Yacht Race.
2018	8	14	world	history	The collapse of the Ponte Morandi bridge in Genoa, Italy, left 16 people injured and 43 people killed.
2018	9	20	world	history	At least 161 people die after a ferry capsizes close to the pier on Ukara Island in Lake Victoria, Tanzania.
2018	9	25	world	history	Bill Cosby is sentenced to three to ten years in prison for aggravated sexual assault.
2018	10	2	world	history	The Washington Post journalist Jamal Khashoggi is assassinated in the Saudi consulate in Istanbul, Turkey.
2018	10	11	world	science	Soyuz MS-10, launching an intended crew for the ISS, suffers an in-flight abort. The crew lands safely.
2018	10	15	world	science	13-year-old American girl, Jayme Closs, is kidnapped from her Barron, Wisconsin home after her parents were both murdered.
2018	10	21	world	history	A passenger train derails in Yilan County, Taiwan, killing 18 people and injuring 187.
2018	10	27	world	history	A gunman opens fire on a Pittsburgh synagogue killing eleven and injuring six, including four police officers.
2018	12	1	world	history	The Oulu Police informed the public about the first offence of the much larger child sexual exploitation in Oulu, Finland.
2018	12	22	world	history	The 2018–2019 United States federal government shutdown, the second-longest shutdown of the U.S. federal government in history, begins.
2019	1	3	world	science	Chang'e 4 makes the first soft landing on the far side of the Moon, deploying the Yutu-2 lunar rover.
2019	1	4	world	history	A fire in an escape room in Koszalin, Poland, kills five teenagers through carbon monoxide poisoning.
2019	1	6	world	history	Muhammad V of Kelantan resigns as the Yang di-Pertuan Agong of Malaysia, becoming the first monarch to do so.
2019	1	14	world	history	A Saha Airlines Boeing 707 crashes at Fath Air Base near Karaj in Alborz Province, Iran, killing 15 people.
2019	1	15	world	history	Somali militants attack the DusitD2 hotel in Nairobi, Kenya killing at least 21 people and injuring 19.
2019	2	5	world	history	Pope Francis becomes the first Pope in history to visit and perform papal mass in the Arabian Peninsula during his visit to Abu Dhabi.
2019	2	26	india	history	Indian Air Force fighter-jets target Jaish-e-Mohammed terrorist training camps in Balakot, Pakistan.
2019	4	18	world	history	A redacted version of the Mueller report is released to the United States Congress and the public.
2019	4	21	world	history	Eight bombs explode at churches, hotels, and other locations in Sri Lanka on Easter Sunday, killing at least 269.
2019	5	1	world	history	Naruhito ascends to the throne of Japan succeeding his father Akihito, beginning the Reiwa period.
2019	5	24	india	history	Twenty-two students die in a fire in Surat (India).
2019	5	31	world	history	A shooting occurs inside a municipal building at Virginia Beach, Virginia, leaving 13 people dead, including the shooter, and four others injured.
2019	7	7	world	history	The United States defeated the Netherlands 2–0 at the 2019 FIFA Women's World Cup final in Lyon, France.
2019	7	14	world	history	A GippsAero GA8 Airvan crashes in Umeå, Sweden, killing all nine aboard.
2019	7	20	world	science	Soyuz MS-13 is launched to the International Space Station on the 50th anniversary of the Apollo 11 moon landing.
2019	7	22	india	science	Chandrayaan-2 launched (22 July)
2019	7	24	world	history	Boris Johnson becomes Prime Minister of the United Kingdom after defeating Jeremy Hunt in a leadership contest, succeeding Theresa May.
2019	9	2	world	history	Hurricane Dorian, a category 5 hurricane, devastates the Bahamas, killing at least five.
2019	9	14	world	history	Yemen's Houthi rebels claim responsibility for an attack on Saudi Arabian oil facilities.
2019	9	23	world	history	Twenty people die on the first of two days of rioting in Papua and West Papua over an alleged racist incident.
2019	10	8	world	history	About 200 Extinction Rebellion activists block the gates of Leinster House (parliament) in the Republic of Ireland.
2019	10	13	world	history	Kenyan Brigid Kosgei sets a new world record for a woman runner with a time of 2:14:04 at the 2019 Chicago Marathon.
2019	11	17	world	history	The first known case of COVID-19 is traced to a 55-year-old man who had visited a market in Wuhan, Hubei Province, China.
2019	12	1	world	history	The outbreak of coronavirus infection begins in Wuhan.
2019	12	27	world	history	Bek Air Flight 2100 crashes during takeoff from Almaty International Airport in Almaty, Kazakhstan, killing 13.
2020	1	7	world	history	The 6.4Mw 2019–20 Puerto Rico earthquakes kill four and injure nine in southern Puerto Rico.
2020	1	11	world	history	COVID-19 pandemic in Hubei: Municipal health officials in Wuhan announce the first recorded death from COVID-19.
2020	1	12	world	history	Taal Volcano in the Philippines erupts and kills 39 people.
2020	1	13	world	history	The Thai Ministry of Public Health confirms the first case of COVID-19 outside China.
2020	1	29	world	history	A plinth breaks between Coral Edge and Riviera in Singapore, Coral Edge closes one platform.
2020	1	30	world	history	The World Health Organization declares the COVID-19 pandemic to be a Public Health Emergency of International Concern.
2020	1	31	world	history	The United Kingdom's membership within the European Union ceases in accordance with Article 50, after 47 years of being a member state.
2020	2	4	world	history	The COVID-19 pandemic causes all casinos in Macau to be closed down for 15 days.
2020	2	5	world	history	United States President Donald Trump is acquitted by the United States Senate in his first impeachment trial.
2020	2	5	world	history	Pegasus Airlines Flight 2193 overshoots the runway at Sabiha Gökçen International Airport and crashes, killing three people and injuring 179.
2020	3	11	world	history	The World Health Organization (WHO) declares the COVID-19 virus epidemic a pandemic.
2020	3	23	world	history	Prime Minister Boris Johnson puts the United Kingdom into its first national lockdown in response to COVID-19.
2020	4	7	world	history	COVID-19 pandemic: China ends its lockdown in Wuhan.
2020	4	19	world	history	A killing spree in Nova Scotia, Canada, leaves 22 people and the perpetrator dead, making it the deadliest rampage in the country's history.
2020	4	20	world	history	For the first time in history, oil prices drop below zero, an effect of the 2020 Russia-Saudi Arabia oil price war.
2020	5	9	world	history	The COVID-19 recession causes the U.S. unemployment rate to hit 14.9 percent, its worst rate since the Great Depression.
2020	7	13	world	history	After a five-day search, the body of American actress and singer Naya Rivera is recovered from Lake Piru in California, where she had drowned.
2020	7	30	world	science	NASA's Mars 2020 mission is launched on an Atlas V rocket from Cape Canaveral Air Force Station.
2020	8	4	world	history	Beirut Port explosion: At least 220 people are killed and over 5,000 are wounded when 2,700 tons of ammonium nitrate explodes in Beirut, Lebanon.
2020	8	10	world	history	Derecho in Iowa becomes the most costly thunderstorm disaster in U.S. history.
2020	8	24	world	history	Erin O'Toole is elected leader of the Conservative Party of Canada.
2020	9	4	world	history	Pope Benedict XVI becomes the longest-lived pope, 93 years, four months, 16 days, surpassing Pope Leo XIII, who died in 1903.
2020	10	8	world	history	Second Nagorno-Karabakh War: Azerbaijan twice targets the Church of the Holy Savior Ghazanchetsots of Shusha.
2020	11	2	world	history	In Vienna's Innere Stadt district, an ISIL sympathizer shoots and kills four people and injures 23 more, before being shot and killed by the police.
2020	11	7	world	history	Joe Biden is confirmed elected as the 46th president of the United States, defeating incumbent Donald Trump.
2020	11	18	world	science	The Utah monolith, built sometime in 2016 is discovered by state biologists of the Utah Division of Wildlife Resources.
2020	11	28	world	history	Over seven hundred civilians are massacred by the Ethiopian National Defense Force and Eritrean Army in Aksum, Ethiopia.
2020	12	2	world	history	Cannabis is removed from the list of most dangerous drugs of the international drug control treaty by the UN Commission on Narcotic Drugs.
2021	1	8	world	history	Twenty-three people are killed in what is described as a police ″massacre″ in La Vega, Caracas, Venezuela.
2021	1	26	india	history	Protesters and farmers storm the Red Fort near Delhi, clashing with police. One protester is killed and more than 80 police officers are injured.
2021	1	28	world	history	A nitrogen leak at a poultry food processing facility in Gainesville, Georgia kills six and injures at least ten.
2021	2	1	world	history	A coup d'état in Myanmar removes Aung San Suu Kyi from power and restores military rule.
2021	2	18	world	science	Perseverance, a Mars rover designed to explore Jezero crater on Mars, as part of NASA's Mars 2020 mission, lands successfully.
2021	2	26	world	science	A total of 279 female students aged between 10 and 17 are kidnapped by bandits in the Zamfara kidnapping in Zamfara State, Nigeria.
2021	3	11	world	history	US President Joe Biden signs the $1.9 trillion American Rescue Plan into law.
2021	3	29	world	history	The ship Ever Given is dislodged from the Suez Canal.
2021	4	21	world	history	Indonesian Navy submarine KRI Nanggala (402) sinks in the Bali Sea during a military drill, killing all 53 on board.
2021	5	14	world	science	China successfully lands Zhurong, the country's first Mars rover.
2021	5	26	world	history	Ten people are killed in a shooting at a VTA rail yard in San Jose, California, United States.
2021	7	6	world	history	An Antonov An-26 operating as Petropavlovsk-Kamchatsky Air Flight 251 crashes on approach to Palana Airport, killing all 28 aboard.
2021	7	7	world	history	Haitian crisis: Haitian President Jovenel Moïse is assassinated in his residence in the capital of Port-au-Prince.
2021	7	20	world	science	American businessman Jeff Bezos flies to space aboard New Shepard NS-16 operated by his private spaceflight company Blue Origin.
2021	8	14	world	history	A magnitude 7.2 earthquake strikes southwestern Haiti, killing at least 2,248 people and causing a humanitarian crisis.
2021	9	19	world	history	The Cumbre Vieja volcano, on the island of La Palma in the Canary Islands, erupts. The eruption lasts for almost three months, ending on December 13.
2021	10	3	world	history	Eight people are killed in an airplane crash near Milan, Italy.
2021	11	12	world	history	The Los Angeles Superior Court formally ends the 14-year conservatorship to pop singer Britney Spears.
2021	12	26	world	history	Three people are killed when a 14-year-old opens fire on civilians at a Texaco convenience store in Garland, Texas.
2022	1	5	world	history	Kazakh President Kassym-Jomart Tokayev dismisses Prime Minister Asqar Mamin and declares state of emergency over the 2022 Kazakh unrest.
2022	1	31	world	history	Sue Gray, a senior civil servant in the United Kingdom, publishes an initial version of her report on the Downing Street Partygate controversy.
2022	4	14	world	history	Russian invasion of Ukraine: The Russian warship Moskva is struck by two anti-ship missiles and sinks into the Black Sea.
2022	5	11	world	history	The Burmese military executes at least 37 villagers during the Mon Taing Pin massacre in Sagaing, Myanmar.
2022	5	14	world	history	Ten people are killed in a mass shooting in Buffalo, New York.
2022	5	20	world	history	Russo-Ukrainian war: Russia claims full control of the Ukrainian city of Mariupol after a nearly three-month siege.
2022	5	24	world	history	A mass shooting occurs at Robb Elementary School in Uvalde, Texas, United States, resulting in the deaths of 21 people, including 19 children.
2022	7	8	world	history	Former Japanese prime minister Shinzo Abe is shot and killed with an improvised firearm due to resentment against the Unification Church.
2022	7	28	world	history	Catastrophic floods devastate Eastern Kentucky, resulting in 45 fatalities and causing damage to thousands of homes and businesses.
2022	9	4	world	history	Ten people are killed and 15 are injured in  a stabbing spree in 13 locations on the James Smith Cree Nation and in Weldon, Saskatchewan.
2022	9	19	world	history	The state funeral of Queen Elizabeth II of the United Kingdom is held at Westminster Abbey, London.
2022	9	19	world	history	A strong earthquake kills 2 and injures over 30 in Mexico's state of Michoacán.
2022	10	3	world	science	Svante Pääbo is awarded the Nobel Prize in Physiology or Medicine.
2022	10	7	world	science	Ales Bialiatski, along with two organisations, Memorial and Center for Civil Liberties, are awarded the Nobel Peace Prize.
2022	10	7	world	history	Ten people are killed and eight are injured in an explosion at a petrol station in Creeslough, Ireland.
2022	11	2	world	history	A peace agreement is signed between the Ethiopian government and the Tigray People's Liberation Front, ending the Tigray War.
2022	11	11	world	history	Russo-Ukrainian War: Ukrainian armed forces enter the city of Kherson following a successful two-month southern counteroffensive.
2022	11	12	world	history	A Boeing B-17 Flying Fortress and a Bell P-63 Kingcobra collide in mid-air over Dallas Executive Airport during an airshow, killing six.
2022	11	13	world	history	A mass stabbing occurs in Moscow, Idaho in which four University of Idaho students are killed in off-campus housing.
2022	11	16	world	science	Artemis Program: NASA launches Artemis 1 on the first flight of the Space Launch System, the start of the program's future missions to the moon.
2022	11	22	world	history	A shooting at a Walmart in Chesapeake, Virginia leaves seven workers dead, including the shooter, and four others injured.
2022	12	16	world	history	A landslide occurs at a camp at an organic farm near the town of Batang Kali in Selangor, Malaysia, trapping 92 people and killing 31.
2022	12	21	world	science	A Vega C rocket carrying two Pléiades Neo satellites fails after liftoff.
2023	1	8	world	history	Supporters of former Brazil president Jair Bolsonaro storm the Brazilian Congress.
2023	1	27	world	history	A shooting at a synagogue in Neve Yaakov, East Jerusalem, kills seven people and injures three others.
2023	1	27	world	history	An attack on the Azerbaijani embassy in Pasdaran, Tehran, kills one person and injures three others.
2023	1	28	world	history	Protests begin in the United States after police beat and kill Tyre Nichols.
2023	3	11	world	history	The Burmese military kills at least 30 villagers, including 3 Buddhist monks, during the Pinlaung massacre in Shan State, Myanmar.
2023	3	24	world	history	An EF4 tornado strikes the towns of Rolling Fork and Silver City, Mississippi, causing mass destruction.
2023	3	30	world	history	Donald Trump becomes the first former United States president to be indicted by a grand jury.
2023	4	4	world	history	Finland becomes a member of NATO after Turkey accepts its membership request.
2023	4	10	world	history	A mass shooting occurs at the Old National Bank in Louisville, Kentucky, that leaves five victims dead and eight wounded.
2023	4	11	world	history	During the Pazigyi massacre, an airstrike conducted by the Myanmar Air Force kills at least 100 villagers in Pazigyi, Sagaing Region.
2023	4	13	world	history	The house of Jack Teixeira is raided in an investigation into leaked Pentagon documents; he is arrested on the same day.
2023	4	14	world	science	The Jupiter Icy Moons Explorer (JUICE) is launched by the European Space Agency.
2023	5	5	world	history	The World Health Organization declares the end of the COVID-19 pandemic as a global health emergency.
2023	5	9	world	history	The May 9 riots following the arrest of Imran Khan in Pakistan.
2023	6	6	world	history	Russo-Ukrainian war: The Kakhovka Dam is destroyed.
2023	6	13	world	history	At least 100 people are killed when a wedding boat capsizes on the Niger River in Kwara State, Nigeria.
2023	6	13	world	history	Three people are killed and another three injured in an early morning stabbing and van ramming attack in Nottingham, England.
2023	6	24	world	science	The Wagner Group led by Yevgeny Prigozhin launches an insurrection against the Russian government.
2023	8	1	world	history	Former US President Donald Trump is indicted for his role in the January 6 United States Capitol attack, his third indictment in 2023.
2023	8	23	india	science	Chandrayaan-3 lands near the Moon's south pole (23 August)
2023	8	30	world	history	Gabonese coup d'état: After Ali Bongo Ondimba's reelection, a military coup ousts him, ending 56 years of Bongo family rule in Gabon.
2023	9	8	world	history	A magnitude 6.9 earthquake strikes Morocco, killing nearly 3,000 people and damaging historic sites in Marrakesh.
2023	9	24	world	history	NASA's OSIRIS-REx capsule containing samples from the asteroid 101955 Bennu successfully lands back on Earth.
2023	10	3	world	history	Wab Kinew is elected to be the first First Nations Premier of a Canadian province in the 2023 Manitoba general election
2023	10	25	world	history	A mass shooting occurs in two locations in Lewiston, Maine. 18 people are killed and 13 more injured.
2023	11	7	world	history	António Costa resigns as Prime Minister of Portugal following news of an investigation in a corruption scandal implicating members of his cabinet.
2023	11	24	world	history	Hibiscus Rising, commemorating David Oluwale, is unveiled in Leeds.
2023	12	21	world	history	Fourteen people are killed and 25 others injured during a mass shooting at Charles University in Prague, Czech Republic.
2024	1	1	world	history	Disney's copyright protection on Steamboat Willie and the original Mickey Mouse expires as they enter the public domain.
2024	1	2	world	history	Two aircraft collide on a runway at Haneda Airport in Tokyo, killing 5 and injuring 18.
2024	1	14	world	history	Queen Margrethe II abdicates as Queen of Denmark and is succeeded by her son, Frederik X.
2024	1	19	world	science	The Japan Aerospace Exploration Agency's probe lands on the moon, making Japan the 5th country to land a spacecraft on the moon.
2024	1	22	india	history	Ram Mandir is inaugurated by Indian Prime Minister Narendra Modi at Ayodhya, Uttar Pradesh after 500 years of dispute.
2024	1	23	world	history	Northwestern Air Flight 738 crashes after takeoff from Fort Smith Airport, Northwest Territories, Canada, killing six people.
2024	1	24	world	history	An Ilyushin Il-76 crashes in Russia's Korochansky District, killing all 74 people on board.
2024	2	7	world	history	Pakistan election offices are hit by twin bombings, killing at least 24 people a day before general elections.
2024	5	11	world	history	Start/Middle of the May 2024 Solar Storms, the most powerful set of geomagnetic storms since the 2003 Halloween solar storms.
2024	5	15	world	history	Prime Minister of Slovakia Robert Fico is shot and critically injured while meeting with supporters at an event in Handlová.
2024	5	21	world	history	A stabbing spree on the Green line of the Taichung MRT injures four people, including the perpetrator.
2024	6	6	world	science	The launch of SpaceX Starship integrated flight test 4 (IFT-4)
2024	6	10	world	history	A plane crash in Malawi leaves 10 people dead, including the country's Vice President Saulos Chilima.
2024	6	12	world	history	A fire in a residential building in Mangaf, Kuwait City kills at least 50 people.
2024	7	2	india	history	A stampede during a religious event in Uttar Pradesh, India, leaves at least 121 people dead and 150 others injured.
2024	7	24	world	history	A Saurya Airlines Bombardier CRJ200 crashes during takeoff from Tribhuvan International Airport in Kathmandu, Nepal, killing 18.
2024	7	30	india	history	A series of landslides occurs in Kerala, India, causing over 420 fatalities.
2024	8	9	world	history	Voepass Linhas Aéreas Flight 2283 crashes near Vinhedo, São Paulo, killing all 62 people on board.
2024	8	10	world	history	Israel strikes Al-Tabaeen school in eastern Gaza City, killing at least 80 Palestinians.
2024	9	2	world	history	At least 129 inmates are killed and 59 more injured in an attempted prison break at Makala Prison in Kinshasa, Democratic Republic of the Congo.
2024	9	4	world	history	A 14-year-old gunman kills four people and injures seven in a mass shooting at Apalachee High School near Winder, Georgia.
2024	9	23	world	science	Israel launches airstrikes against Hezbollah targets in Lebanon, killing more than 490 people.
2024	10	3	india	history	Bengali, Assamese, Marathi, Pali and Prakrit are accorded the Classical language status by the Government of India
2024	10	3	world	history	"Thick of It", a single by British Internet personality and rapper KSI featuring Trippie Redd, is released.
2024	11	27	world	science	Syrian rebel groups led by Hay'at Tahrir al-Sham launch a ground offensive into Syria.
2024	12	7	world	history	Battle of Damascus (2024): Syrian opposition forces enter the Rif Dimashq Governorate, reaching within 20 km of the capital Damascus.
2024	12	16	world	history	The Abundant Life Christian School shooting in Madison, Wisconsin, United States, takes place, resulting in the death of three people.
2024	12	20	world	history	Six people are killed and over 200 are injured when an anti-Islam activist drives a car into a crowd at a Christmas market in Magdeburg, Germany.
2025	1	1	world	history	Fourteen people are killed and 57 others injured during a vehicle-ramming and shooting attack in New Orleans, Louisiana.
2025	1	6	world	history	Justin Trudeau announces his resignation as leader of the Liberal Party of Canada and Prime Minister of Canada after nine years in office.
2025	1	7	world	history	A series of wildfires ravage the Greater Los Angeles area, resulting in at least 16 deaths and 13,401 structures destroyed.
2025	1	21	world	history	A fire at the Grand Kartal Hotel in the Kartalkaya ski resort in Bolu Province, Turkey, results in 78 people dead and 51 injured.
2025	1	29	world	history	A chartered Beechcraft 1900 crashes near the Unity oilfield in South Sudan, killing 20 people.
2025	1	31	world	history	Med Jets Flight 056 crashes near Roosevelt Mall in Philadelphia, Pennsylvania, killing 8 people and injuring 23.
2025	2	4	world	history	Ten people are killed in a mass shooting at an adult education centre in Örebro, Sweden.
2025	4	13	world	history	Rory McIlroy wins the Masters Tournament, becoming just the sixth person to complete the Grand Slam in golf.
2025	4	26	world	history	A car ramming attack at a Lapu-Lapu Day festival kills 11 people and injures at least 30 in Vancouver, Canada.
2025	5	16	world	history	A devastating EF4 tornado kills nineteen people in Southeast Kentucky, hitting the towns of Somerset and London.
2025	5	26	world	history	65 people are injured when a car rams into a crowd on Water Street, near Liverpool F.C.'s Premier League trophy parade.
2025	6	10	world	history	Eleven people are killed, including the perpetrator, and eleven others are injured, in a mass shooting at a secondary school in Graz, Austria.
2025	6	22	world	science	The United States conducts airstrikes on three Iranian nuclear sites in Fordow, Natanz, and Isfahan.
2025	7	4	world	history	The Oasis Live '25 tour begins in Principality Stadium, Cardiff, ending a 16-year hiatus.
2025	7	24	world	history	Angara Airlines Flight 2311 crashes on approach to Tynda Airport, killing all 48 people on board.
2025	8	15	world	history	US president Donald Trump meets with Russian president Vladimir Putin in Alaska, the first such summit since the 2022 Russian invasion of Ukraine.
2025	9	8	world	history	Balçova police station shooting: Four people, including the perpetrator are killed an attack on a police station in Turkey.
2025	9	9	world	history	Six people are killed when Israel carries out an airstrike on Doha in a failed attempt to decapitate the Hamas leadership.
2025	10	2	world	history	2 people are killed and at least 4 others injured in an attack on a synagogue in Manchester, UK, during Yom Kippur.
2025	10	14	world	history	A coup d'état successfully overthrows Malagasy president Andry Rajoelina.
2025	10	19	world	history	Pieces of the French Crown Jewels are successfully stolen during a heist on the Louvre Museum in Paris..
2025	11	6	world	history	Canadian ostrich cull: The Government of Canada kills 314 ostriches after H5N8 is detected in an ostrich farm in Edgewood, BC.
2025	12	7	world	history	British racing driver Lando Norris wins the Formula One World Drivers' Championship in 2025 with McLaren.
2025	12	26	world	history	Israel recognises Somaliland as an independent state, becoming the first country to do so.
2025	12	27	world	history	An estimated €30 million were stolen from a Sparkasse bank in Gelsenkirchen, Germany.
2025	12	28	world	history	Unrest in the form of mass protests erupt across Iran, the largest uprising in the country since the Iranian Revolution.
2026	1	14	world	history	Thirty-two people are killed when a crane falls onto a passenger train in Sikhio district, Thailand.
2026	1	17	world	history	Indonesia Air Transport ATR 42 crashed near Mount Bulusaraung in South Sulawesi, after losing contact en route to Makassar.
2026	1	24	world	history	At least 70 people are killed and 10 others missing after major landslides in West Java, Indonesia.
2026	1	28	world	history	The Rubaya mine collapse at Rubaya mines in DR Congo causes at least 400 deaths and injured several others.
2026	2	3	world	science	Islamist militants massacred at least 162 while injuring and kidnapping dozens in two villages in Kwara State, Nigeria.
2026	2	26	world	history	The government of Pakistan declares "open war" against the Taliban in Afghanistan, initiating the 2026 Afghanistan–Pakistan War.
2026	3	10	world	history	Bam Adebayo of the Miami Heat recorded the second-highest scoring game in NBA history with 83 Points.
2026	4	18	world	history	Seven people are killed and fourteen others are injured in a mass shooting in Kyiv, Ukraine
2026	5	24	world	history	A suicide bombing targeting a shuttle train in Quetta, Balochistan, killed at least 48 people and injured 98 others.
2026	6	12	world	science	South African-American businessman Elon Musk becomes the first US$ trillionaire with the initial public offering of SpaceX.
